-- MySQL dump 10.13  Distrib 8.2.0, for macos13.5 (arm64)
--
-- Host: localhost    Database: resetlyticsdb
-- ------------------------------------------------------
-- Server version	8.2.0

/*!40101 SET @OLD_CHARACTER_SET_CLIENT=@@CHARACTER_SET_CLIENT */;
/*!40101 SET @OLD_CHARACTER_SET_RESULTS=@@CHARACTER_SET_RESULTS */;
/*!40101 SET @OLD_COLLATION_CONNECTION=@@COLLATION_CONNECTION */;
/*!50503 SET NAMES utf8mb4 */;
/*!40103 SET @OLD_TIME_ZONE=@@TIME_ZONE */;
/*!40103 SET TIME_ZONE='+00:00' */;
/*!40014 SET @OLD_UNIQUE_CHECKS=@@UNIQUE_CHECKS, UNIQUE_CHECKS=0 */;
/*!40014 SET @OLD_FOREIGN_KEY_CHECKS=@@FOREIGN_KEY_CHECKS, FOREIGN_KEY_CHECKS=0 */;
/*!40101 SET @OLD_SQL_MODE=@@SQL_MODE, SQL_MODE='NO_AUTO_VALUE_ON_ZERO' */;
/*!40111 SET @OLD_SQL_NOTES=@@SQL_NOTES, SQL_NOTES=0 */;

--
-- Table structure for table `allservicequality`
--

DROP TABLE IF EXISTS `allservicequality`;
/*!40101 SET @saved_cs_client     = @@character_set_client */;
/*!50503 SET character_set_client = utf8mb4 */;
CREATE TABLE `allservicequality` (
  `id` bigint NOT NULL AUTO_INCREMENT,
  `updated_at` datetime(6) NOT NULL,
  `demographics_id` bigint DEFAULT NULL,
  `environment_id` bigint DEFAULT NULL,
  `reservation_id` bigint DEFAULT NULL,
  `satisfaction_id` bigint DEFAULT NULL,
  `service_id` bigint DEFAULT NULL,
  `staff_id` bigint DEFAULT NULL,
  `sustainability_id` bigint DEFAULT NULL,
  `technology_id` bigint DEFAULT NULL,
  `year` int unsigned NOT NULL,
  PRIMARY KEY (`id`),
  KEY `allservicequality_demographics_id_a60c5061_fk_indicator_id` (`demographics_id`),
  KEY `allservicequality_environment_id_051b2737_fk_indicator_id` (`environment_id`),
  KEY `allservicequality_reservation_id_1f446c47_fk_indicator_id` (`reservation_id`),
  KEY `allservicequality_satisfaction_id_ee7ef79c_fk_indicator_id` (`satisfaction_id`),
  KEY `allservicequality_service_id_ab1cfa53_fk_indicator_id` (`service_id`),
  KEY `allservicequality_staff_id_d76c4556_fk_indicator_id` (`staff_id`),
  KEY `allservicequality_sustainability_id_27bc3284_fk_indicator_id` (`sustainability_id`),
  KEY `allservicequality_technology_id_b13546a5_fk_indicator_id` (`technology_id`),
  CONSTRAINT `allservicequality_demographics_id_a60c5061_fk_indicator_id` FOREIGN KEY (`demographics_id`) REFERENCES `indicator` (`id`),
  CONSTRAINT `allservicequality_environment_id_051b2737_fk_indicator_id` FOREIGN KEY (`environment_id`) REFERENCES `indicator` (`id`),
  CONSTRAINT `allservicequality_reservation_id_1f446c47_fk_indicator_id` FOREIGN KEY (`reservation_id`) REFERENCES `indicator` (`id`),
  CONSTRAINT `allservicequality_satisfaction_id_ee7ef79c_fk_indicator_id` FOREIGN KEY (`satisfaction_id`) REFERENCES `indicator` (`id`),
  CONSTRAINT `allservicequality_service_id_ab1cfa53_fk_indicator_id` FOREIGN KEY (`service_id`) REFERENCES `indicator` (`id`),
  CONSTRAINT `allservicequality_staff_id_d76c4556_fk_indicator_id` FOREIGN KEY (`staff_id`) REFERENCES `indicator` (`id`),
  CONSTRAINT `allservicequality_sustainability_id_27bc3284_fk_indicator_id` FOREIGN KEY (`sustainability_id`) REFERENCES `indicator` (`id`),
  CONSTRAINT `allservicequality_technology_id_b13546a5_fk_indicator_id` FOREIGN KEY (`technology_id`) REFERENCES `indicator` (`id`),
  CONSTRAINT `allservicequality_chk_1` CHECK ((`year` >= 0))
) ENGINE=InnoDB AUTO_INCREMENT=2 DEFAULT CHARSET=utf8mb4 COLLATE=utf8mb4_0900_ai_ci;
/*!40101 SET character_set_client = @saved_cs_client */;

--
-- Dumping data for table `allservicequality`
--

LOCK TABLES `allservicequality` WRITE;
/*!40000 ALTER TABLE `allservicequality` DISABLE KEYS */;
INSERT INTO `allservicequality` VALUES (1,'2014-02-10 00:00:00.000000',8,2,3,7,1,5,6,4,2024);
/*!40000 ALTER TABLE `allservicequality` ENABLE KEYS */;
UNLOCK TABLES;

--
-- Table structure for table `allsustainability`
--

DROP TABLE IF EXISTS `allsustainability`;
/*!40101 SET @saved_cs_client     = @@character_set_client */;
/*!50503 SET character_set_client = utf8mb4 */;
CREATE TABLE `allsustainability` (
  `id` bigint NOT NULL AUTO_INCREMENT,
  `updated_at` datetime(6) NOT NULL,
  `demographics_id` bigint DEFAULT NULL,
  `economic_id` bigint DEFAULT NULL,
  `environment_id` bigint DEFAULT NULL,
  `social_id` bigint DEFAULT NULL,
  `year` int unsigned NOT NULL,
  PRIMARY KEY (`id`),
  KEY `allsustainability_demographics_id_73a76ef7_fk_indicator_id` (`demographics_id`),
  KEY `allsustainability_economic_id_3dc0633e_fk_indicator_id` (`economic_id`),
  KEY `allsustainability_environment_id_5846e295_fk_indicator_id` (`environment_id`),
  KEY `allsustainability_social_id_bb19bbae_fk_indicator_id` (`social_id`),
  CONSTRAINT `allsustainability_demographics_id_73a76ef7_fk_indicator_id` FOREIGN KEY (`demographics_id`) REFERENCES `indicator` (`id`),
  CONSTRAINT `allsustainability_economic_id_3dc0633e_fk_indicator_id` FOREIGN KEY (`economic_id`) REFERENCES `indicator` (`id`),
  CONSTRAINT `allsustainability_environment_id_5846e295_fk_indicator_id` FOREIGN KEY (`environment_id`) REFERENCES `indicator` (`id`),
  CONSTRAINT `allsustainability_social_id_bb19bbae_fk_indicator_id` FOREIGN KEY (`social_id`) REFERENCES `indicator` (`id`),
  CONSTRAINT `allsustainability_chk_1` CHECK ((`year` >= 0))
) ENGINE=InnoDB DEFAULT CHARSET=utf8mb4 COLLATE=utf8mb4_0900_ai_ci;
/*!40101 SET character_set_client = @saved_cs_client */;

--
-- Dumping data for table `allsustainability`
--

LOCK TABLES `allsustainability` WRITE;
/*!40000 ALTER TABLE `allsustainability` DISABLE KEYS */;
/*!40000 ALTER TABLE `allsustainability` ENABLE KEYS */;
UNLOCK TABLES;

--
-- Table structure for table `answer`
--

DROP TABLE IF EXISTS `answer`;
/*!40101 SET @saved_cs_client     = @@character_set_client */;
/*!50503 SET character_set_client = utf8mb4 */;
CREATE TABLE `answer` (
  `id` bigint NOT NULL AUTO_INCREMENT,
  `text` longtext,
  `question_id` bigint NOT NULL,
  `respondent_id` bigint NOT NULL,
  `score` double NOT NULL,
  `selection` int NOT NULL,
  PRIMARY KEY (`id`),
  KEY `answer_respondent_id_2e297359_fk_respondent_id` (`respondent_id`),
  KEY `answer_question_id_523c1648_fk_question_id` (`question_id`),
  CONSTRAINT `answer_question_id_523c1648_fk_question_id` FOREIGN KEY (`question_id`) REFERENCES `question` (`id`),
  CONSTRAINT `answer_respondent_id_2e297359_fk_respondent_id` FOREIGN KEY (`respondent_id`) REFERENCES `respondent` (`id`)
) ENGINE=InnoDB AUTO_INCREMENT=14222 DEFAULT CHARSET=utf8mb4 COLLATE=utf8mb4_0900_ai_ci;
/*!40101 SET character_set_client = @saved_cs_client */;

--
-- Dumping data for table `answer`
--

LOCK TABLES `answer` WRITE;
/*!40000 ALTER TABLE `answer` DISABLE KEYS */;
INSERT INTO `answer` VALUES (7112,'Leisure',33,241,0,-1),(7113,NULL,35,241,7,-1),(7114,NULL,36,241,7,-1),(7115,NULL,37,241,7,-1),(7116,NULL,38,241,6,-1),(7117,NULL,39,241,6,-1),(7118,NULL,34,241,6.6,-1),(7119,NULL,40,241,6,-1),(7120,NULL,41,241,7,-1),(7121,NULL,42,241,7,-1),(7122,NULL,43,241,5,-1),(7123,NULL,44,241,7,-1),(7124,NULL,45,241,7,-1),(7125,NULL,46,241,7,-1),(7126,NULL,47,241,7,-1),(7127,NULL,48,241,7,-1),(7128,NULL,49,241,7,-1),(7129,NULL,50,241,7,-1),(7130,NULL,51,241,4,-1),(7131,NULL,52,241,4,-1),(7132,NULL,53,241,4,-1),(7133,NULL,54,241,4,-1),(7134,NULL,55,241,4,-1),(7135,NULL,56,241,3,-1),(7136,NULL,57,241,7,-1),(7137,'55 - 64',59,241,0,-1),(7138,'Female',60,241,0,-1),(7139,'Portugal',61,241,0,-1),(7140,'Master\'s Degree',62,241,0,-1),(7141,'Employed',63,241,0,-1),(7142,'Leisure',33,242,0,-1),(7143,NULL,35,242,6,-1),(7144,NULL,36,242,6,-1),(7145,NULL,37,242,5,-1),(7146,NULL,38,242,5,-1),(7147,NULL,39,242,5,-1),(7148,NULL,34,242,6,-1),(7149,NULL,40,242,6,-1),(7150,NULL,41,242,6,-1),(7151,NULL,42,242,6,-1),(7152,NULL,43,242,6,-1),(7153,NULL,44,242,7,-1),(7154,NULL,45,242,5,-1),(7155,NULL,46,242,5,-1),(7156,NULL,47,242,6,-1),(7157,NULL,48,242,5,-1),(7158,NULL,49,242,6,-1),(7159,NULL,50,242,6,-1),(7160,NULL,51,242,6,-1),(7161,NULL,52,242,6,-1),(7162,NULL,53,242,4,-1),(7163,NULL,54,242,4,-1),(7164,NULL,55,242,5,-1),(7165,NULL,56,242,6,-1),(7166,NULL,57,242,6,-1),(7167,'18 - 24',59,242,0,-1),(7168,'Female',60,242,0,-1),(7169,'Portugal',61,242,0,-1),(7170,'Lesser than High School',62,242,0,-1),(7171,'High School Student',63,242,0,-1),(7172,'Leisure',33,243,0,-1),(7173,NULL,35,243,6,-1),(7174,NULL,36,243,6,-1),(7175,NULL,37,243,3,-1),(7176,NULL,38,243,1,-1),(7177,NULL,39,243,2,-1),(7178,NULL,34,243,3.4,-1),(7179,NULL,40,243,5,-1),(7180,NULL,41,243,3,-1),(7181,NULL,42,243,6,-1),(7182,NULL,43,243,4,-1),(7183,NULL,44,243,2,-1),(7184,NULL,45,243,5,-1),(7185,NULL,46,243,5,-1),(7186,NULL,47,243,7,-1),(7187,NULL,48,243,4,-1),(7188,NULL,49,243,5,-1),(7189,NULL,50,243,6,-1),(7190,NULL,51,243,2,-1),(7191,NULL,52,243,6,-1),(7192,NULL,53,243,6,-1),(7193,NULL,54,243,4,-1),(7194,NULL,55,243,4,-1),(7195,NULL,56,243,7,-1),(7196,NULL,57,243,6,-1),(7197,'18 - 24',59,243,0,-1),(7198,'Female',60,243,0,-1),(7199,'Portugal',61,243,0,-1),(7200,'Master\'s Degree',62,243,0,-1),(7201,'University Student',63,243,0,-1),(7202,'Leisure',33,244,0,-1),(7203,NULL,35,244,7,-1),(7204,NULL,36,244,7,-1),(7205,NULL,37,244,7,-1),(7206,NULL,38,244,6,-1),(7207,NULL,39,244,6,-1),(7208,NULL,34,244,6.8,-1),(7209,NULL,40,244,7,-1),(7210,NULL,41,244,7,-1),(7211,NULL,42,244,7,-1),(7212,NULL,43,244,7,-1),(7213,NULL,44,244,7,-1),(7214,NULL,45,244,7,-1),(7215,NULL,46,244,7,-1),(7216,NULL,47,244,7,-1),(7217,NULL,48,244,7,-1),(7218,NULL,49,244,7,-1),(7219,NULL,50,244,7,-1),(7220,NULL,51,244,7,-1),(7221,NULL,52,244,7,-1),(7222,NULL,53,244,5,-1),(7223,NULL,54,244,5,-1),(7224,NULL,55,244,5,-1),(7225,NULL,56,244,4,-1),(7226,NULL,57,244,5,-1),(7227,'55 - 64',59,244,0,-1),(7228,'Male',60,244,0,-1),(7229,'Portugal',61,244,0,-1),(7230,'Trade - Technical - Vocational training',62,244,0,-1),(7231,'Retired',63,244,0,-1),(7232,'Leisure',33,245,0,-1),(7233,NULL,35,245,4,-1),(7234,NULL,36,245,4,-1),(7235,NULL,37,245,6,-1),(7236,NULL,38,245,2,-1),(7237,NULL,39,245,5,-1),(7238,NULL,34,245,6,-1),(7239,NULL,40,245,6,-1),(7240,NULL,41,245,6,-1),(7241,NULL,42,245,6,-1),(7242,NULL,43,245,6,-1),(7243,NULL,44,245,7,-1),(7244,NULL,45,245,6,-1),(7245,NULL,46,245,6,-1),(7246,NULL,47,245,6,-1),(7247,NULL,48,245,6,-1),(7248,NULL,49,245,6,-1),(7249,NULL,50,245,6,-1),(7250,NULL,51,245,2,-1),(7251,NULL,52,245,6,-1),(7252,NULL,53,245,6,-1),(7253,NULL,54,245,5,-1),(7254,NULL,55,245,6,-1),(7255,NULL,56,245,6,-1),(7256,NULL,57,245,6,-1),(7257,'18 - 24',59,245,0,-1),(7258,'Female',60,245,0,-1),(7259,'Portugal',61,245,0,-1),(7260,'Bachelor\'s Degree',62,245,0,-1),(7261,'University Student',63,245,0,-1),(7262,'Leisure',33,246,0,-1),(7263,NULL,35,246,5,-1),(7264,NULL,36,246,5,-1),(7265,NULL,37,246,4,-1),(7266,NULL,38,246,4,-1),(7267,NULL,39,246,6,-1),(7268,NULL,34,246,5.6,-1),(7269,NULL,40,246,5,-1),(7270,NULL,41,246,6,-1),(7271,NULL,42,246,6,-1),(7272,NULL,43,246,6,-1),(7273,NULL,44,246,6,-1),(7274,NULL,45,246,6,-1),(7275,NULL,46,246,6,-1),(7276,NULL,47,246,5,-1),(7277,NULL,48,246,4,-1),(7278,NULL,49,246,6,-1),(7279,NULL,50,246,5,-1),(7280,NULL,51,246,6,-1),(7281,NULL,52,246,6,-1),(7282,NULL,53,246,5,-1),(7283,NULL,54,246,6,-1),(7284,NULL,55,246,5,-1),(7285,NULL,56,246,6,-1),(7286,NULL,57,246,5,-1),(7287,'45 - 54',59,246,0,-1),(7288,'Female',60,246,0,-1),(7289,'Portugal',61,246,0,-1),(7290,'Bachelor\'s Degree',62,246,0,-1),(7291,'Employed',63,246,0,-1),(7292,'Leisure',33,247,0,-1),(7293,NULL,35,247,6,-1),(7294,NULL,36,247,6,-1),(7295,NULL,37,247,5,-1),(7296,NULL,38,247,4,-1),(7297,NULL,39,247,4,-1),(7298,NULL,34,247,5.2,-1),(7299,NULL,40,247,6,-1),(7300,NULL,41,247,5,-1),(7301,NULL,42,247,6,-1),(7302,NULL,43,247,6,-1),(7303,NULL,44,247,7,-1),(7304,NULL,45,247,7,-1),(7305,NULL,46,247,4,-1),(7306,NULL,47,247,7,-1),(7307,NULL,48,247,7,-1),(7308,NULL,49,247,4,-1),(7309,NULL,50,247,6,-1),(7310,NULL,51,247,2,-1),(7311,NULL,52,247,6,-1),(7312,NULL,53,247,4,-1),(7313,NULL,54,247,4,-1),(7314,NULL,55,247,6,-1),(7315,NULL,56,247,6,-1),(7316,NULL,57,247,4,-1),(7317,'45 - 54',59,247,0,-1),(7318,'Female',60,247,0,-1),(7319,'Portugal',61,247,0,-1),(7320,'Doctorate\'s Degree',62,247,0,-1),(7321,'Employed',63,247,0,-1),(7322,'Leisure',33,248,0,-1),(7323,NULL,35,248,7,-1),(7324,NULL,36,248,6,-1),(7325,NULL,37,248,4,-1),(7326,NULL,38,248,4,-1),(7327,NULL,39,248,4,-1),(7328,NULL,34,248,5,-1),(7329,NULL,40,248,5,-1),(7330,NULL,41,248,4,-1),(7331,NULL,42,248,6,-1),(7332,NULL,43,248,5,-1),(7333,NULL,44,248,7,-1),(7334,NULL,45,248,5,-1),(7335,NULL,46,248,4,-1),(7336,NULL,47,248,5,-1),(7337,NULL,48,248,6,-1),(7338,NULL,49,248,6,-1),(7339,NULL,50,248,6,-1),(7340,NULL,51,248,4,-1),(7341,NULL,52,248,6,-1),(7342,NULL,53,248,5,-1),(7343,NULL,54,248,6,-1),(7344,NULL,55,248,6,-1),(7345,NULL,56,248,6,-1),(7346,NULL,57,248,6,-1),(7347,'45 - 54',59,248,0,-1),(7348,'Male',60,248,0,-1),(7349,'Portugal',61,248,0,-1),(7350,'Master\'s Degree',62,248,0,-1),(7351,'Employed',63,248,0,-1),(7352,'Leisure',33,249,0,-1),(7353,NULL,35,249,6,-1),(7354,NULL,36,249,6,-1),(7355,NULL,37,249,3,-1),(7356,NULL,38,249,3,-1),(7357,NULL,39,249,3,-1),(7358,NULL,34,249,4.8,-1),(7359,NULL,40,249,5,-1),(7360,NULL,41,249,3,-1),(7361,NULL,42,249,3,-1),(7362,NULL,43,249,3,-1),(7363,NULL,44,249,4,-1),(7364,NULL,45,249,4,-1),(7365,NULL,46,249,4,-1),(7366,NULL,47,249,4,-1),(7367,NULL,48,249,4,-1),(7368,NULL,49,249,4,-1),(7369,NULL,50,249,6,-1),(7370,NULL,51,249,4,-1),(7371,NULL,52,249,4,-1),(7372,NULL,53,249,4,-1),(7373,NULL,54,249,4,-1),(7374,NULL,55,249,4,-1),(7375,NULL,56,249,4,-1),(7376,NULL,57,249,5,-1),(7377,'45 - 54',59,249,0,-1),(7378,'Male',60,249,0,-1),(7379,'Portugal',61,249,0,-1),(7380,'Master\'s Degree',62,249,0,-1),(7381,'Employed',63,249,0,-1),(7382,'Leisure',33,250,0,-1),(7383,NULL,35,250,6,-1),(7384,NULL,36,250,6,-1),(7385,NULL,37,250,6,-1),(7386,NULL,38,250,6,-1),(7387,NULL,39,250,6,-1),(7388,NULL,34,250,4.6,-1),(7389,NULL,40,250,6,-1),(7390,NULL,41,250,5,-1),(7391,NULL,42,250,5,-1),(7392,NULL,43,250,5,-1),(7393,NULL,44,250,6,-1),(7394,NULL,45,250,7,-1),(7395,NULL,46,250,7,-1),(7396,NULL,47,250,7,-1),(7397,NULL,48,250,6,-1),(7398,NULL,49,250,7,-1),(7399,NULL,50,250,7,-1),(7400,NULL,51,250,4,-1),(7401,NULL,52,250,6,-1),(7402,NULL,53,250,7,-1),(7403,NULL,54,250,7,-1),(7404,NULL,55,250,7,-1),(7405,NULL,56,250,7,-1),(7406,NULL,57,250,7,-1),(7407,'45 - 54',59,250,0,-1),(7408,'Female',60,250,0,-1),(7409,'Portugal',61,250,0,-1),(7410,'Master\'s Degree',62,250,0,-1),(7411,'Employed',63,250,0,-1),(7412,'Leisure',33,251,0,-1),(7413,NULL,35,251,6,-1),(7414,NULL,36,251,5,-1),(7415,NULL,37,251,2,-1),(7416,NULL,38,251,1,-1),(7417,NULL,39,251,2,-1),(7418,NULL,34,251,5.6,-1),(7419,NULL,40,251,5,-1),(7420,NULL,41,251,4,-1),(7421,NULL,42,251,6,-1),(7422,NULL,43,251,5,-1),(7423,NULL,44,251,6,-1),(7424,NULL,45,251,5,-1),(7425,NULL,46,251,6,-1),(7426,NULL,47,251,6,-1),(7427,NULL,48,251,6,-1),(7428,NULL,49,251,6,-1),(7429,NULL,50,251,6,-1),(7430,NULL,51,251,6,-1),(7431,NULL,52,251,6,-1),(7432,NULL,53,251,6,-1),(7433,NULL,54,251,4,-1),(7434,NULL,55,251,5,-1),(7435,NULL,56,251,4,-1),(7436,NULL,57,251,4,-1),(7437,'35 - 44',59,251,0,-1),(7438,'Female',60,251,0,-1),(7439,'Portugal',61,251,0,-1),(7440,'Bachelor\'s Degree',62,251,0,-1),(7441,'Employed',63,251,0,-1),(7442,'Leisure',33,252,0,-1),(7443,NULL,35,252,7,-1),(7444,NULL,36,252,6,-1),(7445,NULL,37,252,6,-1),(7446,NULL,38,252,4,-1),(7447,NULL,39,252,5,-1),(7448,NULL,34,252,6.2,-1),(7449,NULL,40,252,6,-1),(7450,NULL,41,252,7,-1),(7451,NULL,42,252,7,-1),(7452,NULL,43,252,7,-1),(7453,NULL,44,252,7,-1),(7454,NULL,45,252,7,-1),(7455,NULL,46,252,7,-1),(7456,NULL,47,252,7,-1),(7457,NULL,48,252,6,-1),(7458,NULL,49,252,7,-1),(7459,NULL,50,252,6,-1),(7460,NULL,51,252,6,-1),(7461,NULL,52,252,6,-1),(7462,NULL,53,252,4,-1),(7463,NULL,54,252,4,-1),(7464,NULL,55,252,6,-1),(7465,NULL,56,252,4,-1),(7466,NULL,57,252,6,-1),(7467,'18 - 24',59,252,0,-1),(7468,'Female',60,252,0,-1),(7469,'Portugal',61,252,0,-1),(7470,'Bachelor\'s Degree',62,252,0,-1),(7471,'University Student',63,252,0,-1),(7472,'Leisure',33,253,0,-1),(7473,NULL,35,253,6,-1),(7474,NULL,36,253,5,-1),(7475,NULL,37,253,4,-1),(7476,NULL,38,253,1,-1),(7477,NULL,39,253,2,-1),(7478,NULL,34,253,3,-1),(7479,NULL,40,253,2,-1),(7480,NULL,41,253,3,-1),(7481,NULL,42,253,1,-1),(7482,NULL,43,253,1,-1),(7483,NULL,44,253,1,-1),(7484,NULL,45,253,2,-1),(7485,NULL,46,253,1,-1),(7486,NULL,47,253,4,-1),(7487,NULL,48,253,1,-1),(7488,NULL,49,253,2,-1),(7489,NULL,50,253,6,-1),(7490,NULL,51,253,2,-1),(7491,NULL,52,253,2,-1),(7492,NULL,53,253,2,-1),(7493,NULL,54,253,1,-1),(7494,NULL,55,253,2,-1),(7495,NULL,56,253,4,-1),(7496,NULL,57,253,4,-1),(7497,'18 - 24',59,253,0,-1),(7498,'Female',60,253,0,-1),(7499,'Portugal',61,253,0,-1),(7500,'Bachelor\'s Degree',62,253,0,-1),(7501,'University Student',63,253,0,-1),(7502,'Leisure',33,254,0,-1),(7503,NULL,35,254,6,-1),(7504,NULL,36,254,3,-1),(7505,NULL,37,254,5,-1),(7506,NULL,38,254,4,-1),(7507,NULL,39,254,4,-1),(7508,NULL,34,254,5.4,-1),(7509,NULL,40,254,6,-1),(7510,NULL,41,254,6,-1),(7511,NULL,42,254,6,-1),(7512,NULL,43,254,6,-1),(7513,NULL,44,254,6,-1),(7514,NULL,45,254,6,-1),(7515,NULL,46,254,5,-1),(7516,NULL,47,254,5,-1),(7517,NULL,48,254,5,-1),(7518,NULL,49,254,6,-1),(7519,NULL,50,254,6,-1),(7520,NULL,51,254,6,-1),(7521,NULL,52,254,6,-1),(7522,NULL,53,254,5,-1),(7523,NULL,54,254,5,-1),(7524,NULL,55,254,6,-1),(7525,NULL,56,254,6,-1),(7526,NULL,57,254,5,-1),(7527,'25 - 34',59,254,0,-1),(7528,'Female',60,254,0,-1),(7529,'Portugal',61,254,0,-1),(7530,'Master\'s Degree',62,254,0,-1),(7531,'Employed',63,254,0,-1),(7532,'Leisure',33,255,0,-1),(7533,NULL,35,255,7,-1),(7534,NULL,36,255,6,-1),(7535,NULL,37,255,4,-1),(7536,NULL,38,255,2,-1),(7537,NULL,39,255,2,-1),(7538,NULL,34,255,4,-1),(7539,NULL,40,255,5,-1),(7540,NULL,41,255,4,-1),(7541,NULL,42,255,5,-1),(7542,NULL,43,255,4,-1),(7543,NULL,44,255,6,-1),(7544,NULL,45,255,5,-1),(7545,NULL,46,255,4,-1),(7546,NULL,47,255,4,-1),(7547,NULL,48,255,4,-1),(7548,NULL,49,255,5,-1),(7549,NULL,50,255,6,-1),(7550,NULL,51,255,4,-1),(7551,NULL,52,255,4,-1),(7552,NULL,53,255,4,-1),(7553,NULL,54,255,4,-1),(7554,NULL,55,255,4,-1),(7555,NULL,56,255,5,-1),(7556,NULL,57,255,4,-1),(7557,'25 - 34',59,255,0,-1),(7558,'Female',60,255,0,-1),(7559,'Portugal',61,255,0,-1),(7560,'Bachelor\'s Degree',62,255,0,-1),(7561,'Employed',63,255,0,-1),(7562,'Leisure',33,256,0,-1),(7563,NULL,35,256,7,-1),(7564,NULL,36,256,7,-1),(7565,NULL,37,256,7,-1),(7566,NULL,38,256,7,-1),(7567,NULL,39,256,7,-1),(7568,NULL,34,256,7,-1),(7569,NULL,40,256,7,-1),(7570,NULL,41,256,7,-1),(7571,NULL,42,256,7,-1),(7572,NULL,43,256,7,-1),(7573,NULL,44,256,7,-1),(7574,NULL,45,256,7,-1),(7575,NULL,46,256,7,-1),(7576,NULL,47,256,7,-1),(7577,NULL,48,256,7,-1),(7578,NULL,49,256,7,-1),(7579,NULL,50,256,7,-1),(7580,NULL,51,256,7,-1),(7581,NULL,52,256,7,-1),(7582,NULL,53,256,7,-1),(7583,NULL,54,256,7,-1),(7584,NULL,55,256,7,-1),(7585,NULL,56,256,7,-1),(7586,NULL,57,256,7,-1),(7587,'18 - 24',59,256,0,-1),(7588,'Male',60,256,0,-1),(7589,'Portugal',61,256,0,-1),(7590,'High School Degree',62,256,0,-1),(7591,'University Student',63,256,0,-1),(7592,'Leisure',33,257,0,-1),(7593,NULL,35,257,6,-1),(7594,NULL,36,257,6,-1),(7595,NULL,37,257,6,-1),(7596,NULL,38,257,6,-1),(7597,NULL,39,257,6,-1),(7598,NULL,34,257,5.8,-1),(7599,NULL,40,257,6,-1),(7600,NULL,41,257,6,-1),(7601,NULL,42,257,7,-1),(7602,NULL,43,257,7,-1),(7603,NULL,44,257,7,-1),(7604,NULL,45,257,5,-1),(7605,NULL,46,257,5,-1),(7606,NULL,47,257,5,-1),(7607,NULL,48,257,5,-1),(7608,NULL,49,257,5,-1),(7609,NULL,50,257,5,-1),(7610,NULL,51,257,5,-1),(7611,NULL,52,257,5,-1),(7612,NULL,53,257,3,-1),(7613,NULL,54,257,3,-1),(7614,NULL,55,257,3,-1),(7615,NULL,56,257,3,-1),(7616,NULL,57,257,3,-1),(7617,'75 - 84',59,257,0,-1),(7618,'Prefer not to say',60,257,0,-1),(7619,'Portugal',61,257,0,-1),(7620,'Master\'s Degree',62,257,0,-1),(7621,'Retired',63,257,0,-1),(7622,'Work',33,258,0,-1),(7623,NULL,35,258,7,-1),(7624,NULL,36,258,7,-1),(7625,NULL,37,258,4,-1),(7626,NULL,38,258,4,-1),(7627,NULL,39,258,5,-1),(7628,NULL,34,258,6.8,-1),(7629,NULL,40,258,7,-1),(7630,NULL,41,258,7,-1),(7631,NULL,42,258,7,-1),(7632,NULL,43,258,7,-1),(7633,NULL,44,258,7,-1),(7634,NULL,45,258,7,-1),(7635,NULL,46,258,7,-1),(7636,NULL,47,258,7,-1),(7637,NULL,48,258,4,-1),(7638,NULL,49,258,7,-1),(7639,NULL,50,258,7,-1),(7640,NULL,51,258,7,-1),(7641,NULL,52,258,7,-1),(7642,NULL,53,258,4,-1),(7643,NULL,54,258,7,-1),(7644,NULL,55,258,7,-1),(7645,NULL,56,258,7,-1),(7646,NULL,57,258,7,-1),(7647,'18 - 24',59,258,0,-1),(7648,'Male',60,258,0,-1),(7649,'Portugal',61,258,0,-1),(7650,'Bachelor\'s Degree',62,258,0,-1),(7651,'University Student',63,258,0,-1),(7652,'Leisure',33,259,0,-1),(7653,NULL,35,259,6,-1),(7654,NULL,36,259,6,-1),(7655,NULL,37,259,4,-1),(7656,NULL,38,259,4,-1),(7657,NULL,39,259,4,-1),(7658,NULL,34,259,5.2,-1),(7659,NULL,40,259,5,-1),(7660,NULL,41,259,6,-1),(7661,NULL,42,259,6,-1),(7662,NULL,43,259,6,-1),(7663,NULL,44,259,6,-1),(7664,NULL,45,259,6,-1),(7665,NULL,46,259,4,-1),(7666,NULL,47,259,5,-1),(7667,NULL,48,259,4,-1),(7668,NULL,49,259,5,-1),(7669,NULL,50,259,6,-1),(7670,NULL,51,259,1,-1),(7671,NULL,52,259,4,-1),(7672,NULL,53,259,4,-1),(7673,NULL,54,259,5,-1),(7674,NULL,55,259,5,-1),(7675,NULL,56,259,6,-1),(7676,NULL,57,259,6,-1),(7677,'18 - 24',59,259,0,-1),(7678,'Male',60,259,0,-1),(7679,'Portugal',61,259,0,-1),(7680,'Bachelor\'s Degree',62,259,0,-1),(7681,'University Student',63,259,0,-1),(7682,'Leisure',33,260,0,-1),(7683,NULL,35,260,7,-1),(7684,NULL,36,260,6,-1),(7685,NULL,37,260,5,-1),(7686,NULL,38,260,4,-1),(7687,NULL,39,260,5,-1),(7688,NULL,34,260,5.2,-1),(7689,NULL,40,260,6,-1),(7690,NULL,41,260,6,-1),(7691,NULL,42,260,6,-1),(7692,NULL,43,260,4,-1),(7693,NULL,44,260,5,-1),(7694,NULL,45,260,6,-1),(7695,NULL,46,260,5,-1),(7696,NULL,47,260,6,-1),(7697,NULL,48,260,4,-1),(7698,NULL,49,260,6,-1),(7699,NULL,50,260,6,-1),(7700,NULL,51,260,6,-1),(7701,NULL,52,260,4,-1),(7702,NULL,53,260,4,-1),(7703,NULL,54,260,5,-1),(7704,NULL,55,260,4,-1),(7705,NULL,56,260,6,-1),(7706,NULL,57,260,4,-1),(7707,'45 - 54',59,260,0,-1),(7708,'Female',60,260,0,-1),(7709,'Portugal',61,260,0,-1),(7710,'Master\'s Degree',62,260,0,-1),(7711,'Employed',63,260,0,-1),(7712,'Leisure',33,261,0,-1),(7713,NULL,35,261,7,-1),(7714,NULL,36,261,6,-1),(7715,NULL,37,261,5,-1),(7716,NULL,38,261,3,-1),(7717,NULL,39,261,5,-1),(7718,NULL,34,261,5.2,-1),(7719,NULL,40,261,5,-1),(7720,NULL,41,261,5,-1),(7721,NULL,42,261,7,-1),(7722,NULL,43,261,6,-1),(7723,NULL,44,261,6,-1),(7724,NULL,45,261,6,-1),(7725,NULL,46,261,4,-1),(7726,NULL,47,261,5,-1),(7727,NULL,48,261,6,-1),(7728,NULL,49,261,5,-1),(7729,NULL,50,261,6,-1),(7730,NULL,51,261,1,-1),(7731,NULL,52,261,6,-1),(7732,NULL,53,261,5,-1),(7733,NULL,54,261,5,-1),(7734,NULL,55,261,6,-1),(7735,NULL,56,261,5,-1),(7736,NULL,57,261,6,-1),(7737,'18 - 24',59,261,0,-1),(7738,'Female',60,261,0,-1),(7739,'Portugal',61,261,0,-1),(7740,'Bachelor\'s Degree',62,261,0,-1),(7741,'University Student',63,261,0,-1),(7742,'Leisure',33,262,0,-1),(7743,NULL,35,262,6,-1),(7744,NULL,36,262,6,-1),(7745,NULL,37,262,4,-1),(7746,NULL,38,262,4,-1),(7747,NULL,39,262,4,-1),(7748,NULL,34,262,5,-1),(7749,NULL,40,262,6,-1),(7750,NULL,41,262,6,-1),(7751,NULL,42,262,6,-1),(7752,NULL,43,262,6,-1),(7753,NULL,44,262,6,-1),(7754,NULL,45,262,5,-1),(7755,NULL,46,262,4,-1),(7756,NULL,47,262,5,-1),(7757,NULL,48,262,4,-1),(7758,NULL,49,262,6,-1),(7759,NULL,50,262,6,-1),(7760,NULL,51,262,2,-1),(7761,NULL,52,262,6,-1),(7762,NULL,53,262,4,-1),(7763,NULL,54,262,6,-1),(7764,NULL,55,262,6,-1),(7765,NULL,56,262,6,-1),(7766,NULL,57,262,4,-1),(7767,'18 - 24',59,262,0,-1),(7768,'Male',60,262,0,-1),(7769,'Portugal',61,262,0,-1),(7770,'Bachelor\'s Degree',62,262,0,-1),(7771,'University Student',63,262,0,-1),(7772,'Leisure',33,263,0,-1),(7773,NULL,35,263,6,-1),(7774,NULL,36,263,5,-1),(7775,NULL,37,263,4,-1),(7776,NULL,38,263,4,-1),(7777,NULL,39,263,4,-1),(7778,NULL,34,263,5.2,-1),(7779,NULL,40,263,5,-1),(7780,NULL,41,263,5,-1),(7781,NULL,42,263,5,-1),(7782,NULL,43,263,5,-1),(7783,NULL,44,263,6,-1),(7784,NULL,45,263,5,-1),(7785,NULL,46,263,5,-1),(7786,NULL,47,263,6,-1),(7787,NULL,48,263,6,-1),(7788,NULL,49,263,7,-1),(7789,NULL,50,263,4,-1),(7790,NULL,51,263,4,-1),(7791,NULL,52,263,4,-1),(7792,NULL,53,263,4,-1),(7793,NULL,54,263,4,-1),(7794,NULL,55,263,4,-1),(7795,NULL,56,263,4,-1),(7796,NULL,57,263,3,-1),(7797,'18 - 24',59,263,0,-1),(7798,'Female',60,263,0,-1),(7799,'Portugal',61,263,0,-1),(7800,'Bachelor\'s Degree',62,263,0,-1),(7801,'University Student',63,263,0,-1),(7802,'Leisure',33,264,0,-1),(7803,NULL,35,264,6,-1),(7804,NULL,36,264,6,-1),(7805,NULL,37,264,5,-1),(7806,NULL,38,264,4,-1),(7807,NULL,39,264,4,-1),(7808,NULL,34,264,6.4,-1),(7809,NULL,40,264,5,-1),(7810,NULL,41,264,6,-1),(7811,NULL,42,264,6,-1),(7812,NULL,43,264,6,-1),(7813,NULL,44,264,6,-1),(7814,NULL,45,264,6,-1),(7815,NULL,46,264,6,-1),(7816,NULL,47,264,6,-1),(7817,NULL,48,264,6,-1),(7818,NULL,49,264,5,-1),(7819,NULL,50,264,5,-1),(7820,NULL,51,264,1,-1),(7821,NULL,52,264,4,-1),(7822,NULL,53,264,7,-1),(7823,NULL,54,264,6,-1),(7824,NULL,55,264,7,-1),(7825,NULL,56,264,6,-1),(7826,NULL,57,264,6,-1),(7827,'18 - 24',59,264,0,-1),(7828,'Female',60,264,0,-1),(7829,'Portugal',61,264,0,-1),(7830,'Bachelor\'s Degree',62,264,0,-1),(7831,'University Student',63,264,0,-1),(7832,'Volunteering ',33,265,0,-1),(7833,NULL,35,265,6,-1),(7834,NULL,36,265,6,-1),(7835,NULL,37,265,6,-1),(7836,NULL,38,265,4,-1),(7837,NULL,39,265,4,-1),(7838,NULL,34,265,5.2,-1),(7839,NULL,40,265,5,-1),(7840,NULL,41,265,6,-1),(7841,NULL,42,265,6,-1),(7842,NULL,43,265,6,-1),(7843,NULL,44,265,6,-1),(7844,NULL,45,265,6,-1),(7845,NULL,46,265,6,-1),(7846,NULL,47,265,6,-1),(7847,NULL,48,265,6,-1),(7848,NULL,49,265,6,-1),(7849,NULL,50,265,7,-1),(7850,NULL,51,265,2,-1),(7851,NULL,52,265,2,-1),(7852,NULL,53,265,4,-1),(7853,NULL,54,265,4,-1),(7854,NULL,55,265,4,-1),(7855,NULL,56,265,4,-1),(7856,NULL,57,265,4,-1),(7857,'18 - 24',59,265,0,-1),(7858,'Female',60,265,0,-1),(7859,'Portugal',61,265,0,-1),(7860,'Bachelor\'s Degree',62,265,0,-1),(7861,'University Student',63,265,0,-1),(7862,'Leisure',33,266,0,-1),(7863,NULL,35,266,6,-1),(7864,NULL,36,266,6,-1),(7865,NULL,37,266,6,-1),(7866,NULL,38,266,4,-1),(7867,NULL,39,266,5,-1),(7868,NULL,34,266,5,-1),(7869,NULL,40,266,6,-1),(7870,NULL,41,266,5,-1),(7871,NULL,42,266,5,-1),(7872,NULL,43,266,3,-1),(7873,NULL,44,266,6,-1),(7874,NULL,45,266,5,-1),(7875,NULL,46,266,4,-1),(7876,NULL,47,266,7,-1),(7877,NULL,48,266,4,-1),(7878,NULL,49,266,6,-1),(7879,NULL,50,266,3,-1),(7880,NULL,51,266,1,-1),(7881,NULL,52,266,5,-1),(7882,NULL,53,266,5,-1),(7883,NULL,54,266,5,-1),(7884,NULL,55,266,5,-1),(7885,NULL,56,266,5,-1),(7886,NULL,57,266,5,-1),(7887,'18 - 24',59,266,0,-1),(7888,'Female',60,266,0,-1),(7889,'Portugal',61,266,0,-1),(7890,'High School Degree',62,266,0,-1),(7891,'University Student',63,266,0,-1),(7892,'Work',33,267,0,-1),(7893,NULL,35,267,4,-1),(7894,NULL,36,267,6,-1),(7895,NULL,37,267,5,-1),(7896,NULL,38,267,6,-1),(7897,NULL,39,267,7,-1),(7898,NULL,34,267,6.6,-1),(7899,NULL,40,267,7,-1),(7900,NULL,41,267,7,-1),(7901,NULL,42,267,7,-1),(7902,NULL,43,267,7,-1),(7903,NULL,44,267,7,-1),(7904,NULL,45,267,6,-1),(7905,NULL,46,267,7,-1),(7906,NULL,47,267,7,-1),(7907,NULL,48,267,7,-1),(7908,NULL,49,267,7,-1),(7909,NULL,50,267,4,-1),(7910,NULL,51,267,6,-1),(7911,NULL,52,267,7,-1),(7912,NULL,53,267,4,-1),(7913,NULL,54,267,5,-1),(7914,NULL,55,267,5,-1),(7915,NULL,56,267,5,-1),(7916,NULL,57,267,7,-1),(7917,'18 - 24',59,267,0,-1),(7918,'Male',60,267,0,-1),(7919,'Portugal',61,267,0,-1),(7920,'Bachelor\'s Degree',62,267,0,-1),(7921,'Employed',63,267,0,-1),(7922,'Leisure',33,268,0,-1),(7923,NULL,35,268,6,-1),(7924,NULL,36,268,6,-1),(7925,NULL,37,268,4,-1),(7926,NULL,38,268,4,-1),(7927,NULL,39,268,3,-1),(7928,NULL,34,268,5.6,-1),(7929,NULL,40,268,6,-1),(7930,NULL,41,268,5,-1),(7931,NULL,42,268,6,-1),(7932,NULL,43,268,5,-1),(7933,NULL,44,268,6,-1),(7934,NULL,45,268,6,-1),(7935,NULL,46,268,6,-1),(7936,NULL,47,268,6,-1),(7937,NULL,48,268,6,-1),(7938,NULL,49,268,6,-1),(7939,NULL,50,268,6,-1),(7940,NULL,51,268,2,-1),(7941,NULL,52,268,6,-1),(7942,NULL,53,268,3,-1),(7943,NULL,54,268,4,-1),(7944,NULL,55,268,5,-1),(7945,NULL,56,268,5,-1),(7946,NULL,57,268,5,-1),(7947,'18 - 24',59,268,0,-1),(7948,'Female',60,268,0,-1),(7949,'Portugal',61,268,0,-1),(7950,'Bachelor\'s Degree',62,268,0,-1),(7951,'University Student',63,268,0,-1),(7952,'Leisure',33,269,0,-1),(7953,NULL,35,269,7,-1),(7954,NULL,36,269,7,-1),(7955,NULL,37,269,4,-1),(7956,NULL,38,269,4,-1),(7957,NULL,39,269,4,-1),(7958,NULL,34,269,6.2,-1),(7959,NULL,40,269,6,-1),(7960,NULL,41,269,5,-1),(7961,NULL,42,269,7,-1),(7962,NULL,43,269,5,-1),(7963,NULL,44,269,6,-1),(7964,NULL,45,269,6,-1),(7965,NULL,46,269,6,-1),(7966,NULL,47,269,6,-1),(7967,NULL,48,269,7,-1),(7968,NULL,49,269,7,-1),(7969,NULL,50,269,7,-1),(7970,NULL,51,269,4,-1),(7971,NULL,52,269,7,-1),(7972,NULL,53,269,7,-1),(7973,NULL,54,269,4,-1),(7974,NULL,55,269,4,-1),(7975,NULL,56,269,7,-1),(7976,NULL,57,269,4,-1),(7977,'25 - 34',59,269,0,-1),(7978,'Male',60,269,0,-1),(7979,'Portugal',61,269,0,-1),(7980,'Bachelor\'s Degree',62,269,0,-1),(7981,'Employed',63,269,0,-1),(7982,'Leisure',33,270,0,-1),(7983,NULL,35,270,6,-1),(7984,NULL,36,270,4,-1),(7985,NULL,37,270,4,-1),(7986,NULL,38,270,5,-1),(7987,NULL,39,270,4,-1),(7988,NULL,34,270,3,-1),(7989,NULL,40,270,5,-1),(7990,NULL,41,270,2,-1),(7991,NULL,42,270,5,-1),(7992,NULL,43,270,3,-1),(7993,NULL,44,270,5,-1),(7994,NULL,45,270,4,-1),(7995,NULL,46,270,4,-1),(7996,NULL,47,270,4,-1),(7997,NULL,48,270,4,-1),(7998,NULL,49,270,6,-1),(7999,NULL,50,270,6,-1),(8000,NULL,51,270,1,-1),(8001,NULL,52,270,4,-1),(8002,NULL,53,270,4,-1),(8003,NULL,54,270,4,-1),(8004,NULL,55,270,4,-1),(8005,NULL,56,270,7,-1),(8006,NULL,57,270,4,-1),(8007,'18 - 24',59,270,0,-1),(8008,'Female',60,270,0,-1),(8009,'Portugal',61,270,0,-1),(8010,'Master\'s Degree',62,270,0,-1),(8011,'University Student',63,270,0,-1),(8012,'Leisure',33,271,0,-1),(8013,NULL,35,271,6,-1),(8014,NULL,36,271,6,-1),(8015,NULL,37,271,4,-1),(8016,NULL,38,271,5,-1),(8017,NULL,39,271,5,-1),(8018,NULL,34,271,6,-1),(8019,NULL,40,271,6,-1),(8020,NULL,41,271,6,-1),(8021,NULL,42,271,6,-1),(8022,NULL,43,271,6,-1),(8023,NULL,44,271,6,-1),(8024,NULL,45,271,6,-1),(8025,NULL,46,271,6,-1),(8026,NULL,47,271,6,-1),(8027,NULL,48,271,6,-1),(8028,NULL,49,271,6,-1),(8029,NULL,50,271,4,-1),(8030,NULL,51,271,4,-1),(8031,NULL,52,271,4,-1),(8032,NULL,53,271,5,-1),(8033,NULL,54,271,6,-1),(8034,NULL,55,271,6,-1),(8035,NULL,56,271,4,-1),(8036,NULL,57,271,6,-1),(8037,'45 - 54',59,271,0,-1),(8038,'Female',60,271,0,-1),(8039,'Portugal',61,271,0,-1),(8040,'Bachelor\'s Degree',62,271,0,-1),(8041,'Employed',63,271,0,-1),(8042,'Leisure',33,272,0,-1),(8043,NULL,35,272,6,-1),(8044,NULL,36,272,6,-1),(8045,NULL,37,272,4,-1),(8046,NULL,38,272,3,-1),(8047,NULL,39,272,4,-1),(8048,NULL,34,272,5.6,-1),(8049,NULL,40,272,6,-1),(8050,NULL,41,272,6,-1),(8051,NULL,42,272,6,-1),(8052,NULL,43,272,6,-1),(8053,NULL,44,272,6,-1),(8054,NULL,45,272,6,-1),(8055,NULL,46,272,6,-1),(8056,NULL,47,272,6,-1),(8057,NULL,48,272,6,-1),(8058,NULL,49,272,5,-1),(8059,NULL,50,272,6,-1),(8060,NULL,51,272,5,-1),(8061,NULL,52,272,6,-1),(8062,NULL,53,272,3,-1),(8063,NULL,54,272,3,-1),(8064,NULL,55,272,5,-1),(8065,NULL,56,272,6,-1),(8066,NULL,57,272,6,-1),(8067,'18 - 24',59,272,0,-1),(8068,'Male',60,272,0,-1),(8069,'Portugal',61,272,0,-1),(8070,'Bachelor\'s Degree',62,272,0,-1),(8071,'University Student',63,272,0,-1),(8072,'Leisure',33,273,0,-1),(8073,NULL,35,273,6,-1),(8074,NULL,36,273,6,-1),(8075,NULL,37,273,6,-1),(8076,NULL,38,273,4,-1),(8077,NULL,39,273,5,-1),(8078,NULL,34,273,6,-1),(8079,NULL,40,273,6,-1),(8080,NULL,41,273,6,-1),(8081,NULL,42,273,6,-1),(8082,NULL,43,273,6,-1),(8083,NULL,44,273,7,-1),(8084,NULL,45,273,6,-1),(8085,NULL,46,273,6,-1),(8086,NULL,47,273,6,-1),(8087,NULL,48,273,6,-1),(8088,NULL,49,273,6,-1),(8089,NULL,50,273,4,-1),(8090,NULL,51,273,6,-1),(8091,NULL,52,273,4,-1),(8092,NULL,53,273,6,-1),(8093,NULL,54,273,6,-1),(8094,NULL,55,273,6,-1),(8095,NULL,56,273,6,-1),(8096,NULL,57,273,6,-1),(8097,'25 - 34',59,273,0,-1),(8098,'Female',60,273,0,-1),(8099,'Portugal',61,273,0,-1),(8100,'Master\'s Degree',62,273,0,-1),(8101,'Employed',63,273,0,-1),(8102,'Leisure',33,274,0,-1),(8103,NULL,35,274,7,-1),(8104,NULL,36,274,6,-1),(8105,NULL,37,274,4,-1),(8106,NULL,38,274,2,-1),(8107,NULL,39,274,4,-1),(8108,NULL,34,274,5.4,-1),(8109,NULL,40,274,6,-1),(8110,NULL,41,274,6,-1),(8111,NULL,42,274,5,-1),(8112,NULL,43,274,5,-1),(8113,NULL,44,274,6,-1),(8114,NULL,45,274,6,-1),(8115,NULL,46,274,7,-1),(8116,NULL,47,274,7,-1),(8117,NULL,48,274,7,-1),(8118,NULL,49,274,7,-1),(8119,NULL,50,274,7,-1),(8120,NULL,51,274,7,-1),(8121,NULL,52,274,7,-1),(8122,NULL,53,274,2,-1),(8123,NULL,54,274,2,-1),(8124,NULL,55,274,6,-1),(8125,NULL,56,274,4,-1),(8126,NULL,57,274,6,-1),(8127,'18 - 24',59,274,0,-1),(8128,'Female',60,274,0,-1),(8129,'Portugal',61,274,0,-1),(8130,'Bachelor\'s Degree',62,274,0,-1),(8131,'Employed',63,274,0,-1),(8132,'School Project',33,275,0,-1),(8133,NULL,35,275,6,-1),(8134,NULL,36,275,6,-1),(8135,NULL,37,275,2,-1),(8136,NULL,38,275,2,-1),(8137,NULL,39,275,2,-1),(8138,NULL,34,275,6.2,-1),(8139,NULL,40,275,6,-1),(8140,NULL,41,275,5,-1),(8141,NULL,42,275,5,-1),(8142,NULL,43,275,6,-1),(8143,NULL,44,275,6,-1),(8144,NULL,45,275,6,-1),(8145,NULL,46,275,4,-1),(8146,NULL,47,275,7,-1),(8147,NULL,48,275,5,-1),(8148,NULL,49,275,7,-1),(8149,NULL,50,275,6,-1),(8150,NULL,51,275,2,-1),(8151,NULL,52,275,4,-1),(8152,NULL,53,275,5,-1),(8153,NULL,54,275,2,-1),(8154,NULL,55,275,6,-1),(8155,NULL,56,275,4,-1),(8156,NULL,57,275,5,-1),(8157,'18 - 24',59,275,0,-1),(8158,'Female',60,275,0,-1),(8159,'Portugal',61,275,0,-1),(8160,'Bachelor\'s Degree',62,275,0,-1),(8161,'University Student',63,275,0,-1),(8162,'Leisure',33,276,0,-1),(8163,NULL,35,276,6,-1),(8164,NULL,36,276,6,-1),(8165,NULL,37,276,5,-1),(8166,NULL,38,276,6,-1),(8167,NULL,39,276,7,-1),(8168,NULL,34,276,6.4,-1),(8169,NULL,40,276,7,-1),(8170,NULL,41,276,6,-1),(8171,NULL,42,276,6,-1),(8172,NULL,43,276,7,-1),(8173,NULL,44,276,5,-1),(8174,NULL,45,276,6,-1),(8175,NULL,46,276,5,-1),(8176,NULL,47,276,6,-1),(8177,NULL,48,276,6,-1),(8178,NULL,49,276,6,-1),(8179,NULL,50,276,7,-1),(8180,NULL,51,276,2,-1),(8181,NULL,52,276,6,-1),(8182,NULL,53,276,6,-1),(8183,NULL,54,276,6,-1),(8184,NULL,55,276,7,-1),(8185,NULL,56,276,7,-1),(8186,NULL,57,276,7,-1),(8187,'18 - 24',59,276,0,-1),(8188,'Male',60,276,0,-1),(8189,'Portugal',61,276,0,-1),(8190,'Bachelor\'s Degree',62,276,0,-1),(8191,'Employed',63,276,0,-1),(8192,'Leisure',33,277,0,-1),(8193,NULL,35,277,7,-1),(8194,NULL,36,277,7,-1),(8195,NULL,37,277,7,-1),(8196,NULL,38,277,7,-1),(8197,NULL,39,277,7,-1),(8198,NULL,34,277,6.8,-1),(8199,NULL,40,277,7,-1),(8200,NULL,41,277,7,-1),(8201,NULL,42,277,6,-1),(8202,NULL,43,277,7,-1),(8203,NULL,44,277,7,-1),(8204,NULL,45,277,7,-1),(8205,NULL,46,277,6,-1),(8206,NULL,47,277,7,-1),(8207,NULL,48,277,4,-1),(8208,NULL,49,277,7,-1),(8209,NULL,50,277,7,-1),(8210,NULL,51,277,2,-1),(8211,NULL,52,277,6,-1),(8212,NULL,53,277,7,-1),(8213,NULL,54,277,7,-1),(8214,NULL,55,277,7,-1),(8215,NULL,56,277,7,-1),(8216,NULL,57,277,7,-1),(8217,'18 - 24',59,277,0,-1),(8218,'Female',60,277,0,-1),(8219,'Portugal',61,277,0,-1),(8220,'Bachelor\'s Degree',62,277,0,-1),(8221,'University Student',63,277,0,-1),(8222,'Leisure',33,278,0,-1),(8223,NULL,35,278,6,-1),(8224,NULL,36,278,3,-1),(8225,NULL,37,278,4,-1),(8226,NULL,38,278,4,-1),(8227,NULL,39,278,4,-1),(8228,NULL,34,278,2.4,-1),(8229,NULL,40,278,3,-1),(8230,NULL,41,278,3,-1),(8231,NULL,42,278,4,-1),(8232,NULL,43,278,4,-1),(8233,NULL,44,278,4,-1),(8234,NULL,45,278,4,-1),(8235,NULL,46,278,4,-1),(8236,NULL,47,278,5,-1),(8237,NULL,48,278,4,-1),(8238,NULL,49,278,4,-1),(8239,NULL,50,278,6,-1),(8240,NULL,51,278,2,-1),(8241,NULL,52,278,2,-1),(8242,NULL,53,278,4,-1),(8243,NULL,54,278,4,-1),(8244,NULL,55,278,4,-1),(8245,NULL,56,278,5,-1),(8246,NULL,57,278,4,-1),(8247,'18 - 24',59,278,0,-1),(8248,'Female',60,278,0,-1),(8249,'Portugal',61,278,0,-1),(8250,'Bachelor\'s Degree',62,278,0,-1),(8251,'Employed',63,278,0,-1),(8252,'Leisure',33,279,0,-1),(8253,NULL,35,279,7,-1),(8254,NULL,36,279,6,-1),(8255,NULL,37,279,3,-1),(8256,NULL,38,279,4,-1),(8257,NULL,39,279,4,-1),(8258,NULL,34,279,5.4,-1),(8259,NULL,40,279,6,-1),(8260,NULL,41,279,4,-1),(8261,NULL,42,279,5,-1),(8262,NULL,43,279,4,-1),(8263,NULL,44,279,3,-1),(8264,NULL,45,279,5,-1),(8265,NULL,46,279,5,-1),(8266,NULL,47,279,5,-1),(8267,NULL,48,279,5,-1),(8268,NULL,49,279,6,-1),(8269,NULL,50,279,6,-1),(8270,NULL,51,279,2,-1),(8271,NULL,52,279,2,-1),(8272,NULL,53,279,5,-1),(8273,NULL,54,279,6,-1),(8274,NULL,55,279,6,-1),(8275,NULL,56,279,6,-1),(8276,NULL,57,279,7,-1),(8277,'25 - 34',59,279,0,-1),(8278,'Male',60,279,0,-1),(8279,'Portugal',61,279,0,-1),(8280,'Bachelor\'s Degree',62,279,0,-1),(8281,'Employed',63,279,0,-1),(8282,'Leisure',33,280,0,-1),(8283,NULL,35,280,7,-1),(8284,NULL,36,280,7,-1),(8285,NULL,37,280,7,-1),(8286,NULL,38,280,2,-1),(8287,NULL,39,280,3,-1),(8288,NULL,34,280,6,-1),(8289,NULL,40,280,6,-1),(8290,NULL,41,280,7,-1),(8291,NULL,42,280,7,-1),(8292,NULL,43,280,7,-1),(8293,NULL,44,280,7,-1),(8294,NULL,45,280,7,-1),(8295,NULL,46,280,7,-1),(8296,NULL,47,280,7,-1),(8297,NULL,48,280,7,-1),(8298,NULL,49,280,7,-1),(8299,NULL,50,280,7,-1),(8300,NULL,51,280,2,-1),(8301,NULL,52,280,7,-1),(8302,NULL,53,280,3,-1),(8303,NULL,54,280,2,-1),(8304,NULL,55,280,6,-1),(8305,NULL,56,280,7,-1),(8306,NULL,57,280,7,-1),(8307,'18 - 24',59,280,0,-1),(8308,'Male',60,280,0,-1),(8309,'Portugal',61,280,0,-1),(8310,'Master\'s Degree',62,280,0,-1),(8311,'University Student',63,280,0,-1),(8312,'Leisure',33,281,0,-1),(8313,NULL,35,281,6,-1),(8314,NULL,36,281,6,-1),(8315,NULL,37,281,6,-1),(8316,NULL,38,281,4,-1),(8317,NULL,39,281,4,-1),(8318,NULL,34,281,5.8,-1),(8319,NULL,40,281,7,-1),(8320,NULL,41,281,4,-1),(8321,NULL,42,281,5,-1),(8322,NULL,43,281,4,-1),(8323,NULL,44,281,3,-1),(8324,NULL,45,281,5,-1),(8325,NULL,46,281,4,-1),(8326,NULL,47,281,5,-1),(8327,NULL,48,281,4,-1),(8328,NULL,49,281,6,-1),(8329,NULL,50,281,6,-1),(8330,NULL,51,281,2,-1),(8331,NULL,52,281,6,-1),(8332,NULL,53,281,6,-1),(8333,NULL,54,281,6,-1),(8334,NULL,55,281,6,-1),(8335,NULL,56,281,6,-1),(8336,NULL,57,281,6,-1),(8337,'18 - 24',59,281,0,-1),(8338,'Female',60,281,0,-1),(8339,'Portugal',61,281,0,-1),(8340,'Bachelor\'s Degree',62,281,0,-1),(8341,'University Student',63,281,0,-1),(8342,'Work',33,282,0,-1),(8343,NULL,35,282,6,-1),(8344,NULL,36,282,6,-1),(8345,NULL,37,282,3,-1),(8346,NULL,38,282,2,-1),(8347,NULL,39,282,2,-1),(8348,NULL,34,282,4.8,-1),(8349,NULL,40,282,6,-1),(8350,NULL,41,282,6,-1),(8351,NULL,42,282,6,-1),(8352,NULL,43,282,5,-1),(8353,NULL,44,282,6,-1),(8354,NULL,45,282,5,-1),(8355,NULL,46,282,6,-1),(8356,NULL,47,282,6,-1),(8357,NULL,48,282,7,-1),(8358,NULL,49,282,7,-1),(8359,NULL,50,282,4,-1),(8360,NULL,51,282,2,-1),(8361,NULL,52,282,6,-1),(8362,NULL,53,282,6,-1),(8363,NULL,54,282,4,-1),(8364,NULL,55,282,5,-1),(8365,NULL,56,282,6,-1),(8366,NULL,57,282,3,-1),(8367,'18 - 24',59,282,0,-1),(8368,'Female',60,282,0,-1),(8369,'Portugal',61,282,0,-1),(8370,'Bachelor\'s Degree',62,282,0,-1),(8371,'Employed',63,282,0,-1),(8372,'Leisure',33,283,0,-1),(8373,NULL,35,283,7,-1),(8374,NULL,36,283,7,-1),(8375,NULL,37,283,6,-1),(8376,NULL,38,283,4,-1),(8377,NULL,39,283,4,-1),(8378,NULL,34,283,7,-1),(8379,NULL,40,283,5,-1),(8380,NULL,41,283,7,-1),(8381,NULL,42,283,7,-1),(8382,NULL,43,283,7,-1),(8383,NULL,44,283,7,-1),(8384,NULL,45,283,6,-1),(8385,NULL,46,283,7,-1),(8386,NULL,47,283,7,-1),(8387,NULL,48,283,7,-1),(8388,NULL,49,283,7,-1),(8389,NULL,50,283,7,-1),(8390,NULL,51,283,4,-1),(8391,NULL,52,283,7,-1),(8392,NULL,53,283,4,-1),(8393,NULL,54,283,5,-1),(8394,NULL,55,283,6,-1),(8395,NULL,56,283,5,-1),(8396,NULL,57,283,5,-1),(8397,'25 - 34',59,283,0,-1),(8398,'Female',60,283,0,-1),(8399,'Portugal',61,283,0,-1),(8400,'Bachelor\'s Degree',62,283,0,-1),(8401,'Employed',63,283,0,-1),(8402,'Leisure',33,284,0,-1),(8403,NULL,35,284,6,-1),(8404,NULL,36,284,6,-1),(8405,NULL,37,284,4,-1),(8406,NULL,38,284,4,-1),(8407,NULL,39,284,3,-1),(8408,NULL,34,284,4.6,-1),(8409,NULL,40,284,6,-1),(8410,NULL,41,284,5,-1),(8411,NULL,42,284,6,-1),(8412,NULL,43,284,6,-1),(8413,NULL,44,284,5,-1),(8414,NULL,45,284,3,-1),(8415,NULL,46,284,5,-1),(8416,NULL,47,284,3,-1),(8417,NULL,48,284,3,-1),(8418,NULL,49,284,3,-1),(8419,NULL,50,284,5,-1),(8420,NULL,51,284,2,-1),(8421,NULL,52,284,4,-1),(8422,NULL,53,284,5,-1),(8423,NULL,54,284,5,-1),(8424,NULL,55,284,5,-1),(8425,NULL,56,284,6,-1),(8426,NULL,57,284,6,-1),(8427,'18 - 24',59,284,0,-1),(8428,'Male',60,284,0,-1),(8429,'Portugal',61,284,0,-1),(8430,'Bachelor\'s Degree',62,284,0,-1),(8431,'Employed',63,284,0,-1),(8432,'Leisure',33,285,0,-1),(8433,NULL,35,285,3,-1),(8434,NULL,36,285,6,-1),(8435,NULL,37,285,4,-1),(8436,NULL,38,285,4,-1),(8437,NULL,39,285,4,-1),(8438,NULL,34,285,5.2,-1),(8439,NULL,40,285,5,-1),(8440,NULL,41,285,5,-1),(8441,NULL,42,285,5,-1),(8442,NULL,43,285,5,-1),(8443,NULL,44,285,5,-1),(8444,NULL,45,285,5,-1),(8445,NULL,46,285,5,-1),(8446,NULL,47,285,5,-1),(8447,NULL,48,285,5,-1),(8448,NULL,49,285,5,-1),(8449,NULL,50,285,5,-1),(8450,NULL,51,285,2,-1),(8451,NULL,52,285,4,-1),(8452,NULL,53,285,5,-1),(8453,NULL,54,285,6,-1),(8454,NULL,55,285,6,-1),(8455,NULL,56,285,6,-1),(8456,NULL,57,285,6,-1),(8457,'18 - 24',59,285,0,-1),(8458,'Male',60,285,0,-1),(8459,'Portugal',61,285,0,-1),(8460,'Bachelor\'s Degree',62,285,0,-1),(8461,'University Student',63,285,0,-1),(8462,'Leisure',33,286,0,-1),(8463,NULL,35,286,5,-1),(8464,NULL,36,286,5,-1),(8465,NULL,37,286,4,-1),(8466,NULL,38,286,4,-1),(8467,NULL,39,286,4,-1),(8468,NULL,34,286,4.8,-1),(8469,NULL,40,286,5,-1),(8470,NULL,41,286,4,-1),(8471,NULL,42,286,4,-1),(8472,NULL,43,286,4,-1),(8473,NULL,44,286,4,-1),(8474,NULL,45,286,5,-1),(8475,NULL,46,286,5,-1),(8476,NULL,47,286,5,-1),(8477,NULL,48,286,5,-1),(8478,NULL,49,286,5,-1),(8479,NULL,50,286,5,-1),(8480,NULL,51,286,3,-1),(8481,NULL,52,286,3,-1),(8482,NULL,53,286,5,-1),(8483,NULL,54,286,3,-1),(8484,NULL,55,286,3,-1),(8485,NULL,56,286,5,-1),(8486,NULL,57,286,5,-1),(8487,'45 - 54',59,286,0,-1),(8488,'Male',60,286,0,-1),(8489,'Portugal',61,286,0,-1),(8490,'Master\'s Degree',62,286,0,-1),(8491,'Employed',63,286,0,-1),(8492,'Leisure',33,287,0,-1),(8493,NULL,35,287,5,-1),(8494,NULL,36,287,5,-1),(8495,NULL,37,287,4,-1),(8496,NULL,38,287,2,-1),(8497,NULL,39,287,2,-1),(8498,NULL,34,287,4,-1),(8499,NULL,40,287,5,-1),(8500,NULL,41,287,4,-1),(8501,NULL,42,287,5,-1),(8502,NULL,43,287,5,-1),(8503,NULL,44,287,5,-1),(8504,NULL,45,287,5,-1),(8505,NULL,46,287,4,-1),(8506,NULL,47,287,4,-1),(8507,NULL,48,287,4,-1),(8508,NULL,49,287,4,-1),(8509,NULL,50,287,5,-1),(8510,NULL,51,287,2,-1),(8511,NULL,52,287,4,-1),(8512,NULL,53,287,2,-1),(8513,NULL,54,287,4,-1),(8514,NULL,55,287,4,-1),(8515,NULL,56,287,2,-1),(8516,NULL,57,287,4,-1),(8517,'35 - 44',59,287,0,-1),(8518,'Female',60,287,0,-1),(8519,'Portugal',61,287,0,-1),(8520,'I prefer not to say.',62,287,0,-1),(8521,'I prefer not to say.',63,287,0,-1),(8522,'Work',33,288,0,-1),(8523,NULL,35,288,6,-1),(8524,NULL,36,288,7,-1),(8525,NULL,37,288,4,-1),(8526,NULL,38,288,4,-1),(8527,NULL,39,288,5,-1),(8528,NULL,34,288,4.8,-1),(8529,NULL,40,288,5,-1),(8530,NULL,41,288,6,-1),(8531,NULL,42,288,6,-1),(8532,NULL,43,288,7,-1),(8533,NULL,44,288,7,-1),(8534,NULL,45,288,6,-1),(8535,NULL,46,288,4,-1),(8536,NULL,47,288,6,-1),(8537,NULL,48,288,4,-1),(8538,NULL,49,288,6,-1),(8539,NULL,50,288,6,-1),(8540,NULL,51,288,1,-1),(8541,NULL,52,288,4,-1),(8542,NULL,53,288,6,-1),(8543,NULL,54,288,4,-1),(8544,NULL,55,288,7,-1),(8545,NULL,56,288,6,-1),(8546,NULL,57,288,6,-1),(8547,'35 - 44',59,288,0,-1),(8548,'Male',60,288,0,-1),(8549,'Portugal',61,288,0,-1),(8550,'Master\'s Degree',62,288,0,-1),(8551,'Employed',63,288,0,-1),(8552,'Leisure',33,289,0,-1),(8553,NULL,35,289,7,-1),(8554,NULL,36,289,7,-1),(8555,NULL,37,289,4,-1),(8556,NULL,38,289,4,-1),(8557,NULL,39,289,4,-1),(8558,NULL,34,289,4.8,-1),(8559,NULL,40,289,5,-1),(8560,NULL,41,289,6,-1),(8561,NULL,42,289,7,-1),(8562,NULL,43,289,6,-1),(8563,NULL,44,289,7,-1),(8564,NULL,45,289,6,-1),(8565,NULL,46,289,6,-1),(8566,NULL,47,289,6,-1),(8567,NULL,48,289,6,-1),(8568,NULL,49,289,6,-1),(8569,NULL,50,289,6,-1),(8570,NULL,51,289,6,-1),(8571,NULL,52,289,6,-1),(8572,NULL,53,289,4,-1),(8573,NULL,54,289,4,-1),(8574,NULL,55,289,4,-1),(8575,NULL,56,289,4,-1),(8576,NULL,57,289,4,-1),(8577,'18 - 24',59,289,0,-1),(8578,'Male',60,289,0,-1),(8579,'Portugal',61,289,0,-1),(8580,'Master\'s Degree',62,289,0,-1),(8581,'Employed',63,289,0,-1),(8582,'Leisure',33,290,0,-1),(8583,NULL,35,290,6,-1),(8584,NULL,36,290,6,-1),(8585,NULL,37,290,4,-1),(8586,NULL,38,290,4,-1),(8587,NULL,39,290,4,-1),(8588,NULL,34,290,5.4,-1),(8589,NULL,40,290,6,-1),(8590,NULL,41,290,3,-1),(8591,NULL,42,290,5,-1),(8592,NULL,43,290,5,-1),(8593,NULL,44,290,5,-1),(8594,NULL,45,290,5,-1),(8595,NULL,46,290,5,-1),(8596,NULL,47,290,5,-1),(8597,NULL,48,290,5,-1),(8598,NULL,49,290,6,-1),(8599,NULL,50,290,6,-1),(8600,NULL,51,290,2,-1),(8601,NULL,52,290,4,-1),(8602,NULL,53,290,6,-1),(8603,NULL,54,290,5,-1),(8604,NULL,55,290,7,-1),(8605,NULL,56,290,7,-1),(8606,NULL,57,290,6,-1),(8607,'18 - 24',59,290,0,-1),(8608,'Female',60,290,0,-1),(8609,'Portugal',61,290,0,-1),(8610,'Master\'s Degree',62,290,0,-1),(8611,'Employed',63,290,0,-1),(8612,'Leisure',33,291,0,-1),(8613,NULL,35,291,6,-1),(8614,NULL,36,291,3,-1),(8615,NULL,37,291,2,-1),(8616,NULL,38,291,2,-1),(8617,NULL,39,291,2,-1),(8618,NULL,34,291,2.8,-1),(8619,NULL,40,291,2,-1),(8620,NULL,41,291,2,-1),(8621,NULL,42,291,2,-1),(8622,NULL,43,291,2,-1),(8623,NULL,44,291,2,-1),(8624,NULL,45,291,2,-1),(8625,NULL,46,291,2,-1),(8626,NULL,47,291,2,-1),(8627,NULL,48,291,2,-1),(8628,NULL,49,291,2,-1),(8629,NULL,50,291,4,-1),(8630,NULL,51,291,1,-1),(8631,NULL,52,291,1,-1),(8632,NULL,53,291,1,-1),(8633,NULL,54,291,1,-1),(8634,NULL,55,291,1,-1),(8635,NULL,56,291,1,-1),(8636,NULL,57,291,1,-1),(8637,'35 - 44',59,291,0,-1),(8638,'Female',60,291,0,-1),(8639,'Portugal',61,291,0,-1),(8640,'I prefer not to say.',62,291,0,-1),(8641,'I prefer not to say.',63,291,0,-1),(8642,'Leisure',33,292,0,-1),(8643,NULL,35,292,7,-1),(8644,NULL,36,292,6,-1),(8645,NULL,37,292,4,-1),(8646,NULL,38,292,4,-1),(8647,NULL,39,292,5,-1),(8648,NULL,34,292,5.6,-1),(8649,NULL,40,292,6,-1),(8650,NULL,41,292,6,-1),(8651,NULL,42,292,6,-1),(8652,NULL,43,292,6,-1),(8653,NULL,44,292,6,-1),(8654,NULL,45,292,6,-1),(8655,NULL,46,292,4,-1),(8656,NULL,47,292,6,-1),(8657,NULL,48,292,5,-1),(8658,NULL,49,292,5,-1),(8659,NULL,50,292,7,-1),(8660,NULL,51,292,1,-1),(8661,NULL,52,292,7,-1),(8662,NULL,53,292,6,-1),(8663,NULL,54,292,7,-1),(8664,NULL,55,292,6,-1),(8665,NULL,56,292,7,-1),(8666,NULL,57,292,7,-1),(8667,'25 - 34',59,292,0,-1),(8668,'Male',60,292,0,-1),(8669,'Portugal',61,292,0,-1),(8670,'Master\'s Degree',62,292,0,-1),(8671,'Employed',63,292,0,-1),(8672,'Leisure',33,293,0,-1),(8673,NULL,35,293,5,-1),(8674,NULL,36,293,6,-1),(8675,NULL,37,293,5,-1),(8676,NULL,38,293,6,-1),(8677,NULL,39,293,6,-1),(8678,NULL,34,293,5.2,-1),(8679,NULL,40,293,5,-1),(8680,NULL,41,293,6,-1),(8681,NULL,42,293,5,-1),(8682,NULL,43,293,5,-1),(8683,NULL,44,293,5,-1),(8684,NULL,45,293,5,-1),(8685,NULL,46,293,6,-1),(8686,NULL,47,293,5,-1),(8687,NULL,48,293,5,-1),(8688,NULL,49,293,5,-1),(8689,NULL,50,293,5,-1),(8690,NULL,51,293,5,-1),(8691,NULL,52,293,5,-1),(8692,NULL,53,293,4,-1),(8693,NULL,54,293,5,-1),(8694,NULL,55,293,4,-1),(8695,NULL,56,293,5,-1),(8696,NULL,57,293,4,-1),(8697,'35 - 44',59,293,0,-1),(8698,'Male',60,293,0,-1),(8699,'Portugal',61,293,0,-1),(8700,'Master\'s Degree',62,293,0,-1),(8701,'Employed',63,293,0,-1),(8702,'Leisure',33,294,0,-1),(8703,NULL,35,294,7,-1),(8704,NULL,36,294,7,-1),(8705,NULL,37,294,5,-1),(8706,NULL,38,294,5,-1),(8707,NULL,39,294,6,-1),(8708,NULL,34,294,7,-1),(8709,NULL,40,294,6,-1),(8710,NULL,41,294,7,-1),(8711,NULL,42,294,7,-1),(8712,NULL,43,294,7,-1),(8713,NULL,44,294,7,-1),(8714,NULL,45,294,7,-1),(8715,NULL,46,294,7,-1),(8716,NULL,47,294,7,-1),(8717,NULL,48,294,7,-1),(8718,NULL,49,294,7,-1),(8719,NULL,50,294,6,-1),(8720,NULL,51,294,4,-1),(8721,NULL,52,294,6,-1),(8722,NULL,53,294,6,-1),(8723,NULL,54,294,4,-1),(8724,NULL,55,294,6,-1),(8725,NULL,56,294,6,-1),(8726,NULL,57,294,6,-1),(8727,'55 - 64',59,294,0,-1),(8728,'Female',60,294,0,-1),(8729,'Portugal',61,294,0,-1),(8730,'Master\'s Degree',62,294,0,-1),(8731,'Employed',63,294,0,-1),(8732,'Leisure',33,295,0,-1),(8733,NULL,35,295,7,-1),(8734,NULL,36,295,6,-1),(8735,NULL,37,295,4,-1),(8736,NULL,38,295,4,-1),(8737,NULL,39,295,4,-1),(8738,NULL,34,295,5.2,-1),(8739,NULL,40,295,6,-1),(8740,NULL,41,295,6,-1),(8741,NULL,42,295,1,-1),(8742,NULL,43,295,4,-1),(8743,NULL,44,295,6,-1),(8744,NULL,45,295,6,-1),(8745,NULL,46,295,4,-1),(8746,NULL,47,295,6,-1),(8747,NULL,48,295,4,-1),(8748,NULL,49,295,6,-1),(8749,NULL,50,295,7,-1),(8750,NULL,51,295,7,-1),(8751,NULL,52,295,7,-1),(8752,NULL,53,295,4,-1),(8753,NULL,54,295,4,-1),(8754,NULL,55,295,4,-1),(8755,NULL,56,295,1,-1),(8756,NULL,57,295,4,-1),(8757,'45 - 54',59,295,0,-1),(8758,'Female',60,295,0,-1),(8759,'Portugal',61,295,0,-1),(8760,'Bachelor\'s Degree',62,295,0,-1),(8761,'Employed',63,295,0,-1),(8762,'Leisure',33,296,0,-1),(8763,NULL,35,296,6,-1),(8764,NULL,36,296,6,-1),(8765,NULL,37,296,7,-1),(8766,NULL,38,296,4,-1),(8767,NULL,39,296,4,-1),(8768,NULL,34,296,5.6,-1),(8769,NULL,40,296,4,-1),(8770,NULL,41,296,6,-1),(8771,NULL,42,296,6,-1),(8772,NULL,43,296,4,-1),(8773,NULL,44,296,6,-1),(8774,NULL,45,296,6,-1),(8775,NULL,46,296,4,-1),(8776,NULL,47,296,5,-1),(8777,NULL,48,296,6,-1),(8778,NULL,49,296,6,-1),(8779,NULL,50,296,6,-1),(8780,NULL,51,296,2,-1),(8781,NULL,52,296,6,-1),(8782,NULL,53,296,4,-1),(8783,NULL,54,296,6,-1),(8784,NULL,55,296,4,-1),(8785,NULL,56,296,6,-1),(8786,NULL,57,296,2,-1),(8787,'35 - 44',59,296,0,-1),(8788,'Female',60,296,0,-1),(8789,'Portugal',61,296,0,-1),(8790,'Master\'s Degree',62,296,0,-1),(8791,'Employed',63,296,0,-1),(8792,'Leisure',33,297,0,-1),(8793,NULL,35,297,6,-1),(8794,NULL,36,297,6,-1),(8795,NULL,37,297,4,-1),(8796,NULL,38,297,5,-1),(8797,NULL,39,297,6,-1),(8798,NULL,34,297,6,-1),(8799,NULL,40,297,7,-1),(8800,NULL,41,297,6,-1),(8801,NULL,42,297,6,-1),(8802,NULL,43,297,6,-1),(8803,NULL,44,297,7,-1),(8804,NULL,45,297,4,-1),(8805,NULL,46,297,4,-1),(8806,NULL,47,297,6,-1),(8807,NULL,48,297,6,-1),(8808,NULL,49,297,6,-1),(8809,NULL,50,297,6,-1),(8810,NULL,51,297,4,-1),(8811,NULL,52,297,6,-1),(8812,NULL,53,297,5,-1),(8813,NULL,54,297,5,-1),(8814,NULL,55,297,5,-1),(8815,NULL,56,297,4,-1),(8816,NULL,57,297,4,-1),(8817,'45 - 54',59,297,0,-1),(8818,'Female',60,297,0,-1),(8819,'Portugal',61,297,0,-1),(8820,'High School Degree',62,297,0,-1),(8821,'Employed',63,297,0,-1),(8822,'Leisure',33,298,0,-1),(8823,NULL,35,298,6,-1),(8824,NULL,36,298,3,-1),(8825,NULL,37,298,4,-1),(8826,NULL,38,298,4,-1),(8827,NULL,39,298,4,-1),(8828,NULL,34,298,5.8,-1),(8829,NULL,40,298,6,-1),(8830,NULL,41,298,7,-1),(8831,NULL,42,298,7,-1),(8832,NULL,43,298,7,-1),(8833,NULL,44,298,7,-1),(8834,NULL,45,298,6,-1),(8835,NULL,46,298,4,-1),(8836,NULL,47,298,4,-1),(8837,NULL,48,298,4,-1),(8838,NULL,49,298,4,-1),(8839,NULL,50,298,7,-1),(8840,NULL,51,298,7,-1),(8841,NULL,52,298,7,-1),(8842,NULL,53,298,4,-1),(8843,NULL,54,298,4,-1),(8844,NULL,55,298,4,-1),(8845,NULL,56,298,4,-1),(8846,NULL,57,298,4,-1),(8847,'18 - 24',59,298,0,-1),(8848,'Female',60,298,0,-1),(8849,'Portugal',61,298,0,-1),(8850,'Master\'s Degree',62,298,0,-1),(8851,'Employed',63,298,0,-1),(8852,'Leisure',33,299,0,-1),(8853,NULL,35,299,7,-1),(8854,NULL,36,299,5,-1),(8855,NULL,37,299,1,-1),(8856,NULL,38,299,1,-1),(8857,NULL,39,299,1,-1),(8858,NULL,34,299,6.4,-1),(8859,NULL,40,299,6,-1),(8860,NULL,41,299,3,-1),(8861,NULL,42,299,6,-1),(8862,NULL,43,299,5,-1),(8863,NULL,44,299,6,-1),(8864,NULL,45,299,6,-1),(8865,NULL,46,299,6,-1),(8866,NULL,47,299,6,-1),(8867,NULL,48,299,5,-1),(8868,NULL,49,299,5,-1),(8869,NULL,50,299,6,-1),(8870,NULL,51,299,1,-1),(8871,NULL,52,299,5,-1),(8872,NULL,53,299,7,-1),(8873,NULL,54,299,7,-1),(8874,NULL,55,299,7,-1),(8875,NULL,56,299,7,-1),(8876,NULL,57,299,7,-1),(8877,'55 - 64',59,299,0,-1),(8878,'Female',60,299,0,-1),(8879,'Portugal',61,299,0,-1),(8880,'Master\'s Degree',62,299,0,-1),(8881,'Employed',63,299,0,-1),(8882,'Leisure',33,300,0,-1),(8883,NULL,35,300,7,-1),(8884,NULL,36,300,7,-1),(8885,NULL,37,300,4,-1),(8886,NULL,38,300,4,-1),(8887,NULL,39,300,5,-1),(8888,NULL,34,300,6,-1),(8889,NULL,40,300,7,-1),(8890,NULL,41,300,5,-1),(8891,NULL,42,300,6,-1),(8892,NULL,43,300,6,-1),(8893,NULL,44,300,6,-1),(8894,NULL,45,300,6,-1),(8895,NULL,46,300,4,-1),(8896,NULL,47,300,6,-1),(8897,NULL,48,300,6,-1),(8898,NULL,49,300,6,-1),(8899,NULL,50,300,6,-1),(8900,NULL,51,300,4,-1),(8901,NULL,52,300,6,-1),(8902,NULL,53,300,6,-1),(8903,NULL,54,300,5,-1),(8904,NULL,55,300,5,-1),(8905,NULL,56,300,4,-1),(8906,NULL,57,300,5,-1),(8907,'35 - 44',59,300,0,-1),(8908,'Female',60,300,0,-1),(8909,'Portugal',61,300,0,-1),(8910,'Bachelor\'s Degree',62,300,0,-1),(8911,'Employed',63,300,0,-1),(8912,'Leisure',33,301,0,-1),(8913,NULL,35,301,7,-1),(8914,NULL,36,301,7,-1),(8915,NULL,37,301,4,-1),(8916,NULL,38,301,5,-1),(8917,NULL,39,301,4,-1),(8918,NULL,34,301,6,-1),(8919,NULL,40,301,6,-1),(8920,NULL,41,301,5,-1),(8921,NULL,42,301,7,-1),(8922,NULL,43,301,5,-1),(8923,NULL,44,301,7,-1),(8924,NULL,45,301,6,-1),(8925,NULL,46,301,6,-1),(8926,NULL,47,301,7,-1),(8927,NULL,48,301,6,-1),(8928,NULL,49,301,6,-1),(8929,NULL,50,301,7,-1),(8930,NULL,51,301,2,-1),(8931,NULL,52,301,6,-1),(8932,NULL,53,301,4,-1),(8933,NULL,54,301,4,-1),(8934,NULL,55,301,4,-1),(8935,NULL,56,301,4,-1),(8936,NULL,57,301,4,-1),(8937,'25 - 34',59,301,0,-1),(8938,'Female',60,301,0,-1),(8939,'Portugal',61,301,0,-1),(8940,'Master\'s Degree',62,301,0,-1),(8941,'Employed',63,301,0,-1),(8942,'Leisure',33,302,0,-1),(8943,NULL,35,302,7,-1),(8944,NULL,36,302,7,-1),(8945,NULL,37,302,4,-1),(8946,NULL,38,302,4,-1),(8947,NULL,39,302,5,-1),(8948,NULL,34,302,6,-1),(8949,NULL,40,302,6,-1),(8950,NULL,41,302,5,-1),(8951,NULL,42,302,6,-1),(8952,NULL,43,302,5,-1),(8953,NULL,44,302,7,-1),(8954,NULL,45,302,6,-1),(8955,NULL,46,302,6,-1),(8956,NULL,47,302,6,-1),(8957,NULL,48,302,4,-1),(8958,NULL,49,302,4,-1),(8959,NULL,50,302,7,-1),(8960,NULL,51,302,1,-1),(8961,NULL,52,302,7,-1),(8962,NULL,53,302,5,-1),(8963,NULL,54,302,3,-1),(8964,NULL,55,302,6,-1),(8965,NULL,56,302,6,-1),(8966,NULL,57,302,6,-1),(8967,'25 - 34',59,302,0,-1),(8968,'Female',60,302,0,-1),(8969,'Portugal',61,302,0,-1),(8970,'Bachelor\'s Degree',62,302,0,-1),(8971,'Employed',63,302,0,-1),(8972,'Leisure',33,303,0,-1),(8973,NULL,35,303,6,-1),(8974,NULL,36,303,7,-1),(8975,NULL,37,303,4,-1),(8976,NULL,38,303,4,-1),(8977,NULL,39,303,4,-1),(8978,NULL,34,303,4.8,-1),(8979,NULL,40,303,4,-1),(8980,NULL,41,303,5,-1),(8981,NULL,42,303,6,-1),(8982,NULL,43,303,6,-1),(8983,NULL,44,303,4,-1),(8984,NULL,45,303,5,-1),(8985,NULL,46,303,4,-1),(8986,NULL,47,303,4,-1),(8987,NULL,48,303,4,-1),(8988,NULL,49,303,5,-1),(8989,NULL,50,303,5,-1),(8990,NULL,51,303,4,-1),(8991,NULL,52,303,6,-1),(8992,NULL,53,303,4,-1),(8993,NULL,54,303,6,-1),(8994,NULL,55,303,5,-1),(8995,NULL,56,303,4,-1),(8996,NULL,57,303,4,-1),(8997,'25 - 34',59,303,0,-1),(8998,'Male',60,303,0,-1),(8999,'Portugal',61,303,0,-1),(9000,'Bachelor\'s Degree',62,303,0,-1),(9001,'Employed',63,303,0,-1),(9002,'Leisure',33,304,0,-1),(9003,NULL,35,304,6,-1),(9004,NULL,36,304,6,-1),(9005,NULL,37,304,6,-1),(9006,NULL,38,304,6,-1),(9007,NULL,39,304,6,-1),(9008,NULL,34,304,6.4,-1),(9009,NULL,40,304,6,-1),(9010,NULL,41,304,6,-1),(9011,NULL,42,304,6,-1),(9012,NULL,43,304,6,-1),(9013,NULL,44,304,7,-1),(9014,NULL,45,304,5,-1),(9015,NULL,46,304,4,-1),(9016,NULL,47,304,6,-1),(9017,NULL,48,304,5,-1),(9018,NULL,49,304,6,-1),(9019,NULL,50,304,6,-1),(9020,NULL,51,304,4,-1),(9021,NULL,52,304,4,-1),(9022,NULL,53,304,4,-1),(9023,NULL,54,304,5,-1),(9024,NULL,55,304,4,-1),(9025,NULL,56,304,6,-1),(9026,NULL,57,304,6,-1),(9027,'18 - 24',59,304,0,-1),(9028,'Female',60,304,0,-1),(9029,'Portugal',61,304,0,-1),(9030,'High School Degree',62,304,0,-1),(9031,'University Student',63,304,0,-1),(9032,'Leisure',33,305,0,-1),(9033,NULL,35,305,7,-1),(9034,NULL,36,305,7,-1),(9035,NULL,37,305,4,-1),(9036,NULL,38,305,4,-1),(9037,NULL,39,305,5,-1),(9038,NULL,34,305,5.8,-1),(9039,NULL,40,305,6,-1),(9040,NULL,41,305,6,-1),(9041,NULL,42,305,6,-1),(9042,NULL,43,305,6,-1),(9043,NULL,44,305,6,-1),(9044,NULL,45,305,6,-1),(9045,NULL,46,305,6,-1),(9046,NULL,47,305,6,-1),(9047,NULL,48,305,6,-1),(9048,NULL,49,305,6,-1),(9049,NULL,50,305,6,-1),(9050,NULL,51,305,2,-1),(9051,NULL,52,305,6,-1),(9052,NULL,53,305,5,-1),(9053,NULL,54,305,5,-1),(9054,NULL,55,305,5,-1),(9055,NULL,56,305,5,-1),(9056,NULL,57,305,6,-1),(9057,'25 - 34',59,305,0,-1),(9058,'Female',60,305,0,-1),(9059,'Portugal',61,305,0,-1),(9060,'Bachelor\'s Degree',62,305,0,-1),(9061,'University Student',63,305,0,-1),(9062,'Leisure',33,306,0,-1),(9063,NULL,35,306,7,-1),(9064,NULL,36,306,6,-1),(9065,NULL,37,306,4,-1),(9066,NULL,38,306,4,-1),(9067,NULL,39,306,4,-1),(9068,NULL,34,306,5,-1),(9069,NULL,40,306,7,-1),(9070,NULL,41,306,4,-1),(9071,NULL,42,306,6,-1),(9072,NULL,43,306,7,-1),(9073,NULL,44,306,7,-1),(9074,NULL,45,306,6,-1),(9075,NULL,46,306,4,-1),(9076,NULL,47,306,4,-1),(9077,NULL,48,306,5,-1),(9078,NULL,49,306,4,-1),(9079,NULL,50,306,7,-1),(9080,NULL,51,306,1,-1),(9081,NULL,52,306,6,-1),(9082,NULL,53,306,4,-1),(9083,NULL,54,306,6,-1),(9084,NULL,55,306,6,-1),(9085,NULL,56,306,6,-1),(9086,NULL,57,306,6,-1),(9087,'18 - 24',59,306,0,-1),(9088,'Female',60,306,0,-1),(9089,'Portugal',61,306,0,-1),(9090,'Bachelor\'s Degree',62,306,0,-1),(9091,'University Student',63,306,0,-1),(9092,'Work',33,307,0,-1),(9093,NULL,35,307,4,-1),(9094,NULL,36,307,4,-1),(9095,NULL,37,307,6,-1),(9096,NULL,38,307,4,-1),(9097,NULL,39,307,5,-1),(9098,NULL,34,307,6,-1),(9099,NULL,40,307,7,-1),(9100,NULL,41,307,7,-1),(9101,NULL,42,307,7,-1),(9102,NULL,43,307,7,-1),(9103,NULL,44,307,7,-1),(9104,NULL,45,307,4,-1),(9105,NULL,46,307,4,-1),(9106,NULL,47,307,7,-1),(9107,NULL,48,307,4,-1),(9108,NULL,49,307,6,-1),(9109,NULL,50,307,4,-1),(9110,NULL,51,307,7,-1),(9111,NULL,52,307,4,-1),(9112,NULL,53,307,4,-1),(9113,NULL,54,307,4,-1),(9114,NULL,55,307,4,-1),(9115,NULL,56,307,4,-1),(9116,NULL,57,307,7,-1),(9117,'18 - 24',59,307,0,-1),(9118,'Male',60,307,0,-1),(9119,'Portugal',61,307,0,-1),(9120,'Bachelor\'s Degree',62,307,0,-1),(9121,'Employed',63,307,0,-1),(9122,'Leisure',33,308,0,-1),(9123,NULL,35,308,7,-1),(9124,NULL,36,308,7,-1),(9125,NULL,37,308,4,-1),(9126,NULL,38,308,4,-1),(9127,NULL,39,308,4,-1),(9128,NULL,34,308,5.6,-1),(9129,NULL,40,308,6,-1),(9130,NULL,41,308,6,-1),(9131,NULL,42,308,6,-1),(9132,NULL,43,308,5,-1),(9133,NULL,44,308,6,-1),(9134,NULL,45,308,7,-1),(9135,NULL,46,308,7,-1),(9136,NULL,47,308,4,-1),(9137,NULL,48,308,7,-1),(9138,NULL,49,308,7,-1),(9139,NULL,50,308,6,-1),(9140,NULL,51,308,4,-1),(9141,NULL,52,308,4,-1),(9142,NULL,53,308,4,-1),(9143,NULL,54,308,4,-1),(9144,NULL,55,308,4,-1),(9145,NULL,56,308,4,-1),(9146,NULL,57,308,4,-1),(9147,'18 - 24',59,308,0,-1),(9148,'Female',60,308,0,-1),(9149,'Portugal',61,308,0,-1),(9150,'High School Degree',62,308,0,-1),(9151,'University Student',63,308,0,-1),(9152,'Leisure',33,309,0,-1),(9153,NULL,35,309,5,-1),(9154,NULL,36,309,7,-1),(9155,NULL,37,309,4,-1),(9156,NULL,38,309,4,-1),(9157,NULL,39,309,4,-1),(9158,NULL,34,309,6.2,-1),(9159,NULL,40,309,5,-1),(9160,NULL,41,309,7,-1),(9161,NULL,42,309,7,-1),(9162,NULL,43,309,4,-1),(9163,NULL,44,309,6,-1),(9164,NULL,45,309,7,-1),(9165,NULL,46,309,7,-1),(9166,NULL,47,309,7,-1),(9167,NULL,48,309,7,-1),(9168,NULL,49,309,7,-1),(9169,NULL,50,309,7,-1),(9170,NULL,51,309,4,-1),(9171,NULL,52,309,4,-1),(9172,NULL,53,309,4,-1),(9173,NULL,54,309,5,-1),(9174,NULL,55,309,4,-1),(9175,NULL,56,309,4,-1),(9176,NULL,57,309,6,-1),(9177,'18 - 24',59,309,0,-1),(9178,'Female',60,309,0,-1),(9179,'Portugal',61,309,0,-1),(9180,'High School Degree',62,309,0,-1),(9181,'University Student',63,309,0,-1),(9182,'Leisure',33,310,0,-1),(9183,NULL,35,310,5,-1),(9184,NULL,36,310,6,-1),(9185,NULL,37,310,3,-1),(9186,NULL,38,310,4,-1),(9187,NULL,39,310,4,-1),(9188,NULL,34,310,4.2,-1),(9189,NULL,40,310,5,-1),(9190,NULL,41,310,4,-1),(9191,NULL,42,310,5,-1),(9192,NULL,43,310,5,-1),(9193,NULL,44,310,5,-1),(9194,NULL,45,310,4,-1),(9195,NULL,46,310,5,-1),(9196,NULL,47,310,4,-1),(9197,NULL,48,310,4,-1),(9198,NULL,49,310,4,-1),(9199,NULL,50,310,5,-1),(9200,NULL,51,310,4,-1),(9201,NULL,52,310,5,-1),(9202,NULL,53,310,4,-1),(9203,NULL,54,310,4,-1),(9204,NULL,55,310,4,-1),(9205,NULL,56,310,3,-1),(9206,NULL,57,310,5,-1),(9207,'18 - 24',59,310,0,-1),(9208,'Female',60,310,0,-1),(9209,'Portugal',61,310,0,-1),(9210,'Bachelor\'s Degree',62,310,0,-1),(9211,'Working Student',63,310,0,-1),(9212,'Leisure',33,311,0,-1),(9213,NULL,35,311,7,-1),(9214,NULL,36,311,7,-1),(9215,NULL,37,311,4,-1),(9216,NULL,38,311,6,-1),(9217,NULL,39,311,6,-1),(9218,NULL,34,311,7,-1),(9219,NULL,40,311,7,-1),(9220,NULL,41,311,6,-1),(9221,NULL,42,311,7,-1),(9222,NULL,43,311,7,-1),(9223,NULL,44,311,7,-1),(9224,NULL,45,311,7,-1),(9225,NULL,46,311,5,-1),(9226,NULL,47,311,7,-1),(9227,NULL,48,311,7,-1),(9228,NULL,49,311,7,-1),(9229,NULL,50,311,7,-1),(9230,NULL,51,311,4,-1),(9231,NULL,52,311,4,-1),(9232,NULL,53,311,6,-1),(9233,NULL,54,311,7,-1),(9234,NULL,55,311,7,-1),(9235,NULL,56,311,7,-1),(9236,NULL,57,311,4,-1),(9237,'45 - 54',59,311,0,-1),(9238,'Male',60,311,0,-1),(9239,'Portugal',61,311,0,-1),(9240,'Master\'s Degree',62,311,0,-1),(9241,'Other (please specify)',63,311,0,-1),(9242,'Work',33,312,0,-1),(9243,NULL,35,312,7,-1),(9244,NULL,36,312,6,-1),(9245,NULL,37,312,4,-1),(9246,NULL,38,312,4,-1),(9247,NULL,39,312,4,-1),(9248,NULL,34,312,5.4,-1),(9249,NULL,40,312,6,-1),(9250,NULL,41,312,6,-1),(9251,NULL,42,312,6,-1),(9252,NULL,43,312,6,-1),(9253,NULL,44,312,7,-1),(9254,NULL,45,312,6,-1),(9255,NULL,46,312,4,-1),(9256,NULL,47,312,7,-1),(9257,NULL,48,312,6,-1),(9258,NULL,49,312,6,-1),(9259,NULL,50,312,6,-1),(9260,NULL,51,312,1,-1),(9261,NULL,52,312,2,-1),(9262,NULL,53,312,6,-1),(9263,NULL,54,312,6,-1),(9264,NULL,55,312,6,-1),(9265,NULL,56,312,6,-1),(9266,NULL,57,312,4,-1),(9267,'45 - 54',59,312,0,-1),(9268,'Male',60,312,0,-1),(9269,'Portugal',61,312,0,-1),(9270,'Master\'s Degree',62,312,0,-1),(9271,'Employed',63,312,0,-1),(9272,'Leisure',33,313,0,-1),(9273,NULL,35,313,4,-1),(9274,NULL,36,313,6,-1),(9275,NULL,37,313,4,-1),(9276,NULL,38,313,4,-1),(9277,NULL,39,313,4,-1),(9278,NULL,34,313,4.8,-1),(9279,NULL,40,313,5,-1),(9280,NULL,41,313,3,-1),(9281,NULL,42,313,7,-1),(9282,NULL,43,313,6,-1),(9283,NULL,44,313,6,-1),(9284,NULL,45,313,5,-1),(9285,NULL,46,313,5,-1),(9286,NULL,47,313,4,-1),(9287,NULL,48,313,4,-1),(9288,NULL,49,313,5,-1),(9289,NULL,50,313,4,-1),(9290,NULL,51,313,4,-1),(9291,NULL,52,313,7,-1),(9292,NULL,53,313,3,-1),(9293,NULL,54,313,4,-1),(9294,NULL,55,313,4,-1),(9295,NULL,56,313,4,-1),(9296,NULL,57,313,4,-1),(9297,'45 - 54',59,313,0,-1),(9298,'Male',60,313,0,-1),(9299,'Portugal',61,313,0,-1),(9300,'Bachelor\'s Degree',62,313,0,-1),(9301,'I prefer not to say.',63,313,0,-1),(9302,'Leisure',33,314,0,-1),(9303,NULL,35,314,6,-1),(9304,NULL,36,314,6,-1),(9305,NULL,37,314,4,-1),(9306,NULL,38,314,4,-1),(9307,NULL,39,314,4,-1),(9308,NULL,34,314,5.6,-1),(9309,NULL,40,314,6,-1),(9310,NULL,41,314,6,-1),(9311,NULL,42,314,3,-1),(9312,NULL,43,314,5,-1),(9313,NULL,44,314,5,-1),(9314,NULL,45,314,5,-1),(9315,NULL,46,314,6,-1),(9316,NULL,47,314,5,-1),(9317,NULL,48,314,4,-1),(9318,NULL,49,314,5,-1),(9319,NULL,50,314,5,-1),(9320,NULL,51,314,2,-1),(9321,NULL,52,314,6,-1),(9322,NULL,53,314,4,-1),(9323,NULL,54,314,5,-1),(9324,NULL,55,314,5,-1),(9325,NULL,56,314,5,-1),(9326,NULL,57,314,5,-1),(9327,'35 - 44',59,314,0,-1),(9328,'Female',60,314,0,-1),(9329,'Portugal',61,314,0,-1),(9330,'Master\'s Degree',62,314,0,-1),(9331,'Employed',63,314,0,-1),(9332,'Leisure',33,315,0,-1),(9333,NULL,35,315,6,-1),(9334,NULL,36,315,6,-1),(9335,NULL,37,315,4,-1),(9336,NULL,38,315,5,-1),(9337,NULL,39,315,5,-1),(9338,NULL,34,315,5.6,-1),(9339,NULL,40,315,6,-1),(9340,NULL,41,315,5,-1),(9341,NULL,42,315,5,-1),(9342,NULL,43,315,5,-1),(9343,NULL,44,315,6,-1),(9344,NULL,45,315,6,-1),(9345,NULL,46,315,6,-1),(9346,NULL,47,315,6,-1),(9347,NULL,48,315,7,-1),(9348,NULL,49,315,6,-1),(9349,NULL,50,315,7,-1),(9350,NULL,51,315,7,-1),(9351,NULL,52,315,7,-1),(9352,NULL,53,315,4,-1),(9353,NULL,54,315,5,-1),(9354,NULL,55,315,4,-1),(9355,NULL,56,315,4,-1),(9356,NULL,57,315,5,-1),(9357,'45 - 54',59,315,0,-1),(9358,'Male',60,315,0,-1),(9359,'Portugal',61,315,0,-1),(9360,'Master\'s Degree',62,315,0,-1),(9361,'Employed',63,315,0,-1),(9362,'Work',33,316,0,-1),(9363,NULL,35,316,4,-1),(9364,NULL,36,316,3,-1),(9365,NULL,37,316,5,-1),(9366,NULL,38,316,4,-1),(9367,NULL,39,316,4,-1),(9368,NULL,34,316,4.8,-1),(9369,NULL,40,316,5,-1),(9370,NULL,41,316,5,-1),(9371,NULL,42,316,3,-1),(9372,NULL,43,316,3,-1),(9373,NULL,44,316,5,-1),(9374,NULL,45,316,5,-1),(9375,NULL,46,316,5,-1),(9376,NULL,47,316,6,-1),(9377,NULL,48,316,6,-1),(9378,NULL,49,316,6,-1),(9379,NULL,50,316,4,-1),(9380,NULL,51,316,2,-1),(9381,NULL,52,316,6,-1),(9382,NULL,53,316,4,-1),(9383,NULL,54,316,5,-1),(9384,NULL,55,316,5,-1),(9385,NULL,56,316,5,-1),(9386,NULL,57,316,5,-1),(9387,'35 - 44',59,316,0,-1),(9388,'Male',60,316,0,-1),(9389,'Portugal',61,316,0,-1),(9390,'Master\'s Degree',62,316,0,-1),(9391,'Employed',63,316,0,-1),(9392,'Leisure',33,317,0,-1),(9393,NULL,35,317,7,-1),(9394,NULL,36,317,7,-1),(9395,NULL,37,317,6,-1),(9396,NULL,38,317,6,-1),(9397,NULL,39,317,5,-1),(9398,NULL,34,317,6.2,-1),(9399,NULL,40,317,6,-1),(9400,NULL,41,317,6,-1),(9401,NULL,42,317,7,-1),(9402,NULL,43,317,7,-1),(9403,NULL,44,317,7,-1),(9404,NULL,45,317,7,-1),(9405,NULL,46,317,4,-1),(9406,NULL,47,317,7,-1),(9407,NULL,48,317,4,-1),(9408,NULL,49,317,7,-1),(9409,NULL,50,317,7,-1),(9410,NULL,51,317,2,-1),(9411,NULL,52,317,7,-1),(9412,NULL,53,317,4,-1),(9413,NULL,54,317,4,-1),(9414,NULL,55,317,6,-1),(9415,NULL,56,317,4,-1),(9416,NULL,57,317,4,-1),(9417,'18 - 24',59,317,0,-1),(9418,'Female',60,317,0,-1),(9419,'Portugal',61,317,0,-1),(9420,'Bachelor\'s Degree',62,317,0,-1),(9421,'Working Student',63,317,0,-1),(9422,'Leisure',33,318,0,-1),(9423,NULL,35,318,6,-1),(9424,NULL,36,318,6,-1),(9425,NULL,37,318,5,-1),(9426,NULL,38,318,6,-1),(9427,NULL,39,318,6,-1),(9428,NULL,34,318,5.6,-1),(9429,NULL,40,318,5,-1),(9430,NULL,41,318,6,-1),(9431,NULL,42,318,6,-1),(9432,NULL,43,318,6,-1),(9433,NULL,44,318,6,-1),(9434,NULL,45,318,3,-1),(9435,NULL,46,318,3,-1),(9436,NULL,47,318,3,-1),(9437,NULL,48,318,3,-1),(9438,NULL,49,318,3,-1),(9439,NULL,50,318,6,-1),(9440,NULL,51,318,5,-1),(9441,NULL,52,318,6,-1),(9442,NULL,53,318,6,-1),(9443,NULL,54,318,6,-1),(9444,NULL,55,318,2,-1),(9445,NULL,56,318,2,-1),(9446,NULL,57,318,2,-1),(9447,'55 - 64',59,318,0,-1),(9448,'Male',60,318,0,-1),(9449,'Portugal',61,318,0,-1),(9450,'Bachelor\'s Degree',62,318,0,-1),(9451,'Retired',63,318,0,-1),(9452,'Leisure',33,319,0,-1),(9453,NULL,35,319,6,-1),(9454,NULL,36,319,6,-1),(9455,NULL,37,319,4,-1),(9456,NULL,38,319,6,-1),(9457,NULL,39,319,7,-1),(9458,NULL,34,319,5,-1),(9459,NULL,40,319,7,-1),(9460,NULL,41,319,7,-1),(9461,NULL,42,319,7,-1),(9462,NULL,43,319,6,-1),(9463,NULL,44,319,6,-1),(9464,NULL,45,319,7,-1),(9465,NULL,46,319,5,-1),(9466,NULL,47,319,6,-1),(9467,NULL,48,319,6,-1),(9468,NULL,49,319,5,-1),(9469,NULL,50,319,6,-1),(9470,NULL,51,319,2,-1),(9471,NULL,52,319,5,-1),(9472,NULL,53,319,5,-1),(9473,NULL,54,319,3,-1),(9474,NULL,55,319,5,-1),(9475,NULL,56,319,6,-1),(9476,NULL,57,319,5,-1),(9477,'35 - 44',59,319,0,-1),(9478,'Male',60,319,0,-1),(9479,'Portugal',61,319,0,-1),(9480,'Master\'s Degree',62,319,0,-1),(9481,'Employed',63,319,0,-1),(9482,'Leisure',33,320,0,-1),(9483,NULL,35,320,6,-1),(9484,NULL,36,320,6,-1),(9485,NULL,37,320,6,-1),(9486,NULL,38,320,5,-1),(9487,NULL,39,320,5,-1),(9488,NULL,34,320,6,-1),(9489,NULL,40,320,6,-1),(9490,NULL,41,320,6,-1),(9491,NULL,42,320,5,-1),(9492,NULL,43,320,6,-1),(9493,NULL,44,320,7,-1),(9494,NULL,45,320,6,-1),(9495,NULL,46,320,6,-1),(9496,NULL,47,320,6,-1),(9497,NULL,48,320,6,-1),(9498,NULL,49,320,6,-1),(9499,NULL,50,320,6,-1),(9500,NULL,51,320,6,-1),(9501,NULL,52,320,6,-1),(9502,NULL,53,320,6,-1),(9503,NULL,54,320,6,-1),(9504,NULL,55,320,6,-1),(9505,NULL,56,320,4,-1),(9506,NULL,57,320,6,-1),(9507,'45 - 54',59,320,0,-1),(9508,'Male',60,320,0,-1),(9509,'Portugal',61,320,0,-1),(9510,'Master\'s Degree',62,320,0,-1),(9511,'Employed',63,320,0,-1),(9512,'Work',33,321,0,-1),(9513,NULL,35,321,5,-1),(9514,NULL,36,321,3,-1),(9515,NULL,37,321,4,-1),(9516,NULL,38,321,4,-1),(9517,NULL,39,321,4,-1),(9518,NULL,34,321,3.4,-1),(9519,NULL,40,321,4,-1),(9520,NULL,41,321,4,-1),(9521,NULL,42,321,3,-1),(9522,NULL,43,321,4,-1),(9523,NULL,44,321,4,-1),(9524,NULL,45,321,4,-1),(9525,NULL,46,321,4,-1),(9526,NULL,47,321,5,-1),(9527,NULL,48,321,3,-1),(9528,NULL,49,321,4,-1),(9529,NULL,50,321,5,-1),(9530,NULL,51,321,1,-1),(9531,NULL,52,321,7,-1),(9532,NULL,53,321,4,-1),(9533,NULL,54,321,1,-1),(9534,NULL,55,321,1,-1),(9535,NULL,56,321,4,-1),(9536,NULL,57,321,4,-1),(9537,'55 - 64',59,321,0,-1),(9538,'Male',60,321,0,-1),(9539,'Portugal',61,321,0,-1),(9540,'Master\'s Degree',62,321,0,-1),(9541,'Employed',63,321,0,-1),(9542,'Leisure',33,322,0,-1),(9543,NULL,35,322,6,-1),(9544,NULL,36,322,6,-1),(9545,NULL,37,322,4,-1),(9546,NULL,38,322,2,-1),(9547,NULL,39,322,2,-1),(9548,NULL,34,322,5.2,-1),(9549,NULL,40,322,5,-1),(9550,NULL,41,322,6,-1),(9551,NULL,42,322,6,-1),(9552,NULL,43,322,6,-1),(9553,NULL,44,322,6,-1),(9554,NULL,45,322,6,-1),(9555,NULL,46,322,4,-1),(9556,NULL,47,322,6,-1),(9557,NULL,48,322,4,-1),(9558,NULL,49,322,6,-1),(9559,NULL,50,322,7,-1),(9560,NULL,51,322,5,-1),(9561,NULL,52,322,3,-1),(9562,NULL,53,322,5,-1),(9563,NULL,54,322,5,-1),(9564,NULL,55,322,5,-1),(9565,NULL,56,322,4,-1),(9566,NULL,57,322,5,-1),(9567,'18 - 24',59,322,0,-1),(9568,'Female',60,322,0,-1),(9569,'Portugal',61,322,0,-1),(9570,'Bachelor\'s Degree',62,322,0,-1),(9571,'University Student',63,322,0,-1),(9572,'Leisure',33,323,0,-1),(9573,NULL,35,323,7,-1),(9574,NULL,36,323,7,-1),(9575,NULL,37,323,5,-1),(9576,NULL,38,323,4,-1),(9577,NULL,39,323,5,-1),(9578,NULL,34,323,7,-1),(9579,NULL,40,323,7,-1),(9580,NULL,41,323,7,-1),(9581,NULL,42,323,7,-1),(9582,NULL,43,323,7,-1),(9583,NULL,44,323,7,-1),(9584,NULL,45,323,7,-1),(9585,NULL,46,323,4,-1),(9586,NULL,47,323,7,-1),(9587,NULL,48,323,4,-1),(9588,NULL,49,323,7,-1),(9589,NULL,50,323,7,-1),(9590,NULL,51,323,1,-1),(9591,NULL,52,323,7,-1),(9592,NULL,53,323,7,-1),(9593,NULL,54,323,7,-1),(9594,NULL,55,323,7,-1),(9595,NULL,56,323,7,-1),(9596,NULL,57,323,4,-1),(9597,'45 - 54',59,323,0,-1),(9598,'Male',60,323,0,-1),(9599,'Portugal',61,323,0,-1),(9600,'Master\'s Degree',62,323,0,-1),(9601,'Employed',63,323,0,-1),(9602,'Leisure',33,324,0,-1),(9603,NULL,35,324,7,-1),(9604,NULL,36,324,7,-1),(9605,NULL,37,324,4,-1),(9606,NULL,38,324,4,-1),(9607,NULL,39,324,5,-1),(9608,NULL,34,324,4.2,-1),(9609,NULL,40,324,5,-1),(9610,NULL,41,324,3,-1),(9611,NULL,42,324,4,-1),(9612,NULL,43,324,4,-1),(9613,NULL,44,324,6,-1),(9614,NULL,45,324,6,-1),(9615,NULL,46,324,4,-1),(9616,NULL,47,324,4,-1),(9617,NULL,48,324,4,-1),(9618,NULL,49,324,5,-1),(9619,NULL,50,324,6,-1),(9620,NULL,51,324,4,-1),(9621,NULL,52,324,7,-1),(9622,NULL,53,324,5,-1),(9623,NULL,54,324,5,-1),(9624,NULL,55,324,5,-1),(9625,NULL,56,324,4,-1),(9626,NULL,57,324,5,-1),(9627,'55 - 64',59,324,0,-1),(9628,'Male',60,324,0,-1),(9629,'Portugal',61,324,0,-1),(9630,'Master\'s Degree',62,324,0,-1),(9631,'Unemployed',63,324,0,-1),(9632,'Work',33,325,0,-1),(9633,NULL,35,325,7,-1),(9634,NULL,36,325,7,-1),(9635,NULL,37,325,4,-1),(9636,NULL,38,325,4,-1),(9637,NULL,39,325,6,-1),(9638,NULL,34,325,6,-1),(9639,NULL,40,325,6,-1),(9640,NULL,41,325,5,-1),(9641,NULL,42,325,6,-1),(9642,NULL,43,325,5,-1),(9643,NULL,44,325,6,-1),(9644,NULL,45,325,6,-1),(9645,NULL,46,325,6,-1),(9646,NULL,47,325,7,-1),(9647,NULL,48,325,7,-1),(9648,NULL,49,325,7,-1),(9649,NULL,50,325,7,-1),(9650,NULL,51,325,7,-1),(9651,NULL,52,325,7,-1),(9652,NULL,53,325,7,-1),(9653,NULL,54,325,7,-1),(9654,NULL,55,325,7,-1),(9655,NULL,56,325,7,-1),(9656,NULL,57,325,7,-1),(9657,'45 - 54',59,325,0,-1),(9658,'Female',60,325,0,-1),(9659,'Portugal',61,325,0,-1),(9660,'Master\'s Degree',62,325,0,-1),(9661,'Employed',63,325,0,-1),(9662,'Leisure',33,326,0,-1),(9663,NULL,35,326,4,-1),(9664,NULL,36,326,4,-1),(9665,NULL,37,326,4,-1),(9666,NULL,38,326,2,-1),(9667,NULL,39,326,4,-1),(9668,NULL,34,326,6.2,-1),(9669,NULL,40,326,7,-1),(9670,NULL,41,326,6,-1),(9671,NULL,42,326,7,-1),(9672,NULL,43,326,6,-1),(9673,NULL,44,326,7,-1),(9674,NULL,45,326,6,-1),(9675,NULL,46,326,4,-1),(9676,NULL,47,326,6,-1),(9677,NULL,48,326,4,-1),(9678,NULL,49,326,6,-1),(9679,NULL,50,326,4,-1),(9680,NULL,51,326,2,-1),(9681,NULL,52,326,4,-1),(9682,NULL,53,326,6,-1),(9683,NULL,54,326,4,-1),(9684,NULL,55,326,6,-1),(9685,NULL,56,326,6,-1),(9686,NULL,57,326,6,-1),(9687,'18 - 24',59,326,0,-1),(9688,'Female',60,326,0,-1),(9689,'Portugal',61,326,0,-1),(9690,'Bachelor\'s Degree',62,326,0,-1),(9691,'University Student',63,326,0,-1),(9692,'Leisure',33,327,0,-1),(9693,NULL,35,327,4,-1),(9694,NULL,36,327,6,-1),(9695,NULL,37,327,4,-1),(9696,NULL,38,327,4,-1),(9697,NULL,39,327,5,-1),(9698,NULL,34,327,4.6,-1),(9699,NULL,40,327,5,-1),(9700,NULL,41,327,6,-1),(9701,NULL,42,327,6,-1),(9702,NULL,43,327,5,-1),(9703,NULL,44,327,6,-1),(9704,NULL,45,327,5,-1),(9705,NULL,46,327,2,-1),(9706,NULL,47,327,6,-1),(9707,NULL,48,327,4,-1),(9708,NULL,49,327,4,-1),(9709,NULL,50,327,4,-1),(9710,NULL,51,327,4,-1),(9711,NULL,52,327,6,-1),(9712,NULL,53,327,4,-1),(9713,NULL,54,327,4,-1),(9714,NULL,55,327,4,-1),(9715,NULL,56,327,4,-1),(9716,NULL,57,327,5,-1),(9717,'18 - 24',59,327,0,-1),(9718,'Female',60,327,0,-1),(9719,'Portugal',61,327,0,-1),(9720,'Bachelor\'s Degree',62,327,0,-1),(9721,'University Student',63,327,0,-1),(9722,'Leisure',33,328,0,-1),(9723,NULL,35,328,4,-1),(9724,NULL,36,328,6,-1),(9725,NULL,37,328,4,-1),(9726,NULL,38,328,4,-1),(9727,NULL,39,328,2,-1),(9728,NULL,34,328,4,-1),(9729,NULL,40,328,4,-1),(9730,NULL,41,328,7,-1),(9731,NULL,42,328,7,-1),(9732,NULL,43,328,7,-1),(9733,NULL,44,328,7,-1),(9734,NULL,45,328,7,-1),(9735,NULL,46,328,7,-1),(9736,NULL,47,328,7,-1),(9737,NULL,48,328,7,-1),(9738,NULL,49,328,7,-1),(9739,NULL,50,328,4,-1),(9740,NULL,51,328,1,-1),(9741,NULL,52,328,4,-1),(9742,NULL,53,328,7,-1),(9743,NULL,54,328,5,-1),(9744,NULL,55,328,5,-1),(9745,NULL,56,328,6,-1),(9746,NULL,57,328,7,-1),(9747,'18 - 24',59,328,0,-1),(9748,'Female',60,328,0,-1),(9749,'Portugal',61,328,0,-1),(9750,'High School Degree',62,328,0,-1),(9751,'Working Student',63,328,0,-1),(9752,'Leisure',33,329,0,-1),(9753,NULL,35,329,6,-1),(9754,NULL,36,329,6,-1),(9755,NULL,37,329,5,-1),(9756,NULL,38,329,4,-1),(9757,NULL,39,329,4,-1),(9758,NULL,34,329,6,-1),(9759,NULL,40,329,6,-1),(9760,NULL,41,329,6,-1),(9761,NULL,42,329,6,-1),(9762,NULL,43,329,6,-1),(9763,NULL,44,329,7,-1),(9764,NULL,45,329,7,-1),(9765,NULL,46,329,7,-1),(9766,NULL,47,329,7,-1),(9767,NULL,48,329,5,-1),(9768,NULL,49,329,6,-1),(9769,NULL,50,329,6,-1),(9770,NULL,51,329,4,-1),(9771,NULL,52,329,7,-1),(9772,NULL,53,329,6,-1),(9773,NULL,54,329,5,-1),(9774,NULL,55,329,6,-1),(9775,NULL,56,329,4,-1),(9776,NULL,57,329,6,-1),(9777,'35 - 44',59,329,0,-1),(9778,'Female',60,329,0,-1),(9779,'Portugal',61,329,0,-1),(9780,'Doctorate\'s Degree',62,329,0,-1),(9781,'Employed',63,329,0,-1),(9782,'Leisure',33,330,0,-1),(9783,NULL,35,330,6,-1),(9784,NULL,36,330,6,-1),(9785,NULL,37,330,5,-1),(9786,NULL,38,330,6,-1),(9787,NULL,39,330,6,-1),(9788,NULL,34,330,4.8,-1),(9789,NULL,40,330,5,-1),(9790,NULL,41,330,4,-1),(9791,NULL,42,330,3,-1),(9792,NULL,43,330,3,-1),(9793,NULL,44,330,5,-1),(9794,NULL,45,330,5,-1),(9795,NULL,46,330,5,-1),(9796,NULL,47,330,5,-1),(9797,NULL,48,330,5,-1),(9798,NULL,49,330,5,-1),(9799,NULL,50,330,6,-1),(9800,NULL,51,330,3,-1),(9801,NULL,52,330,6,-1),(9802,NULL,53,330,5,-1),(9803,NULL,54,330,5,-1),(9804,NULL,55,330,4,-1),(9805,NULL,56,330,5,-1),(9806,NULL,57,330,7,-1),(9807,'25 - 34',59,330,0,-1),(9808,'Male',60,330,0,-1),(9809,'Portugal',61,330,0,-1),(9810,'Master\'s Degree',62,330,0,-1),(9811,'Employed',63,330,0,-1),(9812,'Leisure',33,331,0,-1),(9813,NULL,35,331,6,-1),(9814,NULL,36,331,6,-1),(9815,NULL,37,331,5,-1),(9816,NULL,38,331,3,-1),(9817,NULL,39,331,5,-1),(9818,NULL,34,331,5.6,-1),(9819,NULL,40,331,6,-1),(9820,NULL,41,331,6,-1),(9821,NULL,42,331,7,-1),(9822,NULL,43,331,7,-1),(9823,NULL,44,331,7,-1),(9824,NULL,45,331,6,-1),(9825,NULL,46,331,6,-1),(9826,NULL,47,331,6,-1),(9827,NULL,48,331,6,-1),(9828,NULL,49,331,6,-1),(9829,NULL,50,331,6,-1),(9830,NULL,51,331,5,-1),(9831,NULL,52,331,3,-1),(9832,NULL,53,331,7,-1),(9833,NULL,54,331,6,-1),(9834,NULL,55,331,7,-1),(9835,NULL,56,331,7,-1),(9836,NULL,57,331,4,-1),(9837,'55 - 64',59,331,0,-1),(9838,'Male',60,331,0,-1),(9839,'Portugal',61,331,0,-1),(9840,'Master\'s Degree',62,331,0,-1),(9841,'Employed',63,331,0,-1),(9842,'Leisure',33,332,0,-1),(9843,NULL,35,332,5,-1),(9844,NULL,36,332,5,-1),(9845,NULL,37,332,4,-1),(9846,NULL,38,332,4,-1),(9847,NULL,39,332,4,-1),(9848,NULL,34,332,4.4,-1),(9849,NULL,40,332,5,-1),(9850,NULL,41,332,6,-1),(9851,NULL,42,332,6,-1),(9852,NULL,43,332,3,-1),(9853,NULL,44,332,5,-1),(9854,NULL,45,332,6,-1),(9855,NULL,46,332,6,-1),(9856,NULL,47,332,5,-1),(9857,NULL,48,332,5,-1),(9858,NULL,49,332,5,-1),(9859,NULL,50,332,5,-1),(9860,NULL,51,332,5,-1),(9861,NULL,52,332,5,-1),(9862,NULL,53,332,4,-1),(9863,NULL,54,332,4,-1),(9864,NULL,55,332,4,-1),(9865,NULL,56,332,4,-1),(9866,NULL,57,332,4,-1),(9867,'18 - 24',59,332,0,-1),(9868,'Female',60,332,0,-1),(9869,'Portugal',61,332,0,-1),(9870,'Master\'s Degree',62,332,0,-1),(9871,'Working Student',63,332,0,-1),(9872,'Leisure',33,333,0,-1),(9873,NULL,35,333,6,-1),(9874,NULL,36,333,7,-1),(9875,NULL,37,333,4,-1),(9876,NULL,38,333,4,-1),(9877,NULL,39,333,4,-1),(9878,NULL,34,333,6.2,-1),(9879,NULL,40,333,6,-1),(9880,NULL,41,333,6,-1),(9881,NULL,42,333,6,-1),(9882,NULL,43,333,6,-1),(9883,NULL,44,333,7,-1),(9884,NULL,45,333,6,-1),(9885,NULL,46,333,6,-1),(9886,NULL,47,333,6,-1),(9887,NULL,48,333,6,-1),(9888,NULL,49,333,6,-1),(9889,NULL,50,333,6,-1),(9890,NULL,51,333,6,-1),(9891,NULL,52,333,6,-1),(9892,NULL,53,333,4,-1),(9893,NULL,54,333,2,-1),(9894,NULL,55,333,6,-1),(9895,NULL,56,333,4,-1),(9896,NULL,57,333,4,-1),(9897,'18 - 24',59,333,0,-1),(9898,'Male',60,333,0,-1),(9899,'Portugal',61,333,0,-1),(9900,'Master\'s Degree',62,333,0,-1),(9901,'Working Student',63,333,0,-1),(9902,'Work',33,334,0,-1),(9903,NULL,35,334,4,-1),(9904,NULL,36,334,4,-1),(9905,NULL,37,334,4,-1),(9906,NULL,38,334,5,-1),(9907,NULL,39,334,5,-1),(9908,NULL,34,334,4.4,-1),(9909,NULL,40,334,6,-1),(9910,NULL,41,334,3,-1),(9911,NULL,42,334,6,-1),(9912,NULL,43,334,5,-1),(9913,NULL,44,334,6,-1),(9914,NULL,45,334,5,-1),(9915,NULL,46,334,5,-1),(9916,NULL,47,334,5,-1),(9917,NULL,48,334,5,-1),(9918,NULL,49,334,5,-1),(9919,NULL,50,334,5,-1),(9920,NULL,51,334,5,-1),(9921,NULL,52,334,5,-1),(9922,NULL,53,334,2,-1),(9923,NULL,54,334,5,-1),(9924,NULL,55,334,6,-1),(9925,NULL,56,334,6,-1),(9926,NULL,57,334,4,-1),(9927,'25 - 34',59,334,0,-1),(9928,'Male',60,334,0,-1),(9929,'Portugal',61,334,0,-1),(9930,'Master\'s Degree',62,334,0,-1),(9931,'Employed',63,334,0,-1),(9932,'Leisure',33,335,0,-1),(9933,NULL,35,335,6,-1),(9934,NULL,36,335,6,-1),(9935,NULL,37,335,4,-1),(9936,NULL,38,335,4,-1),(9937,NULL,39,335,4,-1),(9938,NULL,34,335,5.8,-1),(9939,NULL,40,335,6,-1),(9940,NULL,41,335,6,-1),(9941,NULL,42,335,7,-1),(9942,NULL,43,335,3,-1),(9943,NULL,44,335,5,-1),(9944,NULL,45,335,6,-1),(9945,NULL,46,335,6,-1),(9946,NULL,47,335,6,-1),(9947,NULL,48,335,7,-1),(9948,NULL,49,335,7,-1),(9949,NULL,50,335,7,-1),(9950,NULL,51,335,4,-1),(9951,NULL,52,335,7,-1),(9952,NULL,53,335,1,-1),(9953,NULL,54,335,1,-1),(9954,NULL,55,335,1,-1),(9955,NULL,56,335,7,-1),(9956,NULL,57,335,1,-1),(9957,'18 - 24',59,335,0,-1),(9958,'Female',60,335,0,-1),(9959,'Portugal',61,335,0,-1),(9960,'Bachelor\'s Degree',62,335,0,-1),(9961,'University Student',63,335,0,-1),(9962,'Leisure',33,336,0,-1),(9963,NULL,35,336,5,-1),(9964,NULL,36,336,4,-1),(9965,NULL,37,336,2,-1),(9966,NULL,38,336,2,-1),(9967,NULL,39,336,3,-1),(9968,NULL,34,336,4.2,-1),(9969,NULL,40,336,4,-1),(9970,NULL,41,336,4,-1),(9971,NULL,42,336,5,-1),(9972,NULL,43,336,4,-1),(9973,NULL,44,336,4,-1),(9974,NULL,45,336,4,-1),(9975,NULL,46,336,4,-1),(9976,NULL,47,336,5,-1),(9977,NULL,48,336,5,-1),(9978,NULL,49,336,4,-1),(9979,NULL,50,336,4,-1),(9980,NULL,51,336,1,-1),(9981,NULL,52,336,5,-1),(9982,NULL,53,336,4,-1),(9983,NULL,54,336,5,-1),(9984,NULL,55,336,5,-1),(9985,NULL,56,336,5,-1),(9986,NULL,57,336,5,-1),(9987,'18 - 24',59,336,0,-1),(9988,'Female',60,336,0,-1),(9989,'Portugal',61,336,0,-1),(9990,'Master\'s Degree',62,336,0,-1),(9991,'University Student',63,336,0,-1),(9992,'Work',33,337,0,-1),(9993,NULL,35,337,6,-1),(9994,NULL,36,337,6,-1),(9995,NULL,37,337,2,-1),(9996,NULL,38,337,2,-1),(9997,NULL,39,337,2,-1),(9998,NULL,34,337,3.8,-1),(9999,NULL,40,337,4,-1),(10000,NULL,41,337,2,-1),(10001,NULL,42,337,3,-1),(10002,NULL,43,337,3,-1),(10003,NULL,44,337,5,-1),(10004,NULL,45,337,5,-1),(10005,NULL,46,337,5,-1),(10006,NULL,47,337,3,-1),(10007,NULL,48,337,3,-1),(10008,NULL,49,337,3,-1),(10009,NULL,50,337,6,-1),(10010,NULL,51,337,2,-1),(10011,NULL,52,337,6,-1),(10012,NULL,53,337,4,-1),(10013,NULL,54,337,4,-1),(10014,NULL,55,337,4,-1),(10015,NULL,56,337,4,-1),(10016,NULL,57,337,4,-1),(10017,'18 - 24',59,337,0,-1),(10018,'Female',60,337,0,-1),(10019,'Portugal',61,337,0,-1),(10020,'Bachelor\'s Degree',62,337,0,-1),(10021,'University Student',63,337,0,-1),(10022,'Leisure',33,338,0,-1),(10023,NULL,35,338,7,-1),(10024,NULL,36,338,7,-1),(10025,NULL,37,338,4,-1),(10026,NULL,38,338,6,-1),(10027,NULL,39,338,7,-1),(10028,NULL,34,338,6.2,-1),(10029,NULL,40,338,6,-1),(10030,NULL,41,338,6,-1),(10031,NULL,42,338,6,-1),(10032,NULL,43,338,6,-1),(10033,NULL,44,338,6,-1),(10034,NULL,45,338,6,-1),(10035,NULL,46,338,6,-1),(10036,NULL,47,338,6,-1),(10037,NULL,48,338,6,-1),(10038,NULL,49,338,6,-1),(10039,NULL,50,338,6,-1),(10040,NULL,51,338,4,-1),(10041,NULL,52,338,2,-1),(10042,NULL,53,338,6,-1),(10043,NULL,54,338,6,-1),(10044,NULL,55,338,4,-1),(10045,NULL,56,338,6,-1),(10046,NULL,57,338,2,-1),(10047,'18 - 24',59,338,0,-1),(10048,'Female',60,338,0,-1),(10049,'Portugal',61,338,0,-1),(10050,'Bachelor\'s Degree',62,338,0,-1),(10051,'Working Student',63,338,0,-1),(10052,'Leisure',33,339,0,-1),(10053,NULL,35,339,4,-1),(10054,NULL,36,339,6,-1),(10055,NULL,37,339,6,-1),(10056,NULL,38,339,6,-1),(10057,NULL,39,339,6,-1),(10058,NULL,34,339,5.6,-1),(10059,NULL,40,339,7,-1),(10060,NULL,41,339,6,-1),(10061,NULL,42,339,5,-1),(10062,NULL,43,339,6,-1),(10063,NULL,44,339,6,-1),(10064,NULL,45,339,6,-1),(10065,NULL,46,339,6,-1),(10066,NULL,47,339,6,-1),(10067,NULL,48,339,5,-1),(10068,NULL,49,339,6,-1),(10069,NULL,50,339,3,-1),(10070,NULL,51,339,6,-1),(10071,NULL,52,339,6,-1),(10072,NULL,53,339,5,-1),(10073,NULL,54,339,4,-1),(10074,NULL,55,339,6,-1),(10075,NULL,56,339,4,-1),(10076,NULL,57,339,7,-1),(10077,'18 - 24',59,339,0,-1),(10078,'Female',60,339,0,-1),(10079,'Portugal',61,339,0,-1),(10080,'Bachelor\'s Degree',62,339,0,-1),(10081,'University Student',63,339,0,-1),(10082,'Work',33,340,0,-1),(10083,NULL,35,340,7,-1),(10084,NULL,36,340,7,-1),(10085,NULL,37,340,5,-1),(10086,NULL,38,340,5,-1),(10087,NULL,39,340,5,-1),(10088,NULL,34,340,5.8,-1),(10089,NULL,40,340,6,-1),(10090,NULL,41,340,6,-1),(10091,NULL,42,340,6,-1),(10092,NULL,43,340,7,-1),(10093,NULL,44,340,7,-1),(10094,NULL,45,340,6,-1),(10095,NULL,46,340,7,-1),(10096,NULL,47,340,7,-1),(10097,NULL,48,340,4,-1),(10098,NULL,49,340,6,-1),(10099,NULL,50,340,7,-1),(10100,NULL,51,340,7,-1),(10101,NULL,52,340,7,-1),(10102,NULL,53,340,4,-1),(10103,NULL,54,340,5,-1),(10104,NULL,55,340,4,-1),(10105,NULL,56,340,6,-1),(10106,NULL,57,340,4,-1),(10107,'25 - 34',59,340,0,-1),(10108,'Female',60,340,0,-1),(10109,'Portugal',61,340,0,-1),(10110,'Bachelor\'s Degree',62,340,0,-1),(10111,'Working Student',63,340,0,-1),(10112,'Leisure',33,341,0,-1),(10113,NULL,35,341,6,-1),(10114,NULL,36,341,6,-1),(10115,NULL,37,341,7,-1),(10116,NULL,38,341,4,-1),(10117,NULL,39,341,4,-1),(10118,NULL,34,341,7,-1),(10119,NULL,40,341,7,-1),(10120,NULL,41,341,5,-1),(10121,NULL,42,341,6,-1),(10122,NULL,43,341,6,-1),(10123,NULL,44,341,6,-1),(10124,NULL,45,341,6,-1),(10125,NULL,46,341,6,-1),(10126,NULL,47,341,6,-1),(10127,NULL,48,341,6,-1),(10128,NULL,49,341,6,-1),(10129,NULL,50,341,6,-1),(10130,NULL,51,341,1,-1),(10131,NULL,52,341,4,-1),(10132,NULL,53,341,4,-1),(10133,NULL,54,341,4,-1),(10134,NULL,55,341,4,-1),(10135,NULL,56,341,4,-1),(10136,NULL,57,341,6,-1),(10137,'18 - 24',59,341,0,-1),(10138,'Female',60,341,0,-1),(10139,'Portugal',61,341,0,-1),(10140,'Master\'s Degree',62,341,0,-1),(10141,'Employed',63,341,0,-1),(10142,'Leisure',33,342,0,-1),(10143,NULL,35,342,6,-1),(10144,NULL,36,342,5,-1),(10145,NULL,37,342,2,-1),(10146,NULL,38,342,4,-1),(10147,NULL,39,342,5,-1),(10148,NULL,34,342,4.2,-1),(10149,NULL,40,342,6,-1),(10150,NULL,41,342,6,-1),(10151,NULL,42,342,7,-1),(10152,NULL,43,342,6,-1),(10153,NULL,44,342,6,-1),(10154,NULL,45,342,3,-1),(10155,NULL,46,342,3,-1),(10156,NULL,47,342,5,-1),(10157,NULL,48,342,3,-1),(10158,NULL,49,342,5,-1),(10159,NULL,50,342,6,-1),(10160,NULL,51,342,2,-1),(10161,NULL,52,342,4,-1),(10162,NULL,53,342,4,-1),(10163,NULL,54,342,4,-1),(10164,NULL,55,342,5,-1),(10165,NULL,56,342,4,-1),(10166,NULL,57,342,5,-1),(10167,'25 - 34',59,342,0,-1),(10168,'Female',60,342,0,-1),(10169,'Portugal',61,342,0,-1),(10170,'Bachelor\'s Degree',62,342,0,-1),(10171,'University Student',63,342,0,-1),(10172,'Leisure',33,343,0,-1),(10173,NULL,35,343,6,-1),(10174,NULL,36,343,6,-1),(10175,NULL,37,343,4,-1),(10176,NULL,38,343,4,-1),(10177,NULL,39,343,4,-1),(10178,NULL,34,343,4.8,-1),(10179,NULL,40,343,6,-1),(10180,NULL,41,343,6,-1),(10181,NULL,42,343,6,-1),(10182,NULL,43,343,6,-1),(10183,NULL,44,343,6,-1),(10184,NULL,45,343,6,-1),(10185,NULL,46,343,6,-1),(10186,NULL,47,343,6,-1),(10187,NULL,48,343,6,-1),(10188,NULL,49,343,6,-1),(10189,NULL,50,343,6,-1),(10190,NULL,51,343,6,-1),(10191,NULL,52,343,6,-1),(10192,NULL,53,343,6,-1),(10193,NULL,54,343,5,-1),(10194,NULL,55,343,5,-1),(10195,NULL,56,343,6,-1),(10196,NULL,57,343,4,-1),(10197,'25 - 34',59,343,0,-1),(10198,'Female',60,343,0,-1),(10199,'Portugal',61,343,0,-1),(10200,'Bachelor\'s Degree',62,343,0,-1),(10201,'Employed',63,343,0,-1),(10202,'Leisure',33,344,0,-1),(10203,NULL,35,344,7,-1),(10204,NULL,36,344,7,-1),(10205,NULL,37,344,5,-1),(10206,NULL,38,344,4,-1),(10207,NULL,39,344,5,-1),(10208,NULL,34,344,6,-1),(10209,NULL,40,344,6,-1),(10210,NULL,41,344,6,-1),(10211,NULL,42,344,6,-1),(10212,NULL,43,344,3,-1),(10213,NULL,44,344,6,-1),(10214,NULL,45,344,7,-1),(10215,NULL,46,344,7,-1),(10216,NULL,47,344,7,-1),(10217,NULL,48,344,7,-1),(10218,NULL,49,344,7,-1),(10219,NULL,50,344,7,-1),(10220,NULL,51,344,1,-1),(10221,NULL,52,344,4,-1),(10222,NULL,53,344,4,-1),(10223,NULL,54,344,4,-1),(10224,NULL,55,344,4,-1),(10225,NULL,56,344,7,-1),(10226,NULL,57,344,7,-1),(10227,'25 - 34',59,344,0,-1),(10228,'Male',60,344,0,-1),(10229,'Portugal',61,344,0,-1),(10230,'Master\'s Degree',62,344,0,-1),(10231,'Employed',63,344,0,-1),(10232,'Leisure',33,345,0,-1),(10233,NULL,35,345,7,-1),(10234,NULL,36,345,7,-1),(10235,NULL,37,345,4,-1),(10236,NULL,38,345,4,-1),(10237,NULL,39,345,4,-1),(10238,NULL,34,345,5.6,-1),(10239,NULL,40,345,7,-1),(10240,NULL,41,345,6,-1),(10241,NULL,42,345,6,-1),(10242,NULL,43,345,6,-1),(10243,NULL,44,345,6,-1),(10244,NULL,45,345,6,-1),(10245,NULL,46,345,6,-1),(10246,NULL,47,345,6,-1),(10247,NULL,48,345,6,-1),(10248,NULL,49,345,6,-1),(10249,NULL,50,345,6,-1),(10250,NULL,51,345,2,-1),(10251,NULL,52,345,6,-1),(10252,NULL,53,345,6,-1),(10253,NULL,54,345,4,-1),(10254,NULL,55,345,6,-1),(10255,NULL,56,345,6,-1),(10256,NULL,57,345,6,-1),(10257,'18 - 24',59,345,0,-1),(10258,'Female',60,345,0,-1),(10259,'Portugal',61,345,0,-1),(10260,'Bachelor\'s Degree',62,345,0,-1),(10261,'University Student',63,345,0,-1),(10262,'Academic Mobility',33,346,0,-1),(10263,NULL,35,346,6,-1),(10264,NULL,36,346,6,-1),(10265,NULL,37,346,4,-1),(10266,NULL,38,346,4,-1),(10267,NULL,39,346,4,-1),(10268,NULL,34,346,5,-1),(10269,NULL,40,346,6,-1),(10270,NULL,41,346,6,-1),(10271,NULL,42,346,6,-1),(10272,NULL,43,346,6,-1),(10273,NULL,44,346,6,-1),(10274,NULL,45,346,5,-1),(10275,NULL,46,346,5,-1),(10276,NULL,47,346,5,-1),(10277,NULL,48,346,5,-1),(10278,NULL,49,346,5,-1),(10279,NULL,50,346,6,-1),(10280,NULL,51,346,6,-1),(10281,NULL,52,346,6,-1),(10282,NULL,53,346,4,-1),(10283,NULL,54,346,6,-1),(10284,NULL,55,346,6,-1),(10285,NULL,56,346,6,-1),(10286,NULL,57,346,4,-1),(10287,'25 - 34',59,346,0,-1),(10288,'Female',60,346,0,-1),(10289,'Portugal',61,346,0,-1),(10290,'Master\'s Degree',62,346,0,-1),(10291,'Working Student',63,346,0,-1),(10292,'Conference',33,347,0,-1),(10293,NULL,35,347,6,-1),(10294,NULL,36,347,6,-1),(10295,NULL,37,347,4,-1),(10296,NULL,38,347,4,-1),(10297,NULL,39,347,5,-1),(10298,NULL,34,347,6.2,-1),(10299,NULL,40,347,7,-1),(10300,NULL,41,347,6,-1),(10301,NULL,42,347,5,-1),(10302,NULL,43,347,6,-1),(10303,NULL,44,347,7,-1),(10304,NULL,45,347,7,-1),(10305,NULL,46,347,7,-1),(10306,NULL,47,347,7,-1),(10307,NULL,48,347,7,-1),(10308,NULL,49,347,7,-1),(10309,NULL,50,347,7,-1),(10310,NULL,51,347,5,-1),(10311,NULL,52,347,6,-1),(10312,NULL,53,347,6,-1),(10313,NULL,54,347,6,-1),(10314,NULL,55,347,4,-1),(10315,NULL,56,347,5,-1),(10316,NULL,57,347,4,-1),(10317,'18 - 24',59,347,0,-1),(10318,'Male',60,347,0,-1),(10319,'Portugal',61,347,0,-1),(10320,'Bachelor\'s Degree',62,347,0,-1),(10321,'University Student',63,347,0,-1),(10322,'Leisure',33,348,0,-1),(10323,NULL,35,348,7,-1),(10324,NULL,36,348,7,-1),(10325,NULL,37,348,6,-1),(10326,NULL,38,348,6,-1),(10327,NULL,39,348,7,-1),(10328,NULL,34,348,6.8,-1),(10329,NULL,40,348,7,-1),(10330,NULL,41,348,6,-1),(10331,NULL,42,348,6,-1),(10332,NULL,43,348,7,-1),(10333,NULL,44,348,6,-1),(10334,NULL,45,348,7,-1),(10335,NULL,46,348,7,-1),(10336,NULL,47,348,7,-1),(10337,NULL,48,348,7,-1),(10338,NULL,49,348,7,-1),(10339,NULL,50,348,7,-1),(10340,NULL,51,348,2,-1),(10341,NULL,52,348,7,-1),(10342,NULL,53,348,6,-1),(10343,NULL,54,348,7,-1),(10344,NULL,55,348,7,-1),(10345,NULL,56,348,7,-1),(10346,NULL,57,348,7,-1),(10347,'18 - 24',59,348,0,-1),(10348,'Male',60,348,0,-1),(10349,'Portugal',61,348,0,-1),(10350,'Bachelor\'s Degree',62,348,0,-1),(10351,'University Student',63,348,0,-1),(10352,'Leisure',33,349,0,-1),(10353,NULL,35,349,6,-1),(10354,NULL,36,349,5,-1),(10355,NULL,37,349,4,-1),(10356,NULL,38,349,4,-1),(10357,NULL,39,349,5,-1),(10358,NULL,34,349,5.8,-1),(10359,NULL,40,349,7,-1),(10360,NULL,41,349,6,-1),(10361,NULL,42,349,7,-1),(10362,NULL,43,349,6,-1),(10363,NULL,44,349,7,-1),(10364,NULL,45,349,7,-1),(10365,NULL,46,349,7,-1),(10366,NULL,47,349,7,-1),(10367,NULL,48,349,6,-1),(10368,NULL,49,349,7,-1),(10369,NULL,50,349,5,-1),(10370,NULL,51,349,3,-1),(10371,NULL,52,349,5,-1),(10372,NULL,53,349,2,-1),(10373,NULL,54,349,4,-1),(10374,NULL,55,349,5,-1),(10375,NULL,56,349,7,-1),(10376,NULL,57,349,6,-1),(10377,'25 - 34',59,349,0,-1),(10378,'Female',60,349,0,-1),(10379,'Portugal',61,349,0,-1),(10380,'Master\'s Degree',62,349,0,-1),(10381,'Working Student',63,349,0,-1),(10382,'Leisure',33,350,0,-1),(10383,NULL,35,350,6,-1),(10384,NULL,36,350,6,-1),(10385,NULL,37,350,4,-1),(10386,NULL,38,350,4,-1),(10387,NULL,39,350,4,-1),(10388,NULL,34,350,5.6,-1),(10389,NULL,40,350,6,-1),(10390,NULL,41,350,6,-1),(10391,NULL,42,350,6,-1),(10392,NULL,43,350,6,-1),(10393,NULL,44,350,6,-1),(10394,NULL,45,350,6,-1),(10395,NULL,46,350,6,-1),(10396,NULL,47,350,6,-1),(10397,NULL,48,350,6,-1),(10398,NULL,49,350,6,-1),(10399,NULL,50,350,7,-1),(10400,NULL,51,350,5,-1),(10401,NULL,52,350,6,-1),(10402,NULL,53,350,6,-1),(10403,NULL,54,350,6,-1),(10404,NULL,55,350,4,-1),(10405,NULL,56,350,4,-1),(10406,NULL,57,350,6,-1),(10407,'25 - 34',59,350,0,-1),(10408,'Female',60,350,0,-1),(10409,'Portugal',61,350,0,-1),(10410,'Bachelor\'s Degree',62,350,0,-1),(10411,'Unemployed',63,350,0,-1),(10412,'Leisure',33,351,0,-1),(10413,NULL,35,351,6,-1),(10414,NULL,36,351,6,-1),(10415,NULL,37,351,6,-1),(10416,NULL,38,351,5,-1),(10417,NULL,39,351,5,-1),(10418,NULL,34,351,5,-1),(10419,NULL,40,351,6,-1),(10420,NULL,41,351,6,-1),(10421,NULL,42,351,5,-1),(10422,NULL,43,351,5,-1),(10423,NULL,44,351,6,-1),(10424,NULL,45,351,5,-1),(10425,NULL,46,351,5,-1),(10426,NULL,47,351,3,-1),(10427,NULL,48,351,6,-1),(10428,NULL,49,351,6,-1),(10429,NULL,50,351,6,-1),(10430,NULL,51,351,6,-1),(10431,NULL,52,351,6,-1),(10432,NULL,53,351,4,-1),(10433,NULL,54,351,2,-1),(10434,NULL,55,351,2,-1),(10435,NULL,56,351,3,-1),(10436,NULL,57,351,6,-1),(10437,'25 - 34',59,351,0,-1),(10438,'Female',60,351,0,-1),(10439,'Portugal',61,351,0,-1),(10440,'Bachelor\'s Degree',62,351,0,-1),(10441,'Working Student',63,351,0,-1),(10442,'Work',33,352,0,-1),(10443,NULL,35,352,7,-1),(10444,NULL,36,352,6,-1),(10445,NULL,37,352,1,-1),(10446,NULL,38,352,1,-1),(10447,NULL,39,352,1,-1),(10448,NULL,34,352,4.4,-1),(10449,NULL,40,352,7,-1),(10450,NULL,41,352,7,-1),(10451,NULL,42,352,7,-1),(10452,NULL,43,352,7,-1),(10453,NULL,44,352,7,-1),(10454,NULL,45,352,3,-1),(10455,NULL,46,352,3,-1),(10456,NULL,47,352,3,-1),(10457,NULL,48,352,3,-1),(10458,NULL,49,352,5,-1),(10459,NULL,50,352,7,-1),(10460,NULL,51,352,7,-1),(10461,NULL,52,352,7,-1),(10462,NULL,53,352,1,-1),(10463,NULL,54,352,6,-1),(10464,NULL,55,352,6,-1),(10465,NULL,56,352,6,-1),(10466,NULL,57,352,6,-1),(10467,'25 - 34',59,352,0,-1),(10468,'Female',60,352,0,-1),(10469,'Portugal',61,352,0,-1),(10470,'Master\'s Degree',62,352,0,-1),(10471,'Working Student',63,352,0,-1),(10472,'Leisure',33,353,0,-1),(10473,NULL,35,353,7,-1),(10474,NULL,36,353,7,-1),(10475,NULL,37,353,4,-1),(10476,NULL,38,353,4,-1),(10477,NULL,39,353,4,-1),(10478,NULL,34,353,4.6,-1),(10479,NULL,40,353,5,-1),(10480,NULL,41,353,3,-1),(10481,NULL,42,353,5,-1),(10482,NULL,43,353,3,-1),(10483,NULL,44,353,5,-1),(10484,NULL,45,353,5,-1),(10485,NULL,46,353,4,-1),(10486,NULL,47,353,4,-1),(10487,NULL,48,353,4,-1),(10488,NULL,49,353,6,-1),(10489,NULL,50,353,7,-1),(10490,NULL,51,353,1,-1),(10491,NULL,52,353,7,-1),(10492,NULL,53,353,5,-1),(10493,NULL,54,353,6,-1),(10494,NULL,55,353,6,-1),(10495,NULL,56,353,4,-1),(10496,NULL,57,353,5,-1),(10497,'18 - 24',59,353,0,-1),(10498,'Female',60,353,0,-1),(10499,'Portugal',61,353,0,-1),(10500,'Bachelor\'s Degree',62,353,0,-1),(10501,'University Student',63,353,0,-1),(10502,'Work',33,354,0,-1),(10503,NULL,35,354,6,-1),(10504,NULL,36,354,6,-1),(10505,NULL,37,354,6,-1),(10506,NULL,38,354,6,-1),(10507,NULL,39,354,5,-1),(10508,NULL,34,354,5.8,-1),(10509,NULL,40,354,6,-1),(10510,NULL,41,354,5,-1),(10511,NULL,42,354,5,-1),(10512,NULL,43,354,5,-1),(10513,NULL,44,354,6,-1),(10514,NULL,45,354,6,-1),(10515,NULL,46,354,6,-1),(10516,NULL,47,354,6,-1),(10517,NULL,48,354,6,-1),(10518,NULL,49,354,6,-1),(10519,NULL,50,354,6,-1),(10520,NULL,51,354,6,-1),(10521,NULL,52,354,4,-1),(10522,NULL,53,354,6,-1),(10523,NULL,54,354,2,-1),(10524,NULL,55,354,5,-1),(10525,NULL,56,354,6,-1),(10526,NULL,57,354,6,-1),(10527,'25 - 34',59,354,0,-1),(10528,'Female',60,354,0,-1),(10529,'Portugal',61,354,0,-1),(10530,'Bachelor\'s Degree',62,354,0,-1),(10531,'University Student',63,354,0,-1),(10532,'Work',33,355,0,-1),(10533,NULL,35,355,7,-1),(10534,NULL,36,355,7,-1),(10535,NULL,37,355,4,-1),(10536,NULL,38,355,4,-1),(10537,NULL,39,355,5,-1),(10538,NULL,34,355,5.8,-1),(10539,NULL,40,355,7,-1),(10540,NULL,41,355,7,-1),(10541,NULL,42,355,7,-1),(10542,NULL,43,355,7,-1),(10543,NULL,44,355,7,-1),(10544,NULL,45,355,6,-1),(10545,NULL,46,355,6,-1),(10546,NULL,47,355,6,-1),(10547,NULL,48,355,5,-1),(10548,NULL,49,355,5,-1),(10549,NULL,50,355,7,-1),(10550,NULL,51,355,3,-1),(10551,NULL,52,355,7,-1),(10552,NULL,53,355,5,-1),(10553,NULL,54,355,6,-1),(10554,NULL,55,355,6,-1),(10555,NULL,56,355,7,-1),(10556,NULL,57,355,7,-1),(10557,'18 - 24',59,355,0,-1),(10558,'Female',60,355,0,-1),(10559,'Portugal',61,355,0,-1),(10560,'Bachelor\'s Degree',62,355,0,-1),(10561,'Working Student',63,355,0,-1),(10562,'Leisure',33,356,0,-1),(10563,NULL,35,356,7,-1),(10564,NULL,36,356,7,-1),(10565,NULL,37,356,6,-1),(10566,NULL,38,356,2,-1),(10567,NULL,39,356,2,-1),(10568,NULL,34,356,2.6,-1),(10569,NULL,40,356,1,-1),(10570,NULL,41,356,1,-1),(10571,NULL,42,356,1,-1),(10572,NULL,43,356,1,-1),(10573,NULL,44,356,6,-1),(10574,NULL,45,356,7,-1),(10575,NULL,46,356,7,-1),(10576,NULL,47,356,7,-1),(10577,NULL,48,356,7,-1),(10578,NULL,49,356,7,-1),(10579,NULL,50,356,6,-1),(10580,NULL,51,356,1,-1),(10581,NULL,52,356,6,-1),(10582,NULL,53,356,1,-1),(10583,NULL,54,356,2,-1),(10584,NULL,55,356,6,-1),(10585,NULL,56,356,6,-1),(10586,NULL,57,356,6,-1),(10587,'18 - 24',59,356,0,-1),(10588,'Female',60,356,0,-1),(10589,'Portugal',61,356,0,-1),(10590,'Master\'s Degree',62,356,0,-1),(10591,'Working Student',63,356,0,-1),(10592,'Leisure',33,357,0,-1),(10593,NULL,35,357,7,-1),(10594,NULL,36,357,7,-1),(10595,NULL,37,357,4,-1),(10596,NULL,38,357,2,-1),(10597,NULL,39,357,4,-1),(10598,NULL,34,357,5.8,-1),(10599,NULL,40,357,6,-1),(10600,NULL,41,357,7,-1),(10601,NULL,42,357,7,-1),(10602,NULL,43,357,6,-1),(10603,NULL,44,357,7,-1),(10604,NULL,45,357,6,-1),(10605,NULL,46,357,6,-1),(10606,NULL,47,357,6,-1),(10607,NULL,48,357,6,-1),(10608,NULL,49,357,6,-1),(10609,NULL,50,357,7,-1),(10610,NULL,51,357,4,-1),(10611,NULL,52,357,6,-1),(10612,NULL,53,357,5,-1),(10613,NULL,54,357,5,-1),(10614,NULL,55,357,6,-1),(10615,NULL,56,357,5,-1),(10616,NULL,57,357,4,-1),(10617,'25 - 34',59,357,0,-1),(10618,'Female',60,357,0,-1),(10619,'Portugal',61,357,0,-1),(10620,'Master\'s Degree',62,357,0,-1),(10621,'Employed',63,357,0,-1),(10622,'Leisure',33,358,0,-1),(10623,NULL,35,358,6,-1),(10624,NULL,36,358,6,-1),(10625,NULL,37,358,6,-1),(10626,NULL,38,358,6,-1),(10627,NULL,39,358,6,-1),(10628,NULL,34,358,5.6,-1),(10629,NULL,40,358,5,-1),(10630,NULL,41,358,6,-1),(10631,NULL,42,358,6,-1),(10632,NULL,43,358,6,-1),(10633,NULL,44,358,6,-1),(10634,NULL,45,358,6,-1),(10635,NULL,46,358,6,-1),(10636,NULL,47,358,6,-1),(10637,NULL,48,358,6,-1),(10638,NULL,49,358,6,-1),(10639,NULL,50,358,6,-1),(10640,NULL,51,358,6,-1),(10641,NULL,52,358,6,-1),(10642,NULL,53,358,6,-1),(10643,NULL,54,358,6,-1),(10644,NULL,55,358,6,-1),(10645,NULL,56,358,6,-1),(10646,NULL,57,358,6,-1),(10647,'25 - 34',59,358,0,-1),(10648,'Female',60,358,0,-1),(10649,'Portugal',61,358,0,-1),(10650,'Bachelor\'s Degree',62,358,0,-1),(10651,'Employed',63,358,0,-1),(10652,'Leisure',33,359,0,-1),(10653,NULL,35,359,5,-1),(10654,NULL,36,359,6,-1),(10655,NULL,37,359,4,-1),(10656,NULL,38,359,4,-1),(10657,NULL,39,359,4,-1),(10658,NULL,34,359,5.8,-1),(10659,NULL,40,359,6,-1),(10660,NULL,41,359,6,-1),(10661,NULL,42,359,7,-1),(10662,NULL,43,359,5,-1),(10663,NULL,44,359,7,-1),(10664,NULL,45,359,6,-1),(10665,NULL,46,359,6,-1),(10666,NULL,47,359,6,-1),(10667,NULL,48,359,6,-1),(10668,NULL,49,359,6,-1),(10669,NULL,50,359,6,-1),(10670,NULL,51,359,4,-1),(10671,NULL,52,359,4,-1),(10672,NULL,53,359,3,-1),(10673,NULL,54,359,4,-1),(10674,NULL,55,359,5,-1),(10675,NULL,56,359,5,-1),(10676,NULL,57,359,5,-1),(10677,'18 - 24',59,359,0,-1),(10678,'Female',60,359,0,-1),(10679,'Portugal',61,359,0,-1),(10680,'Master\'s Degree',62,359,0,-1),(10681,'Working Student',63,359,0,-1),(10682,'Work',33,360,0,-1),(10683,NULL,35,360,7,-1),(10684,NULL,36,360,7,-1),(10685,NULL,37,360,6,-1),(10686,NULL,38,360,6,-1),(10687,NULL,39,360,6,-1),(10688,NULL,34,360,5.8,-1),(10689,NULL,40,360,4,-1),(10690,NULL,41,360,6,-1),(10691,NULL,42,360,5,-1),(10692,NULL,43,360,4,-1),(10693,NULL,44,360,6,-1),(10694,NULL,45,360,5,-1),(10695,NULL,46,360,4,-1),(10696,NULL,47,360,6,-1),(10697,NULL,48,360,6,-1),(10698,NULL,49,360,6,-1),(10699,NULL,50,360,7,-1),(10700,NULL,51,360,2,-1),(10701,NULL,52,360,6,-1),(10702,NULL,53,360,6,-1),(10703,NULL,54,360,5,-1),(10704,NULL,55,360,6,-1),(10705,NULL,56,360,6,-1),(10706,NULL,57,360,6,-1),(10707,'18 - 24',59,360,0,-1),(10708,'Male',60,360,0,-1),(10709,'Portugal',61,360,0,-1),(10710,'Bachelor\'s Degree',62,360,0,-1),(10711,'Working Student',63,360,0,-1),(10712,'Leisure',33,361,0,-1),(10713,NULL,35,361,6,-1),(10714,NULL,36,361,6,-1),(10715,NULL,37,361,6,-1),(10716,NULL,38,361,6,-1),(10717,NULL,39,361,6,-1),(10718,NULL,34,361,6,-1),(10719,NULL,40,361,6,-1),(10720,NULL,41,361,6,-1),(10721,NULL,42,361,2,-1),(10722,NULL,43,361,4,-1),(10723,NULL,44,361,5,-1),(10724,NULL,45,361,6,-1),(10725,NULL,46,361,5,-1),(10726,NULL,47,361,2,-1),(10727,NULL,48,361,3,-1),(10728,NULL,49,361,6,-1),(10729,NULL,50,361,6,-1),(10730,NULL,51,361,6,-1),(10731,NULL,52,361,6,-1),(10732,NULL,53,361,6,-1),(10733,NULL,54,361,6,-1),(10734,NULL,55,361,4,-1),(10735,NULL,56,361,6,-1),(10736,NULL,57,361,6,-1),(10737,'25 - 34',59,361,0,-1),(10738,'Female',60,361,0,-1),(10739,'Portugal',61,361,0,-1),(10740,'Master\'s Degree',62,361,0,-1),(10741,'Unemployed',63,361,0,-1),(10742,'Work',33,362,0,-1),(10743,NULL,35,362,4,-1),(10744,NULL,36,362,5,-1),(10745,NULL,37,362,4,-1),(10746,NULL,38,362,4,-1),(10747,NULL,39,362,4,-1),(10748,NULL,34,362,4.8,-1),(10749,NULL,40,362,4,-1),(10750,NULL,41,362,4,-1),(10751,NULL,42,362,5,-1),(10752,NULL,43,362,3,-1),(10753,NULL,44,362,5,-1),(10754,NULL,45,362,5,-1),(10755,NULL,46,362,4,-1),(10756,NULL,47,362,5,-1),(10757,NULL,48,362,5,-1),(10758,NULL,49,362,5,-1),(10759,NULL,50,362,4,-1),(10760,NULL,51,362,2,-1),(10761,NULL,52,362,4,-1),(10762,NULL,53,362,4,-1),(10763,NULL,54,362,4,-1),(10764,NULL,55,362,4,-1),(10765,NULL,56,362,4,-1),(10766,NULL,57,362,5,-1),(10767,'18 - 24',59,362,0,-1),(10768,'Female',60,362,0,-1),(10769,'Portugal',61,362,0,-1),(10770,'Bachelor\'s Degree',62,362,0,-1),(10771,'Employed',63,362,0,-1),(10772,'Leisure',33,363,0,-1),(10773,NULL,35,363,6,-1),(10774,NULL,36,363,6,-1),(10775,NULL,37,363,6,-1),(10776,NULL,38,363,4,-1),(10777,NULL,39,363,5,-1),(10778,NULL,34,363,7,-1),(10779,NULL,40,363,7,-1),(10780,NULL,41,363,7,-1),(10781,NULL,42,363,7,-1),(10782,NULL,43,363,7,-1),(10783,NULL,44,363,7,-1),(10784,NULL,45,363,7,-1),(10785,NULL,46,363,7,-1),(10786,NULL,47,363,7,-1),(10787,NULL,48,363,7,-1),(10788,NULL,49,363,7,-1),(10789,NULL,50,363,7,-1),(10790,NULL,51,363,2,-1),(10791,NULL,52,363,7,-1),(10792,NULL,53,363,4,-1),(10793,NULL,54,363,5,-1),(10794,NULL,55,363,6,-1),(10795,NULL,56,363,4,-1),(10796,NULL,57,363,6,-1),(10797,'18 - 24',59,363,0,-1),(10798,'Female',60,363,0,-1),(10799,'Portugal',61,363,0,-1),(10800,'Bachelor\'s Degree',62,363,0,-1),(10801,'University Student',63,363,0,-1),(10802,'Leisure',33,364,0,-1),(10803,NULL,35,364,7,-1),(10804,NULL,36,364,7,-1),(10805,NULL,37,364,5,-1),(10806,NULL,38,364,4,-1),(10807,NULL,39,364,4,-1),(10808,NULL,34,364,5,-1),(10809,NULL,40,364,6,-1),(10810,NULL,41,364,3,-1),(10811,NULL,42,364,6,-1),(10812,NULL,43,364,4,-1),(10813,NULL,44,364,6,-1),(10814,NULL,45,364,6,-1),(10815,NULL,46,364,6,-1),(10816,NULL,47,364,7,-1),(10817,NULL,48,364,4,-1),(10818,NULL,49,364,7,-1),(10819,NULL,50,364,7,-1),(10820,NULL,51,364,7,-1),(10821,NULL,52,364,7,-1),(10822,NULL,53,364,5,-1),(10823,NULL,54,364,5,-1),(10824,NULL,55,364,6,-1),(10825,NULL,56,364,7,-1),(10826,NULL,57,364,5,-1),(10827,'25 - 34',59,364,0,-1),(10828,'Female',60,364,0,-1),(10829,'Portugal',61,364,0,-1),(10830,'Bachelor\'s Degree',62,364,0,-1),(10831,'Employed',63,364,0,-1),(10832,'Leisure',33,365,0,-1),(10833,NULL,35,365,6,-1),(10834,NULL,36,365,5,-1),(10835,NULL,37,365,4,-1),(10836,NULL,38,365,4,-1),(10837,NULL,39,365,5,-1),(10838,NULL,34,365,5,-1),(10839,NULL,40,365,6,-1),(10840,NULL,41,365,3,-1),(10841,NULL,42,365,7,-1),(10842,NULL,43,365,4,-1),(10843,NULL,44,365,7,-1),(10844,NULL,45,365,6,-1),(10845,NULL,46,365,5,-1),(10846,NULL,47,365,4,-1),(10847,NULL,48,365,5,-1),(10848,NULL,49,365,7,-1),(10849,NULL,50,365,6,-1),(10850,NULL,51,365,1,-1),(10851,NULL,52,365,1,-1),(10852,NULL,53,365,7,-1),(10853,NULL,54,365,7,-1),(10854,NULL,55,365,7,-1),(10855,NULL,56,365,7,-1),(10856,NULL,57,365,2,-1),(10857,'18 - 24',59,365,0,-1),(10858,'Female',60,365,0,-1),(10859,'Portugal',61,365,0,-1),(10860,'High School Degree',62,365,0,-1),(10861,'University Student',63,365,0,-1),(10862,'Leisure',33,366,0,-1),(10863,NULL,35,366,7,-1),(10864,NULL,36,366,7,-1),(10865,NULL,37,366,6,-1),(10866,NULL,38,366,6,-1),(10867,NULL,39,366,6,-1),(10868,NULL,34,366,6.6,-1),(10869,NULL,40,366,6,-1),(10870,NULL,41,366,7,-1),(10871,NULL,42,366,7,-1),(10872,NULL,43,366,7,-1),(10873,NULL,44,366,7,-1),(10874,NULL,45,366,7,-1),(10875,NULL,46,366,7,-1),(10876,NULL,47,366,6,-1),(10877,NULL,48,366,6,-1),(10878,NULL,49,366,7,-1),(10879,NULL,50,366,7,-1),(10880,NULL,51,366,4,-1),(10881,NULL,52,366,6,-1),(10882,NULL,53,366,6,-1),(10883,NULL,54,366,6,-1),(10884,NULL,55,366,6,-1),(10885,NULL,56,366,4,-1),(10886,NULL,57,366,6,-1),(10887,'25 - 34',59,366,0,-1),(10888,'Female',60,366,0,-1),(10889,'Portugal',61,366,0,-1),(10890,'Master\'s Degree',62,366,0,-1),(10891,'Employed',63,366,0,-1),(10892,'Leisure',33,367,0,-1),(10893,NULL,35,367,6,-1),(10894,NULL,36,367,5,-1),(10895,NULL,37,367,5,-1),(10896,NULL,38,367,6,-1),(10897,NULL,39,367,6,-1),(10898,NULL,34,367,6,-1),(10899,NULL,40,367,6,-1),(10900,NULL,41,367,6,-1),(10901,NULL,42,367,5,-1),(10902,NULL,43,367,7,-1),(10903,NULL,44,367,5,-1),(10904,NULL,45,367,6,-1),(10905,NULL,46,367,5,-1),(10906,NULL,47,367,6,-1),(10907,NULL,48,367,6,-1),(10908,NULL,49,367,6,-1),(10909,NULL,50,367,6,-1),(10910,NULL,51,367,6,-1),(10911,NULL,52,367,7,-1),(10912,NULL,53,367,6,-1),(10913,NULL,54,367,5,-1),(10914,NULL,55,367,6,-1),(10915,NULL,56,367,6,-1),(10916,NULL,57,367,4,-1),(10917,'25 - 34',59,367,0,-1),(10918,'Female',60,367,0,-1),(10919,'Portugal',61,367,0,-1),(10920,'Master\'s Degree',62,367,0,-1),(10921,'Working Student',63,367,0,-1),(10922,'Leisure',33,368,0,-1),(10923,NULL,35,368,5,-1),(10924,NULL,36,368,6,-1),(10925,NULL,37,368,3,-1),(10926,NULL,38,368,6,-1),(10927,NULL,39,368,6,-1),(10928,NULL,34,368,4.6,-1),(10929,NULL,40,368,6,-1),(10930,NULL,41,368,5,-1),(10931,NULL,42,368,6,-1),(10932,NULL,43,368,6,-1),(10933,NULL,44,368,6,-1),(10934,NULL,45,368,6,-1),(10935,NULL,46,368,6,-1),(10936,NULL,47,368,6,-1),(10937,NULL,48,368,4,-1),(10938,NULL,49,368,6,-1),(10939,NULL,50,368,2,-1),(10940,NULL,51,368,4,-1),(10941,NULL,52,368,4,-1),(10942,NULL,53,368,6,-1),(10943,NULL,54,368,5,-1),(10944,NULL,55,368,6,-1),(10945,NULL,56,368,6,-1),(10946,NULL,57,368,5,-1),(10947,'35 - 44',59,368,0,-1),(10948,'Female',60,368,0,-1),(10949,'Portugal',61,368,0,-1),(10950,'Master\'s Degree',62,368,0,-1),(10951,'Employed',63,368,0,-1),(10952,'Leisure',33,369,0,-1),(10953,NULL,35,369,7,-1),(10954,NULL,36,369,7,-1),(10955,NULL,37,369,7,-1),(10956,NULL,38,369,6,-1),(10957,NULL,39,369,7,-1),(10958,NULL,34,369,6.8,-1),(10959,NULL,40,369,6,-1),(10960,NULL,41,369,7,-1),(10961,NULL,42,369,7,-1),(10962,NULL,43,369,7,-1),(10963,NULL,44,369,7,-1),(10964,NULL,45,369,7,-1),(10965,NULL,46,369,7,-1),(10966,NULL,47,369,7,-1),(10967,NULL,48,369,7,-1),(10968,NULL,49,369,7,-1),(10969,NULL,50,369,6,-1),(10970,NULL,51,369,6,-1),(10971,NULL,52,369,7,-1),(10972,NULL,53,369,4,-1),(10973,NULL,54,369,4,-1),(10974,NULL,55,369,4,-1),(10975,NULL,56,369,4,-1),(10976,NULL,57,369,7,-1),(10977,'55 - 64',59,369,0,-1),(10978,'Male',60,369,0,-1),(10979,'Portugal',61,369,0,-1),(10980,'I prefer not to say.',62,369,0,-1),(10981,'Retired',63,369,0,-1),(10982,'Work',33,370,0,-1),(10983,NULL,35,370,6,-1),(10984,NULL,36,370,6,-1),(10985,NULL,37,370,4,-1),(10986,NULL,38,370,4,-1),(10987,NULL,39,370,6,-1),(10988,NULL,34,370,5.6,-1),(10989,NULL,40,370,6,-1),(10990,NULL,41,370,5,-1),(10991,NULL,42,370,6,-1),(10992,NULL,43,370,6,-1),(10993,NULL,44,370,6,-1),(10994,NULL,45,370,6,-1),(10995,NULL,46,370,4,-1),(10996,NULL,47,370,6,-1),(10997,NULL,48,370,4,-1),(10998,NULL,49,370,6,-1),(10999,NULL,50,370,4,-1),(11000,NULL,51,370,6,-1),(11001,NULL,52,370,6,-1),(11002,NULL,53,370,4,-1),(11003,NULL,54,370,4,-1),(11004,NULL,55,370,6,-1),(11005,NULL,56,370,4,-1),(11006,NULL,57,370,4,-1),(11007,'55 - 64',59,370,0,-1),(11008,'Female',60,370,0,-1),(11009,'Portugal',61,370,0,-1),(11010,'Master\'s Degree',62,370,0,-1),(11011,'Employed',63,370,0,-1),(11012,'Leisure',33,371,0,-1),(11013,NULL,35,371,7,-1),(11014,NULL,36,371,7,-1),(11015,NULL,37,371,4,-1),(11016,NULL,38,371,4,-1),(11017,NULL,39,371,4,-1),(11018,NULL,34,371,5.2,-1),(11019,NULL,40,371,6,-1),(11020,NULL,41,371,5,-1),(11021,NULL,42,371,6,-1),(11022,NULL,43,371,6,-1),(11023,NULL,44,371,6,-1),(11024,NULL,45,371,7,-1),(11025,NULL,46,371,6,-1),(11026,NULL,47,371,6,-1),(11027,NULL,48,371,6,-1),(11028,NULL,49,371,5,-1),(11029,NULL,50,371,7,-1),(11030,NULL,51,371,2,-1),(11031,NULL,52,371,6,-1),(11032,NULL,53,371,4,-1),(11033,NULL,54,371,4,-1),(11034,NULL,55,371,4,-1),(11035,NULL,56,371,6,-1),(11036,NULL,57,371,4,-1),(11037,'35 - 44',59,371,0,-1),(11038,'Female',60,371,0,-1),(11039,'Portugal',61,371,0,-1),(11040,'Master\'s Degree',62,371,0,-1),(11041,'Employed',63,371,0,-1),(11042,'Leisure',33,372,0,-1),(11043,NULL,35,372,7,-1),(11044,NULL,36,372,7,-1),(11045,NULL,37,372,4,-1),(11046,NULL,38,372,4,-1),(11047,NULL,39,372,4,-1),(11048,NULL,34,372,5.6,-1),(11049,NULL,40,372,7,-1),(11050,NULL,41,372,7,-1),(11051,NULL,42,372,7,-1),(11052,NULL,43,372,7,-1),(11053,NULL,44,372,7,-1),(11054,NULL,45,372,4,-1),(11055,NULL,46,372,4,-1),(11056,NULL,47,372,4,-1),(11057,NULL,48,372,4,-1),(11058,NULL,49,372,4,-1),(11059,NULL,50,372,7,-1),(11060,NULL,51,372,2,-1),(11061,NULL,52,372,7,-1),(11062,NULL,53,372,4,-1),(11063,NULL,54,372,4,-1),(11064,NULL,55,372,6,-1),(11065,NULL,56,372,4,-1),(11066,NULL,57,372,4,-1),(11067,'45 - 54',59,372,0,-1),(11068,'Female',60,372,0,-1),(11069,'Portugal',61,372,0,-1),(11070,'Master\'s Degree',62,372,0,-1),(11071,'Employed',63,372,0,-1),(11072,'Leisure',33,373,0,-1),(11073,NULL,35,373,6,-1),(11074,NULL,36,373,6,-1),(11075,NULL,37,373,5,-1),(11076,NULL,38,373,6,-1),(11077,NULL,39,373,6,-1),(11078,NULL,34,373,5.4,-1),(11079,NULL,40,373,5,-1),(11080,NULL,41,373,5,-1),(11081,NULL,42,373,5,-1),(11082,NULL,43,373,6,-1),(11083,NULL,44,373,6,-1),(11084,NULL,45,373,6,-1),(11085,NULL,46,373,6,-1),(11086,NULL,47,373,5,-1),(11087,NULL,48,373,6,-1),(11088,NULL,49,373,5,-1),(11089,NULL,50,373,6,-1),(11090,NULL,51,373,6,-1),(11091,NULL,52,373,6,-1),(11092,NULL,53,373,6,-1),(11093,NULL,54,373,4,-1),(11094,NULL,55,373,4,-1),(11095,NULL,56,373,4,-1),(11096,NULL,57,373,4,-1),(11097,'45 - 54',59,373,0,-1),(11098,'Male',60,373,0,-1),(11099,'Portugal',61,373,0,-1),(11100,'I prefer not to say.',62,373,0,-1),(11101,'Employed',63,373,0,-1),(11102,'Leisure',33,374,0,-1),(11103,NULL,35,374,3,-1),(11104,NULL,36,374,3,-1),(11105,NULL,37,374,5,-1),(11106,NULL,38,374,5,-1),(11107,NULL,39,374,5,-1),(11108,NULL,34,374,5.6,-1),(11109,NULL,40,374,6,-1),(11110,NULL,41,374,6,-1),(11111,NULL,42,374,5,-1),(11112,NULL,43,374,6,-1),(11113,NULL,44,374,6,-1),(11114,NULL,45,374,7,-1),(11115,NULL,46,374,6,-1),(11116,NULL,47,374,6,-1),(11117,NULL,48,374,6,-1),(11118,NULL,49,374,6,-1),(11119,NULL,50,374,6,-1),(11120,NULL,51,374,3,-1),(11121,NULL,52,374,7,-1),(11122,NULL,53,374,4,-1),(11123,NULL,54,374,4,-1),(11124,NULL,55,374,5,-1),(11125,NULL,56,374,6,-1),(11126,NULL,57,374,6,-1),(11127,'18 - 24',59,374,0,-1),(11128,'Female',60,374,0,-1),(11129,'Portugal',61,374,0,-1),(11130,'Bachelor\'s Degree',62,374,0,-1),(11131,'University Student',63,374,0,-1),(11132,'Leisure',33,375,0,-1),(11133,NULL,35,375,6,-1),(11134,NULL,36,375,6,-1),(11135,NULL,37,375,2,-1),(11136,NULL,38,375,2,-1),(11137,NULL,39,375,2,-1),(11138,NULL,34,375,3.2,-1),(11139,NULL,40,375,4,-1),(11140,NULL,41,375,3,-1),(11141,NULL,42,375,5,-1),(11142,NULL,43,375,2,-1),(11143,NULL,44,375,3,-1),(11144,NULL,45,375,4,-1),(11145,NULL,46,375,5,-1),(11146,NULL,47,375,4,-1),(11147,NULL,48,375,4,-1),(11148,NULL,49,375,4,-1),(11149,NULL,50,375,5,-1),(11150,NULL,51,375,2,-1),(11151,NULL,52,375,5,-1),(11152,NULL,53,375,4,-1),(11153,NULL,54,375,2,-1),(11154,NULL,55,375,5,-1),(11155,NULL,56,375,4,-1),(11156,NULL,57,375,5,-1),(11157,'18 - 24',59,375,0,-1),(11158,'Female',60,375,0,-1),(11159,'Portugal',61,375,0,-1),(11160,'High School Degree',62,375,0,-1),(11161,'University Student',63,375,0,-1),(11162,'Work',33,376,0,-1),(11163,NULL,35,376,6,-1),(11164,NULL,36,376,6,-1),(11165,NULL,37,376,5,-1),(11166,NULL,38,376,4,-1),(11167,NULL,39,376,5,-1),(11168,NULL,34,376,4.2,-1),(11169,NULL,40,376,7,-1),(11170,NULL,41,376,3,-1),(11171,NULL,42,376,5,-1),(11172,NULL,43,376,3,-1),(11173,NULL,44,376,5,-1),(11174,NULL,45,376,5,-1),(11175,NULL,46,376,4,-1),(11176,NULL,47,376,5,-1),(11177,NULL,48,376,5,-1),(11178,NULL,49,376,5,-1),(11179,NULL,50,376,4,-1),(11180,NULL,51,376,1,-1),(11181,NULL,52,376,4,-1),(11182,NULL,53,376,4,-1),(11183,NULL,54,376,4,-1),(11184,NULL,55,376,4,-1),(11185,NULL,56,376,4,-1),(11186,NULL,57,376,5,-1),(11187,'35 - 44',59,376,0,-1),(11188,'Male',60,376,0,-1),(11189,'Portugal',61,376,0,-1),(11190,'Master\'s Degree',62,376,0,-1),(11191,'Employed',63,376,0,-1),(11192,'Leisure',33,377,0,-1),(11193,NULL,35,377,5,-1),(11194,NULL,36,377,6,-1),(11195,NULL,37,377,6,-1),(11196,NULL,38,377,6,-1),(11197,NULL,39,377,6,-1),(11198,NULL,34,377,5.4,-1),(11199,NULL,40,377,5,-1),(11200,NULL,41,377,4,-1),(11201,NULL,42,377,4,-1),(11202,NULL,43,377,5,-1),(11203,NULL,44,377,3,-1),(11204,NULL,45,377,5,-1),(11205,NULL,46,377,6,-1),(11206,NULL,47,377,6,-1),(11207,NULL,48,377,6,-1),(11208,NULL,49,377,6,-1),(11209,NULL,50,377,5,-1),(11210,NULL,51,377,6,-1),(11211,NULL,52,377,6,-1),(11212,NULL,53,377,4,-1),(11213,NULL,54,377,4,-1),(11214,NULL,55,377,6,-1),(11215,NULL,56,377,6,-1),(11216,NULL,57,377,6,-1),(11217,'55 - 64',59,377,0,-1),(11218,'Female',60,377,0,-1),(11219,'Portugal',61,377,0,-1),(11220,'Doctorate\'s Degree',62,377,0,-1),(11221,'Employed',63,377,0,-1),(11222,'Leisure',33,378,0,-1),(11223,NULL,35,378,6,-1),(11224,NULL,36,378,6,-1),(11225,NULL,37,378,4,-1),(11226,NULL,38,378,4,-1),(11227,NULL,39,378,5,-1),(11228,NULL,34,378,4.6,-1),(11229,NULL,40,378,5,-1),(11230,NULL,41,378,5,-1),(11231,NULL,42,378,5,-1),(11232,NULL,43,378,5,-1),(11233,NULL,44,378,6,-1),(11234,NULL,45,378,5,-1),(11235,NULL,46,378,6,-1),(11236,NULL,47,378,6,-1),(11237,NULL,48,378,4,-1),(11238,NULL,49,378,6,-1),(11239,NULL,50,378,6,-1),(11240,NULL,51,378,1,-1),(11241,NULL,52,378,4,-1),(11242,NULL,53,378,4,-1),(11243,NULL,54,378,4,-1),(11244,NULL,55,378,6,-1),(11245,NULL,56,378,4,-1),(11246,NULL,57,378,6,-1),(11247,'55 - 64',59,378,0,-1),(11248,'Male',60,378,0,-1),(11249,'Portugal',61,378,0,-1),(11250,'High School Degree',62,378,0,-1),(11251,'Employed',63,378,0,-1),(11252,'Leisure',33,379,0,-1),(11253,NULL,35,379,4,-1),(11254,NULL,36,379,3,-1),(11255,NULL,37,379,3,-1),(11256,NULL,38,379,4,-1),(11257,NULL,39,379,6,-1),(11258,NULL,34,379,3.2,-1),(11259,NULL,40,379,4,-1),(11260,NULL,41,379,2,-1),(11261,NULL,42,379,5,-1),(11262,NULL,43,379,3,-1),(11263,NULL,44,379,5,-1),(11264,NULL,45,379,3,-1),(11265,NULL,46,379,4,-1),(11266,NULL,47,379,5,-1),(11267,NULL,48,379,4,-1),(11268,NULL,49,379,2,-1),(11269,NULL,50,379,3,-1),(11270,NULL,51,379,1,-1),(11271,NULL,52,379,4,-1),(11272,NULL,53,379,4,-1),(11273,NULL,54,379,4,-1),(11274,NULL,55,379,4,-1),(11275,NULL,56,379,7,-1),(11276,NULL,57,379,4,-1),(11277,'45 - 54',59,379,0,-1),(11278,'Female',60,379,0,-1),(11279,'Portugal',61,379,0,-1),(11280,'High School Degree',62,379,0,-1),(11281,'Employed',63,379,0,-1),(11282,'Work',33,380,0,-1),(11283,NULL,35,380,7,-1),(11284,NULL,36,380,7,-1),(11285,NULL,37,380,7,-1),(11286,NULL,38,380,7,-1),(11287,NULL,39,380,7,-1),(11288,NULL,34,380,7,-1),(11289,NULL,40,380,7,-1),(11290,NULL,41,380,7,-1),(11291,NULL,42,380,7,-1),(11292,NULL,43,380,7,-1),(11293,NULL,44,380,7,-1),(11294,NULL,45,380,7,-1),(11295,NULL,46,380,7,-1),(11296,NULL,47,380,7,-1),(11297,NULL,48,380,7,-1),(11298,NULL,49,380,7,-1),(11299,NULL,50,380,7,-1),(11300,NULL,51,380,7,-1),(11301,NULL,52,380,7,-1),(11302,NULL,53,380,6,-1),(11303,NULL,54,380,6,-1),(11304,NULL,55,380,6,-1),(11305,NULL,56,380,6,-1),(11306,NULL,57,380,6,-1),(11307,'45 - 54',59,380,0,-1),(11308,'Male',60,380,0,-1),(11309,'Portugal',61,380,0,-1),(11310,'Master\'s Degree',62,380,0,-1),(11311,'Employed',63,380,0,-1),(11312,'Leisure',33,381,0,-1),(11313,NULL,35,381,6,-1),(11314,NULL,36,381,6,-1),(11315,NULL,37,381,4,-1),(11316,NULL,38,381,4,-1),(11317,NULL,39,381,5,-1),(11318,NULL,34,381,6,-1),(11319,NULL,40,381,6,-1),(11320,NULL,41,381,6,-1),(11321,NULL,42,381,6,-1),(11322,NULL,43,381,6,-1),(11323,NULL,44,381,6,-1),(11324,NULL,45,381,6,-1),(11325,NULL,46,381,6,-1),(11326,NULL,47,381,6,-1),(11327,NULL,48,381,6,-1),(11328,NULL,49,381,6,-1),(11329,NULL,50,381,6,-1),(11330,NULL,51,381,5,-1),(11331,NULL,52,381,5,-1),(11332,NULL,53,381,6,-1),(11333,NULL,54,381,6,-1),(11334,NULL,55,381,6,-1),(11335,NULL,56,381,6,-1),(11336,NULL,57,381,6,-1),(11337,'35 - 44',59,381,0,-1),(11338,'Male',60,381,0,-1),(11339,'Portugal',61,381,0,-1),(11340,'Doctorate\'s Degree',62,381,0,-1),(11341,'Employed',63,381,0,-1),(11342,'Work',33,382,0,-1),(11343,NULL,35,382,6,-1),(11344,NULL,36,382,6,-1),(11345,NULL,37,382,6,-1),(11346,NULL,38,382,4,-1),(11347,NULL,39,382,5,-1),(11348,NULL,34,382,5.6,-1),(11349,NULL,40,382,5,-1),(11350,NULL,41,382,5,-1),(11351,NULL,42,382,5,-1),(11352,NULL,43,382,5,-1),(11353,NULL,44,382,5,-1),(11354,NULL,45,382,5,-1),(11355,NULL,46,382,5,-1),(11356,NULL,47,382,5,-1),(11357,NULL,48,382,5,-1),(11358,NULL,49,382,5,-1),(11359,NULL,50,382,5,-1),(11360,NULL,51,382,5,-1),(11361,NULL,52,382,5,-1),(11362,NULL,53,382,4,-1),(11363,NULL,54,382,5,-1),(11364,NULL,55,382,4,-1),(11365,NULL,56,382,5,-1),(11366,NULL,57,382,5,-1),(11367,'45 - 54',59,382,0,-1),(11368,'Female',60,382,0,-1),(11369,'Portugal',61,382,0,-1),(11370,'Master\'s Degree',62,382,0,-1),(11371,'Employed',63,382,0,-1),(11372,'Leisure',33,383,0,-1),(11373,NULL,35,383,6,-1),(11374,NULL,36,383,6,-1),(11375,NULL,37,383,2,-1),(11376,NULL,38,383,2,-1),(11377,NULL,39,383,2,-1),(11378,NULL,34,383,5.4,-1),(11379,NULL,40,383,5,-1),(11380,NULL,41,383,4,-1),(11381,NULL,42,383,3,-1),(11382,NULL,43,383,4,-1),(11383,NULL,44,383,6,-1),(11384,NULL,45,383,6,-1),(11385,NULL,46,383,6,-1),(11386,NULL,47,383,6,-1),(11387,NULL,48,383,6,-1),(11388,NULL,49,383,7,-1),(11389,NULL,50,383,6,-1),(11390,NULL,51,383,2,-1),(11391,NULL,52,383,6,-1),(11392,NULL,53,383,3,-1),(11393,NULL,54,383,4,-1),(11394,NULL,55,383,5,-1),(11395,NULL,56,383,5,-1),(11396,NULL,57,383,5,-1),(11397,'45 - 54',59,383,0,-1),(11398,'Female',60,383,0,-1),(11399,'Portugal',61,383,0,-1),(11400,'Master\'s Degree',62,383,0,-1),(11401,'Employed',63,383,0,-1),(11402,'Leisure',33,384,0,-1),(11403,NULL,35,384,6,-1),(11404,NULL,36,384,6,-1),(11405,NULL,37,384,5,-1),(11406,NULL,38,384,4,-1),(11407,NULL,39,384,5,-1),(11408,NULL,34,384,5.8,-1),(11409,NULL,40,384,7,-1),(11410,NULL,41,384,6,-1),(11411,NULL,42,384,6,-1),(11412,NULL,43,384,6,-1),(11413,NULL,44,384,6,-1),(11414,NULL,45,384,6,-1),(11415,NULL,46,384,6,-1),(11416,NULL,47,384,7,-1),(11417,NULL,48,384,6,-1),(11418,NULL,49,384,7,-1),(11419,NULL,50,384,6,-1),(11420,NULL,51,384,6,-1),(11421,NULL,52,384,6,-1),(11422,NULL,53,384,7,-1),(11423,NULL,54,384,5,-1),(11424,NULL,55,384,7,-1),(11425,NULL,56,384,7,-1),(11426,NULL,57,384,7,-1),(11427,'55 - 64',59,384,0,-1),(11428,'Male',60,384,0,-1),(11429,'Portugal',61,384,0,-1),(11430,'High School Degree',62,384,0,-1),(11431,'Employed',63,384,0,-1),(11432,'Leisure',33,385,0,-1),(11433,NULL,35,385,6,-1),(11434,NULL,36,385,7,-1),(11435,NULL,37,385,5,-1),(11436,NULL,38,385,5,-1),(11437,NULL,39,385,6,-1),(11438,NULL,34,385,5.2,-1),(11439,NULL,40,385,6,-1),(11440,NULL,41,385,5,-1),(11441,NULL,42,385,6,-1),(11442,NULL,43,385,5,-1),(11443,NULL,44,385,6,-1),(11444,NULL,45,385,6,-1),(11445,NULL,46,385,4,-1),(11446,NULL,47,385,5,-1),(11447,NULL,48,385,4,-1),(11448,NULL,49,385,5,-1),(11449,NULL,50,385,4,-1),(11450,NULL,51,385,2,-1),(11451,NULL,52,385,3,-1),(11452,NULL,53,385,6,-1),(11453,NULL,54,385,6,-1),(11454,NULL,55,385,6,-1),(11455,NULL,56,385,4,-1),(11456,NULL,57,385,4,-1),(11457,'35 - 44',59,385,0,-1),(11458,'Female',60,385,0,-1),(11459,'Portugal',61,385,0,-1),(11460,'I prefer not to say.',62,385,0,-1),(11461,'Employed',63,385,0,-1),(11462,'Work',33,386,0,-1),(11463,NULL,35,386,6,-1),(11464,NULL,36,386,6,-1),(11465,NULL,37,386,4,-1),(11466,NULL,38,386,3,-1),(11467,NULL,39,386,2,-1),(11468,NULL,34,386,3.4,-1),(11469,NULL,40,386,5,-1),(11470,NULL,41,386,5,-1),(11471,NULL,42,386,6,-1),(11472,NULL,43,386,4,-1),(11473,NULL,44,386,6,-1),(11474,NULL,45,386,6,-1),(11475,NULL,46,386,6,-1),(11476,NULL,47,386,6,-1),(11477,NULL,48,386,6,-1),(11478,NULL,49,386,6,-1),(11479,NULL,50,386,6,-1),(11480,NULL,51,386,6,-1),(11481,NULL,52,386,6,-1),(11482,NULL,53,386,4,-1),(11483,NULL,54,386,2,-1),(11484,NULL,55,386,4,-1),(11485,NULL,56,386,2,-1),(11486,NULL,57,386,4,-1),(11487,'55 - 64',59,386,0,-1),(11488,'Male',60,386,0,-1),(11489,'Portugal',61,386,0,-1),(11490,'Master\'s Degree',62,386,0,-1),(11491,'Employed',63,386,0,-1),(11492,'Work',33,387,0,-1),(11493,NULL,35,387,6,-1),(11494,NULL,36,387,6,-1),(11495,NULL,37,387,4,-1),(11496,NULL,38,387,4,-1),(11497,NULL,39,387,4,-1),(11498,NULL,34,387,5,-1),(11499,NULL,40,387,6,-1),(11500,NULL,41,387,6,-1),(11501,NULL,42,387,6,-1),(11502,NULL,43,387,6,-1),(11503,NULL,44,387,6,-1),(11504,NULL,45,387,6,-1),(11505,NULL,46,387,6,-1),(11506,NULL,47,387,6,-1),(11507,NULL,48,387,6,-1),(11508,NULL,49,387,6,-1),(11509,NULL,50,387,6,-1),(11510,NULL,51,387,6,-1),(11511,NULL,52,387,6,-1),(11512,NULL,53,387,4,-1),(11513,NULL,54,387,4,-1),(11514,NULL,55,387,4,-1),(11515,NULL,56,387,4,-1),(11516,NULL,57,387,4,-1),(11517,'55 - 64',59,387,0,-1),(11518,'Male',60,387,0,-1),(11519,'Portugal',61,387,0,-1),(11520,'Master\'s Degree',62,387,0,-1),(11521,'Employed',63,387,0,-1),(11522,'Leisure',33,388,0,-1),(11523,NULL,35,388,7,-1),(11524,NULL,36,388,7,-1),(11525,NULL,37,388,6,-1),(11526,NULL,38,388,4,-1),(11527,NULL,39,388,6,-1),(11528,NULL,34,388,6,-1),(11529,NULL,40,388,7,-1),(11530,NULL,41,388,6,-1),(11531,NULL,42,388,6,-1),(11532,NULL,43,388,6,-1),(11533,NULL,44,388,6,-1),(11534,NULL,45,388,7,-1),(11535,NULL,46,388,4,-1),(11536,NULL,47,388,6,-1),(11537,NULL,48,388,4,-1),(11538,NULL,49,388,7,-1),(11539,NULL,50,388,7,-1),(11540,NULL,51,388,1,-1),(11541,NULL,52,388,7,-1),(11542,NULL,53,388,6,-1),(11543,NULL,54,388,6,-1),(11544,NULL,55,388,5,-1),(11545,NULL,56,388,7,-1),(11546,NULL,57,388,5,-1),(11547,'45 - 54',59,388,0,-1),(11548,'Male',60,388,0,-1),(11549,'Portugal',61,388,0,-1),(11550,'Bachelor\'s Degree',62,388,0,-1),(11551,'Employed',63,388,0,-1),(11552,'Leisure',33,389,0,-1),(11553,NULL,35,389,5,-1),(11554,NULL,36,389,5,-1),(11555,NULL,37,389,5,-1),(11556,NULL,38,389,4,-1),(11557,NULL,39,389,5,-1),(11558,NULL,34,389,5.6,-1),(11559,NULL,40,389,6,-1),(11560,NULL,41,389,6,-1),(11561,NULL,42,389,5,-1),(11562,NULL,43,389,5,-1),(11563,NULL,44,389,6,-1),(11564,NULL,45,389,5,-1),(11565,NULL,46,389,4,-1),(11566,NULL,47,389,5,-1),(11567,NULL,48,389,5,-1),(11568,NULL,49,389,6,-1),(11569,NULL,50,389,6,-1),(11570,NULL,51,389,2,-1),(11571,NULL,52,389,4,-1),(11572,NULL,53,389,4,-1),(11573,NULL,54,389,4,-1),(11574,NULL,55,389,5,-1),(11575,NULL,56,389,4,-1),(11576,NULL,57,389,4,-1),(11577,'55 - 64',59,389,0,-1),(11578,'Male',60,389,0,-1),(11579,'Portugal',61,389,0,-1),(11580,'Bachelor\'s Degree',62,389,0,-1),(11581,'Employed',63,389,0,-1),(11582,'Leisure',33,390,0,-1),(11583,NULL,35,390,6,-1),(11584,NULL,36,390,5,-1),(11585,NULL,37,390,2,-1),(11586,NULL,38,390,2,-1),(11587,NULL,39,390,3,-1),(11588,NULL,34,390,3,-1),(11589,NULL,40,390,3,-1),(11590,NULL,41,390,5,-1),(11591,NULL,42,390,5,-1),(11592,NULL,43,390,5,-1),(11593,NULL,44,390,6,-1),(11594,NULL,45,390,5,-1),(11595,NULL,46,390,5,-1),(11596,NULL,47,390,4,-1),(11597,NULL,48,390,4,-1),(11598,NULL,49,390,5,-1),(11599,NULL,50,390,5,-1),(11600,NULL,51,390,2,-1),(11601,NULL,52,390,4,-1),(11602,NULL,53,390,6,-1),(11603,NULL,54,390,6,-1),(11604,NULL,55,390,2,-1),(11605,NULL,56,390,6,-1),(11606,NULL,57,390,6,-1),(11607,'45 - 54',59,390,0,-1),(11608,'Female',60,390,0,-1),(11609,'Portugal',61,390,0,-1),(11610,'Bachelor\'s Degree',62,390,0,-1),(11611,'Employed',63,390,0,-1),(11612,'Leisure',33,391,0,-1),(11613,NULL,35,391,6,-1),(11614,NULL,36,391,6,-1),(11615,NULL,37,391,3,-1),(11616,NULL,38,391,3,-1),(11617,NULL,39,391,3,-1),(11618,NULL,34,391,4.4,-1),(11619,NULL,40,391,5,-1),(11620,NULL,41,391,5,-1),(11621,NULL,42,391,6,-1),(11622,NULL,43,391,5,-1),(11623,NULL,44,391,6,-1),(11624,NULL,45,391,6,-1),(11625,NULL,46,391,4,-1),(11626,NULL,47,391,6,-1),(11627,NULL,48,391,5,-1),(11628,NULL,49,391,6,-1),(11629,NULL,50,391,6,-1),(11630,NULL,51,391,3,-1),(11631,NULL,52,391,4,-1),(11632,NULL,53,391,4,-1),(11633,NULL,54,391,5,-1),(11634,NULL,55,391,4,-1),(11635,NULL,56,391,5,-1),(11636,NULL,57,391,4,-1),(11637,'45 - 54',59,391,0,-1),(11638,'Female',60,391,0,-1),(11639,'Portugal',61,391,0,-1),(11640,'Master\'s Degree',62,391,0,-1),(11641,'Employed',63,391,0,-1),(11642,'Leisure',33,392,0,-1),(11643,NULL,35,392,3,-1),(11644,NULL,36,392,6,-1),(11645,NULL,37,392,6,-1),(11646,NULL,38,392,6,-1),(11647,NULL,39,392,6,-1),(11648,NULL,34,392,3.6,-1),(11649,NULL,40,392,6,-1),(11650,NULL,41,392,3,-1),(11651,NULL,42,392,3,-1),(11652,NULL,43,392,3,-1),(11653,NULL,44,392,3,-1),(11654,NULL,45,392,5,-1),(11655,NULL,46,392,5,-1),(11656,NULL,47,392,5,-1),(11657,NULL,48,392,5,-1),(11658,NULL,49,392,5,-1),(11659,NULL,50,392,6,-1),(11660,NULL,51,392,6,-1),(11661,NULL,52,392,6,-1),(11662,NULL,53,392,5,-1),(11663,NULL,54,392,5,-1),(11664,NULL,55,392,4,-1),(11665,NULL,56,392,3,-1),(11666,NULL,57,392,5,-1),(11667,'65 - 74',59,392,0,-1),(11668,'Female',60,392,0,-1),(11669,'Portugal',61,392,0,-1),(11670,'Master\'s Degree',62,392,0,-1),(11671,'Retired',63,392,0,-1),(11672,'Leisure',33,393,0,-1),(11673,NULL,35,393,6,-1),(11674,NULL,36,393,6,-1),(11675,NULL,37,393,3,-1),(11676,NULL,38,393,3,-1),(11677,NULL,39,393,5,-1),(11678,NULL,34,393,4.8,-1),(11679,NULL,40,393,6,-1),(11680,NULL,41,393,6,-1),(11681,NULL,42,393,6,-1),(11682,NULL,43,393,6,-1),(11683,NULL,44,393,6,-1),(11684,NULL,45,393,6,-1),(11685,NULL,46,393,5,-1),(11686,NULL,47,393,6,-1),(11687,NULL,48,393,3,-1),(11688,NULL,49,393,6,-1),(11689,NULL,50,393,6,-1),(11690,NULL,51,393,2,-1),(11691,NULL,52,393,6,-1),(11692,NULL,53,393,6,-1),(11693,NULL,54,393,5,-1),(11694,NULL,55,393,4,-1),(11695,NULL,56,393,6,-1),(11696,NULL,57,393,4,-1),(11697,'55 - 64',59,393,0,-1),(11698,'Female',60,393,0,-1),(11699,'Portugal',61,393,0,-1),(11700,'Bachelor\'s Degree',62,393,0,-1),(11701,'Employed',63,393,0,-1),(11702,'Leisure',33,394,0,-1),(11703,NULL,35,394,7,-1),(11704,NULL,36,394,7,-1),(11705,NULL,37,394,7,-1),(11706,NULL,38,394,7,-1),(11707,NULL,39,394,7,-1),(11708,NULL,34,394,7,-1),(11709,NULL,40,394,7,-1),(11710,NULL,41,394,7,-1),(11711,NULL,42,394,7,-1),(11712,NULL,43,394,7,-1),(11713,NULL,44,394,7,-1),(11714,NULL,45,394,7,-1),(11715,NULL,46,394,7,-1),(11716,NULL,47,394,7,-1),(11717,NULL,48,394,7,-1),(11718,NULL,49,394,7,-1),(11719,NULL,50,394,4,-1),(11720,NULL,51,394,4,-1),(11721,NULL,52,394,7,-1),(11722,NULL,53,394,7,-1),(11723,NULL,54,394,7,-1),(11724,NULL,55,394,7,-1),(11725,NULL,56,394,7,-1),(11726,NULL,57,394,7,-1),(11727,'55 - 64',59,394,0,-1),(11728,'Male',60,394,0,-1),(11729,'Portugal',61,394,0,-1),(11730,'I prefer not to say.',62,394,0,-1),(11731,'I prefer not to say.',63,394,0,-1),(11732,'Leisure',33,395,0,-1),(11733,NULL,35,395,6,-1),(11734,NULL,36,395,6,-1),(11735,NULL,37,395,4,-1),(11736,NULL,38,395,4,-1),(11737,NULL,39,395,6,-1),(11738,NULL,34,395,5.4,-1),(11739,NULL,40,395,6,-1),(11740,NULL,41,395,6,-1),(11741,NULL,42,395,6,-1),(11742,NULL,43,395,5,-1),(11743,NULL,44,395,6,-1),(11744,NULL,45,395,6,-1),(11745,NULL,46,395,4,-1),(11746,NULL,47,395,6,-1),(11747,NULL,48,395,6,-1),(11748,NULL,49,395,6,-1),(11749,NULL,50,395,6,-1),(11750,NULL,51,395,4,-1),(11751,NULL,52,395,4,-1),(11752,NULL,53,395,5,-1),(11753,NULL,54,395,4,-1),(11754,NULL,55,395,5,-1),(11755,NULL,56,395,5,-1),(11756,NULL,57,395,5,-1),(11757,'65 - 74',59,395,0,-1),(11758,'Female',60,395,0,-1),(11759,'Portugal',61,395,0,-1),(11760,'Lesser than High School',62,395,0,-1),(11761,'Retired',63,395,0,-1),(11762,'Leisure',33,396,0,-1),(11763,NULL,35,396,6,-1),(11764,NULL,36,396,6,-1),(11765,NULL,37,396,4,-1),(11766,NULL,38,396,5,-1),(11767,NULL,39,396,5,-1),(11768,NULL,34,396,6,-1),(11769,NULL,40,396,7,-1),(11770,NULL,41,396,6,-1),(11771,NULL,42,396,6,-1),(11772,NULL,43,396,6,-1),(11773,NULL,44,396,7,-1),(11774,NULL,45,396,6,-1),(11775,NULL,46,396,7,-1),(11776,NULL,47,396,6,-1),(11777,NULL,48,396,6,-1),(11778,NULL,49,396,6,-1),(11779,NULL,50,396,6,-1),(11780,NULL,51,396,4,-1),(11781,NULL,52,396,6,-1),(11782,NULL,53,396,5,-1),(11783,NULL,54,396,5,-1),(11784,NULL,55,396,7,-1),(11785,NULL,56,396,6,-1),(11786,NULL,57,396,6,-1),(11787,'65 - 74',59,396,0,-1),(11788,'Male',60,396,0,-1),(11789,'Portugal',61,396,0,-1),(11790,'High School Degree',62,396,0,-1),(11791,'Retired',63,396,0,-1),(11792,'Leisure',33,397,0,-1),(11793,NULL,35,397,4,-1),(11794,NULL,36,397,3,-1),(11795,NULL,37,397,4,-1),(11796,NULL,38,397,4,-1),(11797,NULL,39,397,4,-1),(11798,NULL,34,397,4.8,-1),(11799,NULL,40,397,6,-1),(11800,NULL,41,397,6,-1),(11801,NULL,42,397,6,-1),(11802,NULL,43,397,2,-1),(11803,NULL,44,397,6,-1),(11804,NULL,45,397,5,-1),(11805,NULL,46,397,5,-1),(11806,NULL,47,397,5,-1),(11807,NULL,48,397,4,-1),(11808,NULL,49,397,5,-1),(11809,NULL,50,397,5,-1),(11810,NULL,51,397,2,-1),(11811,NULL,52,397,2,-1),(11812,NULL,53,397,4,-1),(11813,NULL,54,397,5,-1),(11814,NULL,55,397,4,-1),(11815,NULL,56,397,4,-1),(11816,NULL,57,397,4,-1),(11817,'35 - 44',59,397,0,-1),(11818,'Female',60,397,0,-1),(11819,'Portugal',61,397,0,-1),(11820,'Master\'s Degree',62,397,0,-1),(11821,'Unemployed',63,397,0,-1),(11822,'Work',33,398,0,-1),(11823,NULL,35,398,7,-1),(11824,NULL,36,398,6,-1),(11825,NULL,37,398,6,-1),(11826,NULL,38,398,7,-1),(11827,NULL,39,398,7,-1),(11828,NULL,34,398,6.4,-1),(11829,NULL,40,398,6,-1),(11830,NULL,41,398,7,-1),(11831,NULL,42,398,5,-1),(11832,NULL,43,398,6,-1),(11833,NULL,44,398,6,-1),(11834,NULL,45,398,6,-1),(11835,NULL,46,398,6,-1),(11836,NULL,47,398,7,-1),(11837,NULL,48,398,6,-1),(11838,NULL,49,398,7,-1),(11839,NULL,50,398,6,-1),(11840,NULL,51,398,6,-1),(11841,NULL,52,398,2,-1),(11842,NULL,53,398,6,-1),(11843,NULL,54,398,7,-1),(11844,NULL,55,398,6,-1),(11845,NULL,56,398,4,-1),(11846,NULL,57,398,6,-1),(11847,'55 - 64',59,398,0,-1),(11848,'Female',60,398,0,-1),(11849,'Portugal',61,398,0,-1),(11850,'High School Degree',62,398,0,-1),(11851,'Employed',63,398,0,-1),(11852,'Leisure',33,399,0,-1),(11853,NULL,35,399,6,-1),(11854,NULL,36,399,7,-1),(11855,NULL,37,399,4,-1),(11856,NULL,38,399,4,-1),(11857,NULL,39,399,5,-1),(11858,NULL,34,399,5.8,-1),(11859,NULL,40,399,6,-1),(11860,NULL,41,399,6,-1),(11861,NULL,42,399,6,-1),(11862,NULL,43,399,6,-1),(11863,NULL,44,399,6,-1),(11864,NULL,45,399,6,-1),(11865,NULL,46,399,6,-1),(11866,NULL,47,399,6,-1),(11867,NULL,48,399,6,-1),(11868,NULL,49,399,6,-1),(11869,NULL,50,399,7,-1),(11870,NULL,51,399,2,-1),(11871,NULL,52,399,6,-1),(11872,NULL,53,399,6,-1),(11873,NULL,54,399,6,-1),(11874,NULL,55,399,6,-1),(11875,NULL,56,399,6,-1),(11876,NULL,57,399,4,-1),(11877,'45 - 54',59,399,0,-1),(11878,'Female',60,399,0,-1),(11879,'Portugal',61,399,0,-1),(11880,'Master\'s Degree',62,399,0,-1),(11881,'Employed',63,399,0,-1),(11882,'Sports Competition',33,400,0,-1),(11883,NULL,35,400,6,-1),(11884,NULL,36,400,6,-1),(11885,NULL,37,400,7,-1),(11886,NULL,38,400,4,-1),(11887,NULL,39,400,6,-1),(11888,NULL,34,400,6,-1),(11889,NULL,40,400,6,-1),(11890,NULL,41,400,6,-1),(11891,NULL,42,400,6,-1),(11892,NULL,43,400,6,-1),(11893,NULL,44,400,7,-1),(11894,NULL,45,400,7,-1),(11895,NULL,46,400,7,-1),(11896,NULL,47,400,7,-1),(11897,NULL,48,400,7,-1),(11898,NULL,49,400,7,-1),(11899,NULL,50,400,4,-1),(11900,NULL,51,400,2,-1),(11901,NULL,52,400,4,-1),(11902,NULL,53,400,5,-1),(11903,NULL,54,400,7,-1),(11904,NULL,55,400,6,-1),(11905,NULL,56,400,7,-1),(11906,NULL,57,400,4,-1),(11907,'18 - 24',59,400,0,-1),(11908,'Male',60,400,0,-1),(11909,'Portugal',61,400,0,-1),(11910,'High School Degree',62,400,0,-1),(11911,'University Student',63,400,0,-1),(11912,'Leisure',33,401,0,-1),(11913,NULL,35,401,4,-1),(11914,NULL,36,401,7,-1),(11915,NULL,37,401,4,-1),(11916,NULL,38,401,5,-1),(11917,NULL,39,401,6,-1),(11918,NULL,34,401,6,-1),(11919,NULL,40,401,6,-1),(11920,NULL,41,401,6,-1),(11921,NULL,42,401,6,-1),(11922,NULL,43,401,6,-1),(11923,NULL,44,401,6,-1),(11924,NULL,45,401,6,-1),(11925,NULL,46,401,6,-1),(11926,NULL,47,401,6,-1),(11927,NULL,48,401,6,-1),(11928,NULL,49,401,6,-1),(11929,NULL,50,401,6,-1),(11930,NULL,51,401,6,-1),(11931,NULL,52,401,4,-1),(11932,NULL,53,401,6,-1),(11933,NULL,54,401,6,-1),(11934,NULL,55,401,6,-1),(11935,NULL,56,401,6,-1),(11936,NULL,57,401,6,-1),(11937,'45 - 54',59,401,0,-1),(11938,'Female',60,401,0,-1),(11939,'Portugal',61,401,0,-1),(11940,'Master\'s Degree',62,401,0,-1),(11941,'Employed',63,401,0,-1),(11942,'Leisure',33,402,0,-1),(11943,NULL,35,402,6,-1),(11944,NULL,36,402,6,-1),(11945,NULL,37,402,4,-1),(11946,NULL,38,402,4,-1),(11947,NULL,39,402,4,-1),(11948,NULL,34,402,5.2,-1),(11949,NULL,40,402,6,-1),(11950,NULL,41,402,6,-1),(11951,NULL,42,402,6,-1),(11952,NULL,43,402,4,-1),(11953,NULL,44,402,6,-1),(11954,NULL,45,402,6,-1),(11955,NULL,46,402,4,-1),(11956,NULL,47,402,6,-1),(11957,NULL,48,402,4,-1),(11958,NULL,49,402,6,-1),(11959,NULL,50,402,4,-1),(11960,NULL,51,402,3,-1),(11961,NULL,52,402,4,-1),(11962,NULL,53,402,6,-1),(11963,NULL,54,402,4,-1),(11964,NULL,55,402,5,-1),(11965,NULL,56,402,5,-1),(11966,NULL,57,402,4,-1),(11967,'45 - 54',59,402,0,-1),(11968,'Female',60,402,0,-1),(11969,'Portugal',61,402,0,-1),(11970,'I prefer not to say.',62,402,0,-1),(11971,'Employed',63,402,0,-1),(11972,'Leisure',33,403,0,-1),(11973,NULL,35,403,6,-1),(11974,NULL,36,403,4,-1),(11975,NULL,37,403,4,-1),(11976,NULL,38,403,4,-1),(11977,NULL,39,403,4,-1),(11978,NULL,34,403,2.8,-1),(11979,NULL,40,403,2,-1),(11980,NULL,41,403,2,-1),(11981,NULL,42,403,2,-1),(11982,NULL,43,403,3,-1),(11983,NULL,44,403,3,-1),(11984,NULL,45,403,4,-1),(11985,NULL,46,403,4,-1),(11986,NULL,47,403,4,-1),(11987,NULL,48,403,4,-1),(11988,NULL,49,403,4,-1),(11989,NULL,50,403,5,-1),(11990,NULL,51,403,5,-1),(11991,NULL,52,403,6,-1),(11992,NULL,53,403,2,-1),(11993,NULL,54,403,6,-1),(11994,NULL,55,403,5,-1),(11995,NULL,56,403,4,-1),(11996,NULL,57,403,5,-1),(11997,'18 - 24',59,403,0,-1),(11998,'Male',60,403,0,-1),(11999,'Portugal',61,403,0,-1),(12000,'Bachelor\'s Degree',62,403,0,-1),(12001,'Working Student',63,403,0,-1),(12002,'Leisure',33,404,0,-1),(12003,NULL,35,404,7,-1),(12004,NULL,36,404,6,-1),(12005,NULL,37,404,4,-1),(12006,NULL,38,404,4,-1),(12007,NULL,39,404,5,-1),(12008,NULL,34,404,6,-1),(12009,NULL,40,404,6,-1),(12010,NULL,41,404,4,-1),(12011,NULL,42,404,7,-1),(12012,NULL,43,404,7,-1),(12013,NULL,44,404,7,-1),(12014,NULL,45,404,6,-1),(12015,NULL,46,404,7,-1),(12016,NULL,47,404,7,-1),(12017,NULL,48,404,7,-1),(12018,NULL,49,404,7,-1),(12019,NULL,50,404,7,-1),(12020,NULL,51,404,4,-1),(12021,NULL,52,404,7,-1),(12022,NULL,53,404,7,-1),(12023,NULL,54,404,7,-1),(12024,NULL,55,404,7,-1),(12025,NULL,56,404,4,-1),(12026,NULL,57,404,7,-1),(12027,'45 - 54',59,404,0,-1),(12028,'Male',60,404,0,-1),(12029,'Portugal',61,404,0,-1),(12030,'Master\'s Degree',62,404,0,-1),(12031,'Employed',63,404,0,-1),(12032,'Leisure',33,405,0,-1),(12033,NULL,35,405,6,-1),(12034,NULL,36,405,7,-1),(12035,NULL,37,405,4,-1),(12036,NULL,38,405,4,-1),(12037,NULL,39,405,6,-1),(12038,NULL,34,405,6.2,-1),(12039,NULL,40,405,7,-1),(12040,NULL,41,405,7,-1),(12041,NULL,42,405,7,-1),(12042,NULL,43,405,7,-1),(12043,NULL,44,405,7,-1),(12044,NULL,45,405,7,-1),(12045,NULL,46,405,6,-1),(12046,NULL,47,405,7,-1),(12047,NULL,48,405,4,-1),(12048,NULL,49,405,7,-1),(12049,NULL,50,405,6,-1),(12050,NULL,51,405,2,-1),(12051,NULL,52,405,6,-1),(12052,NULL,53,405,7,-1),(12053,NULL,54,405,4,-1),(12054,NULL,55,405,7,-1),(12055,NULL,56,405,7,-1),(12056,NULL,57,405,7,-1),(12057,'18 - 24',59,405,0,-1),(12058,'Female',60,405,0,-1),(12059,'Portugal',61,405,0,-1),(12060,'High School Degree',62,405,0,-1),(12061,'University Student',63,405,0,-1),(12062,'Leisure',33,406,0,-1),(12063,NULL,35,406,7,-1),(12064,NULL,36,406,7,-1),(12065,NULL,37,406,6,-1),(12066,NULL,38,406,7,-1),(12067,NULL,39,406,6,-1),(12068,NULL,34,406,5.8,-1),(12069,NULL,40,406,6,-1),(12070,NULL,41,406,6,-1),(12071,NULL,42,406,6,-1),(12072,NULL,43,406,6,-1),(12073,NULL,44,406,7,-1),(12074,NULL,45,406,7,-1),(12075,NULL,46,406,7,-1),(12076,NULL,47,406,7,-1),(12077,NULL,48,406,7,-1),(12078,NULL,49,406,7,-1),(12079,NULL,50,406,6,-1),(12080,NULL,51,406,1,-1),(12081,NULL,52,406,6,-1),(12082,NULL,53,406,7,-1),(12083,NULL,54,406,7,-1),(12084,NULL,55,406,7,-1),(12085,NULL,56,406,4,-1),(12086,NULL,57,406,5,-1),(12087,'35 - 44',59,406,0,-1),(12088,'Male',60,406,0,-1),(12089,'Portugal',61,406,0,-1),(12090,'Bachelor\'s Degree',62,406,0,-1),(12091,'Employed',63,406,0,-1),(12092,'Leisure',33,407,0,-1),(12093,NULL,35,407,6,-1),(12094,NULL,36,407,6,-1),(12095,NULL,37,407,4,-1),(12096,NULL,38,407,4,-1),(12097,NULL,39,407,6,-1),(12098,NULL,34,407,6.2,-1),(12099,NULL,40,407,6,-1),(12100,NULL,41,407,6,-1),(12101,NULL,42,407,6,-1),(12102,NULL,43,407,7,-1),(12103,NULL,44,407,7,-1),(12104,NULL,45,407,7,-1),(12105,NULL,46,407,7,-1),(12106,NULL,47,407,7,-1),(12107,NULL,48,407,4,-1),(12108,NULL,49,407,7,-1),(12109,NULL,50,407,7,-1),(12110,NULL,51,407,1,-1),(12111,NULL,52,407,7,-1),(12112,NULL,53,407,7,-1),(12113,NULL,54,407,7,-1),(12114,NULL,55,407,7,-1),(12115,NULL,56,407,7,-1),(12116,NULL,57,407,7,-1),(12117,'25 - 34',59,407,0,-1),(12118,'Female',60,407,0,-1),(12119,'Portugal',61,407,0,-1),(12120,'Master\'s Degree',62,407,0,-1),(12121,'Employed',63,407,0,-1),(12122,'Work',33,408,0,-1),(12123,NULL,35,408,7,-1),(12124,NULL,36,408,5,-1),(12125,NULL,37,408,1,-1),(12126,NULL,38,408,1,-1),(12127,NULL,39,408,1,-1),(12128,NULL,34,408,3.4,-1),(12129,NULL,40,408,5,-1),(12130,NULL,41,408,5,-1),(12131,NULL,42,408,5,-1),(12132,NULL,43,408,5,-1),(12133,NULL,44,408,7,-1),(12134,NULL,45,408,7,-1),(12135,NULL,46,408,7,-1),(12136,NULL,47,408,7,-1),(12137,NULL,48,408,5,-1),(12138,NULL,49,408,6,-1),(12139,NULL,50,408,7,-1),(12140,NULL,51,408,2,-1),(12141,NULL,52,408,4,-1),(12142,NULL,53,408,1,-1),(12143,NULL,54,408,1,-1),(12144,NULL,55,408,1,-1),(12145,NULL,56,408,1,-1),(12146,NULL,57,408,1,-1),(12147,'35 - 44',59,408,0,-1),(12148,'Female',60,408,0,-1),(12149,'Portugal',61,408,0,-1),(12150,'Doctorate\'s Degree',62,408,0,-1),(12151,'Employed',63,408,0,-1),(12152,'Work',33,409,0,-1),(12153,NULL,35,409,7,-1),(12154,NULL,36,409,7,-1),(12155,NULL,37,409,4,-1),(12156,NULL,38,409,4,-1),(12157,NULL,39,409,5,-1),(12158,NULL,34,409,6.8,-1),(12159,NULL,40,409,7,-1),(12160,NULL,41,409,7,-1),(12161,NULL,42,409,7,-1),(12162,NULL,43,409,7,-1),(12163,NULL,44,409,7,-1),(12164,NULL,45,409,7,-1),(12165,NULL,46,409,7,-1),(12166,NULL,47,409,7,-1),(12167,NULL,48,409,4,-1),(12168,NULL,49,409,7,-1),(12169,NULL,50,409,7,-1),(12170,NULL,51,409,7,-1),(12171,NULL,52,409,7,-1),(12172,NULL,53,409,4,-1),(12173,NULL,54,409,7,-1),(12174,NULL,55,409,7,-1),(12175,NULL,56,409,7,-1),(12176,NULL,57,409,7,-1),(12177,'18 - 24',59,409,0,-1),(12178,'Male',60,409,0,-1),(12179,'Portugal',61,409,0,-1),(12180,'Bachelor\'s Degree',62,409,0,-1),(12181,'University Student',63,409,0,-1),(12182,'Leisure',33,410,0,-1),(12183,NULL,35,410,7,-1),(12184,NULL,36,410,7,-1),(12185,NULL,37,410,7,-1),(12186,NULL,38,410,4,-1),(12187,NULL,39,410,5,-1),(12188,NULL,34,410,7,-1),(12189,NULL,40,410,7,-1),(12190,NULL,41,410,5,-1),(12191,NULL,42,410,6,-1),(12192,NULL,43,410,6,-1),(12193,NULL,44,410,6,-1),(12194,NULL,45,410,6,-1),(12195,NULL,46,410,6,-1),(12196,NULL,47,410,6,-1),(12197,NULL,48,410,6,-1),(12198,NULL,49,410,6,-1),(12199,NULL,50,410,6,-1),(12200,NULL,51,410,1,-1),(12201,NULL,52,410,6,-1),(12202,NULL,53,410,4,-1),(12203,NULL,54,410,4,-1),(12204,NULL,55,410,4,-1),(12205,NULL,56,410,4,-1),(12206,NULL,57,410,6,-1),(12207,'18 - 24',59,410,0,-1),(12208,'Female',60,410,0,-1),(12209,'Portugal',61,410,0,-1),(12210,'Master\'s Degree',62,410,0,-1),(12211,'Employed',63,410,0,-1),(12212,'Leisure',33,411,0,-1),(12213,NULL,35,411,6,-1),(12214,NULL,36,411,6,-1),(12215,NULL,37,411,4,-1),(12216,NULL,38,411,4,-1),(12217,NULL,39,411,4,-1),(12218,NULL,34,411,5.6,-1),(12219,NULL,40,411,5,-1),(12220,NULL,41,411,6,-1),(12221,NULL,42,411,6,-1),(12222,NULL,43,411,6,-1),(12223,NULL,44,411,6,-1),(12224,NULL,45,411,6,-1),(12225,NULL,46,411,4,-1),(12226,NULL,47,411,5,-1),(12227,NULL,48,411,4,-1),(12228,NULL,49,411,5,-1),(12229,NULL,50,411,6,-1),(12230,NULL,51,411,1,-1),(12231,NULL,52,411,4,-1),(12232,NULL,53,411,4,-1),(12233,NULL,54,411,5,-1),(12234,NULL,55,411,5,-1),(12235,NULL,56,411,6,-1),(12236,NULL,57,411,6,-1),(12237,'18 - 24',59,411,0,-1),(12238,'Male',60,411,0,-1),(12239,'Portugal',61,411,0,-1),(12240,'Bachelor\'s Degree',62,411,0,-1),(12241,'University Student',63,411,0,-1),(12242,'Leisure',33,412,0,-1),(12243,NULL,35,412,7,-1),(12244,NULL,36,412,6,-1),(12245,NULL,37,412,3,-1),(12246,NULL,38,412,4,-1),(12247,NULL,39,412,4,-1),(12248,NULL,34,412,5.4,-1),(12249,NULL,40,412,6,-1),(12250,NULL,41,412,4,-1),(12251,NULL,42,412,5,-1),(12252,NULL,43,412,4,-1),(12253,NULL,44,412,3,-1),(12254,NULL,45,412,5,-1),(12255,NULL,46,412,5,-1),(12256,NULL,47,412,5,-1),(12257,NULL,48,412,5,-1),(12258,NULL,49,412,6,-1),(12259,NULL,50,412,6,-1),(12260,NULL,51,412,2,-1),(12261,NULL,52,412,2,-1),(12262,NULL,53,412,5,-1),(12263,NULL,54,412,6,-1),(12264,NULL,55,412,6,-1),(12265,NULL,56,412,6,-1),(12266,NULL,57,412,7,-1),(12267,'25 - 34',59,412,0,-1),(12268,'Male',60,412,0,-1),(12269,'Portugal',61,412,0,-1),(12270,'Bachelor\'s Degree',62,412,0,-1),(12271,'Employed',63,412,0,-1),(12272,'Leisure',33,413,0,-1),(12273,NULL,35,413,7,-1),(12274,NULL,36,413,7,-1),(12275,NULL,37,413,4,-1),(12276,NULL,38,413,4,-1),(12277,NULL,39,413,4,-1),(12278,NULL,34,413,4.8,-1),(12279,NULL,40,413,5,-1),(12280,NULL,41,413,6,-1),(12281,NULL,42,413,7,-1),(12282,NULL,43,413,6,-1),(12283,NULL,44,413,7,-1),(12284,NULL,45,413,6,-1),(12285,NULL,46,413,6,-1),(12286,NULL,47,413,6,-1),(12287,NULL,48,413,6,-1),(12288,NULL,49,413,6,-1),(12289,NULL,50,413,6,-1),(12290,NULL,51,413,6,-1),(12291,NULL,52,413,6,-1),(12292,NULL,53,413,4,-1),(12293,NULL,54,413,4,-1),(12294,NULL,55,413,4,-1),(12295,NULL,56,413,4,-1),(12296,NULL,57,413,4,-1),(12297,'18 - 24',59,413,0,-1),(12298,'Male',60,413,0,-1),(12299,'Portugal',61,413,0,-1),(12300,'Master\'s Degree',62,413,0,-1),(12301,'Employed',63,413,0,-1),(12302,'Leisure',33,414,0,-1),(12303,NULL,35,414,5,-1),(12304,NULL,36,414,5,-1),(12305,NULL,37,414,4,-1),(12306,NULL,38,414,2,-1),(12307,NULL,39,414,2,-1),(12308,NULL,34,414,4,-1),(12309,NULL,40,414,5,-1),(12310,NULL,41,414,4,-1),(12311,NULL,42,414,5,-1),(12312,NULL,43,414,5,-1),(12313,NULL,44,414,5,-1),(12314,NULL,45,414,5,-1),(12315,NULL,46,414,4,-1),(12316,NULL,47,414,4,-1),(12317,NULL,48,414,4,-1),(12318,NULL,49,414,4,-1),(12319,NULL,50,414,5,-1),(12320,NULL,51,414,2,-1),(12321,NULL,52,414,4,-1),(12322,NULL,53,414,2,-1),(12323,NULL,54,414,4,-1),(12324,NULL,55,414,4,-1),(12325,NULL,56,414,2,-1),(12326,NULL,57,414,4,-1),(12327,'35 - 44',59,414,0,-1),(12328,'Female',60,414,0,-1),(12329,'Portugal',61,414,0,-1),(12330,'I prefer not to say.',62,414,0,-1),(12331,'I prefer not to say.',63,414,0,-1),(12332,'Leisure',33,415,0,-1),(12333,NULL,35,415,7,-1),(12334,NULL,36,415,7,-1),(12335,NULL,37,415,6,-1),(12336,NULL,38,415,6,-1),(12337,NULL,39,415,5,-1),(12338,NULL,34,415,6.2,-1),(12339,NULL,40,415,6,-1),(12340,NULL,41,415,6,-1),(12341,NULL,42,415,7,-1),(12342,NULL,43,415,7,-1),(12343,NULL,44,415,7,-1),(12344,NULL,45,415,7,-1),(12345,NULL,46,415,4,-1),(12346,NULL,47,415,7,-1),(12347,NULL,48,415,4,-1),(12348,NULL,49,415,7,-1),(12349,NULL,50,415,6,-1),(12350,NULL,51,415,2,-1),(12351,NULL,52,415,6,-1),(12352,NULL,53,415,4,-1),(12353,NULL,54,415,4,-1),(12354,NULL,55,415,6,-1),(12355,NULL,56,415,4,-1),(12356,NULL,57,415,4,-1),(12357,'18 - 24',59,415,0,-1),(12358,'Female',60,415,0,-1),(12359,'Portugal',61,415,0,-1),(12360,'Bachelor\'s Degree',62,415,0,-1),(12361,'Working Student',63,415,0,-1),(12362,'Work',33,416,0,-1),(12363,NULL,35,416,7,-1),(12364,NULL,36,416,7,-1),(12365,NULL,37,416,4,-1),(12366,NULL,38,416,4,-1),(12367,NULL,39,416,6,-1),(12368,NULL,34,416,6,-1),(12369,NULL,40,416,6,-1),(12370,NULL,41,416,5,-1),(12371,NULL,42,416,6,-1),(12372,NULL,43,416,5,-1),(12373,NULL,44,416,6,-1),(12374,NULL,45,416,6,-1),(12375,NULL,46,416,6,-1),(12376,NULL,47,416,7,-1),(12377,NULL,48,416,7,-1),(12378,NULL,49,416,7,-1),(12379,NULL,50,416,7,-1),(12380,NULL,51,416,7,-1),(12381,NULL,52,416,7,-1),(12382,NULL,53,416,7,-1),(12383,NULL,54,416,7,-1),(12384,NULL,55,416,7,-1),(12385,NULL,56,416,7,-1),(12386,NULL,57,416,7,-1),(12387,'45 - 54',59,416,0,-1),(12388,'Female',60,416,0,-1),(12389,'Portugal',61,416,0,-1),(12390,'Master\'s Degree',62,416,0,-1),(12391,'Employed',63,416,0,-1),(12392,'Leisure',33,417,0,-1),(12393,NULL,35,417,7,-1),(12394,NULL,36,417,7,-1),(12395,NULL,37,417,6,-1),(12396,NULL,38,417,5,-1),(12397,NULL,39,417,5,-1),(12398,NULL,34,417,5.8,-1),(12399,NULL,40,417,7,-1),(12400,NULL,41,417,6,-1),(12401,NULL,42,417,6,-1),(12402,NULL,43,417,6,-1),(12403,NULL,44,417,6,-1),(12404,NULL,45,417,6,-1),(12405,NULL,46,417,6,-1),(12406,NULL,47,417,5,-1),(12407,NULL,48,417,6,-1),(12408,NULL,49,417,6,-1),(12409,NULL,50,417,7,-1),(12410,NULL,51,417,2,-1),(12411,NULL,52,417,6,-1),(12412,NULL,53,417,6,-1),(12413,NULL,54,417,5,-1),(12414,NULL,55,417,6,-1),(12415,NULL,56,417,6,-1),(12416,NULL,57,417,6,-1),(12417,'25 - 34',59,417,0,-1),(12418,'Female',60,417,0,-1),(12419,'Portugal',61,417,0,-1),(12420,'Master\'s Degree',62,417,0,-1),(12421,'Employed',63,417,0,-1),(12422,'Leisure',33,418,0,-1),(12423,NULL,35,418,6,-1),(12424,NULL,36,418,6,-1),(12425,NULL,37,418,6,-1),(12426,NULL,38,418,6,-1),(12427,NULL,39,418,6,-1),(12428,NULL,34,418,6,-1),(12429,NULL,40,418,6,-1),(12430,NULL,41,418,6,-1),(12431,NULL,42,418,6,-1),(12432,NULL,43,418,6,-1),(12433,NULL,44,418,6,-1),(12434,NULL,45,418,6,-1),(12435,NULL,46,418,6,-1),(12436,NULL,47,418,6,-1),(12437,NULL,48,418,6,-1),(12438,NULL,49,418,6,-1),(12439,NULL,50,418,6,-1),(12440,NULL,51,418,2,-1),(12441,NULL,52,418,6,-1),(12442,NULL,53,418,6,-1),(12443,NULL,54,418,6,-1),(12444,NULL,55,418,6,-1),(12445,NULL,56,418,6,-1),(12446,NULL,57,418,4,-1),(12447,'35 - 44',59,418,0,-1),(12448,'Female',60,418,0,-1),(12449,'Portugal',61,418,0,-1),(12450,'Master\'s Degree',62,418,0,-1),(12451,'Employed',63,418,0,-1),(12452,'Leisure',33,419,0,-1),(12453,NULL,35,419,7,-1),(12454,NULL,36,419,7,-1),(12455,NULL,37,419,4,-1),(12456,NULL,38,419,4,-1),(12457,NULL,39,419,7,-1),(12458,NULL,34,419,6.4,-1),(12459,NULL,40,419,7,-1),(12460,NULL,41,419,7,-1),(12461,NULL,42,419,7,-1),(12462,NULL,43,419,7,-1),(12463,NULL,44,419,7,-1),(12464,NULL,45,419,6,-1),(12465,NULL,46,419,6,-1),(12466,NULL,47,419,6,-1),(12467,NULL,48,419,6,-1),(12468,NULL,49,419,7,-1),(12469,NULL,50,419,7,-1),(12470,NULL,51,419,4,-1),(12471,NULL,52,419,4,-1),(12472,NULL,53,419,6,-1),(12473,NULL,54,419,6,-1),(12474,NULL,55,419,6,-1),(12475,NULL,56,419,6,-1),(12476,NULL,57,419,6,-1),(12477,'25 - 34',59,419,0,-1),(12478,'Male',60,419,0,-1),(12479,'Portugal',61,419,0,-1),(12480,'Bachelor\'s Degree',62,419,0,-1),(12481,'Working Student',63,419,0,-1),(12482,'Leisure',33,420,0,-1),(12483,NULL,35,420,7,-1),(12484,NULL,36,420,6,-1),(12485,NULL,37,420,5,-1),(12486,NULL,38,420,5,-1),(12487,NULL,39,420,6,-1),(12488,NULL,34,420,5.6,-1),(12489,NULL,40,420,6,-1),(12490,NULL,41,420,6,-1),(12491,NULL,42,420,6,-1),(12492,NULL,43,420,6,-1),(12493,NULL,44,420,7,-1),(12494,NULL,45,420,3,-1),(12495,NULL,46,420,4,-1),(12496,NULL,47,420,3,-1),(12497,NULL,48,420,4,-1),(12498,NULL,49,420,5,-1),(12499,NULL,50,420,7,-1),(12500,NULL,51,420,1,-1),(12501,NULL,52,420,7,-1),(12502,NULL,53,420,4,-1),(12503,NULL,54,420,5,-1),(12504,NULL,55,420,6,-1),(12505,NULL,56,420,6,-1),(12506,NULL,57,420,6,-1),(12507,'18 - 24',59,420,0,-1),(12508,'Female',60,420,0,-1),(12509,'Portugal',61,420,0,-1),(12510,'Bachelor\'s Degree',62,420,0,-1),(12511,'Employed',63,420,0,-1),(12512,'Leisure',33,421,0,-1),(12513,NULL,35,421,6,-1),(12514,NULL,36,421,6,-1),(12515,NULL,37,421,3,-1),(12516,NULL,38,421,4,-1),(12517,NULL,39,421,5,-1),(12518,NULL,34,421,4.8,-1),(12519,NULL,40,421,5,-1),(12520,NULL,41,421,5,-1),(12521,NULL,42,421,6,-1),(12522,NULL,43,421,5,-1),(12523,NULL,44,421,6,-1),(12524,NULL,45,421,5,-1),(12525,NULL,46,421,3,-1),(12526,NULL,47,421,3,-1),(12527,NULL,48,421,4,-1),(12528,NULL,49,421,5,-1),(12529,NULL,50,421,6,-1),(12530,NULL,51,421,2,-1),(12531,NULL,52,421,6,-1),(12532,NULL,53,421,3,-1),(12533,NULL,54,421,5,-1),(12534,NULL,55,421,5,-1),(12535,NULL,56,421,5,-1),(12536,NULL,57,421,5,-1),(12537,'25 - 34',59,421,0,-1),(12538,'Female',60,421,0,-1),(12539,'Portugal',61,421,0,-1),(12540,'Bachelor\'s Degree',62,421,0,-1),(12541,'University Student',63,421,0,-1),(12542,'Leisure',33,422,0,-1),(12543,NULL,35,422,7,-1),(12544,NULL,36,422,6,-1),(12545,NULL,37,422,5,-1),(12546,NULL,38,422,3,-1),(12547,NULL,39,422,5,-1),(12548,NULL,34,422,5.2,-1),(12549,NULL,40,422,5,-1),(12550,NULL,41,422,5,-1),(12551,NULL,42,422,7,-1),(12552,NULL,43,422,6,-1),(12553,NULL,44,422,6,-1),(12554,NULL,45,422,6,-1),(12555,NULL,46,422,4,-1),(12556,NULL,47,422,5,-1),(12557,NULL,48,422,6,-1),(12558,NULL,49,422,5,-1),(12559,NULL,50,422,6,-1),(12560,NULL,51,422,1,-1),(12561,NULL,52,422,6,-1),(12562,NULL,53,422,5,-1),(12563,NULL,54,422,5,-1),(12564,NULL,55,422,6,-1),(12565,NULL,56,422,5,-1),(12566,NULL,57,422,6,-1),(12567,'18 - 24',59,422,0,-1),(12568,'Female',60,422,0,-1),(12569,'Portugal',61,422,0,-1),(12570,'Bachelor\'s Degree',62,422,0,-1),(12571,'University Student',63,422,0,-1),(12572,'Leisure',33,423,0,-1),(12573,NULL,35,423,6,-1),(12574,NULL,36,423,6,-1),(12575,NULL,37,423,4,-1),(12576,NULL,38,423,4,-1),(12577,NULL,39,423,4,-1),(12578,NULL,34,423,4.4,-1),(12579,NULL,40,423,4,-1),(12580,NULL,41,423,4,-1),(12581,NULL,42,423,5,-1),(12582,NULL,43,423,4,-1),(12583,NULL,44,423,5,-1),(12584,NULL,45,423,6,-1),(12585,NULL,46,423,6,-1),(12586,NULL,47,423,6,-1),(12587,NULL,48,423,6,-1),(12588,NULL,49,423,6,-1),(12589,NULL,50,423,6,-1),(12590,NULL,51,423,4,-1),(12591,NULL,52,423,4,-1),(12592,NULL,53,423,4,-1),(12593,NULL,54,423,4,-1),(12594,NULL,55,423,4,-1),(12595,NULL,56,423,4,-1),(12596,NULL,57,423,4,-1),(12597,'18 - 24',59,423,0,-1),(12598,'Female',60,423,0,-1),(12599,'Portugal',61,423,0,-1),(12600,'Bachelor\'s Degree',62,423,0,-1),(12601,'University Student',63,423,0,-1),(12602,'Leisure',33,424,0,-1),(12603,NULL,35,424,7,-1),(12604,NULL,36,424,7,-1),(12605,NULL,37,424,4,-1),(12606,NULL,38,424,4,-1),(12607,NULL,39,424,4,-1),(12608,NULL,34,424,6,-1),(12609,NULL,40,424,6,-1),(12610,NULL,41,424,5,-1),(12611,NULL,42,424,6,-1),(12612,NULL,43,424,5,-1),(12613,NULL,44,424,6,-1),(12614,NULL,45,424,6,-1),(12615,NULL,46,424,6,-1),(12616,NULL,47,424,6,-1),(12617,NULL,48,424,4,-1),(12618,NULL,49,424,4,-1),(12619,NULL,50,424,7,-1),(12620,NULL,51,424,1,-1),(12621,NULL,52,424,7,-1),(12622,NULL,53,424,5,-1),(12623,NULL,54,424,3,-1),(12624,NULL,55,424,6,-1),(12625,NULL,56,424,6,-1),(12626,NULL,57,424,6,-1),(12627,'25 - 34',59,424,0,-1),(12628,'Female',60,424,0,-1),(12629,'Portugal',61,424,0,-1),(12630,'Bachelor\'s Degree',62,424,0,-1),(12631,'Employed',63,424,0,-1),(12632,'Leisure',33,425,0,-1),(12633,NULL,35,425,5,-1),(12634,NULL,36,425,3,-1),(12635,NULL,37,425,4,-1),(12636,NULL,38,425,5,-1),(12637,NULL,39,425,5,-1),(12638,NULL,34,425,6,-1),(12639,NULL,40,425,5,-1),(12640,NULL,41,425,6,-1),(12641,NULL,42,425,6,-1),(12642,NULL,43,425,7,-1),(12643,NULL,44,425,7,-1),(12644,NULL,45,425,6,-1),(12645,NULL,46,425,6,-1),(12646,NULL,47,425,6,-1),(12647,NULL,48,425,6,-1),(12648,NULL,49,425,6,-1),(12649,NULL,50,425,7,-1),(12650,NULL,51,425,2,-1),(12651,NULL,52,425,6,-1),(12652,NULL,53,425,4,-1),(12653,NULL,54,425,4,-1),(12654,NULL,55,425,4,-1),(12655,NULL,56,425,4,-1),(12656,NULL,57,425,4,-1),(12657,'25 - 34',59,425,0,-1),(12658,'Prefer not to say',60,425,0,-1),(12659,'Portugal',61,425,0,-1),(12660,'I prefer not to say.',62,425,0,-1),(12661,'I prefer not to say.',63,425,0,-1),(12662,'Leisure',33,426,0,-1),(12663,NULL,35,426,7,-1),(12664,NULL,36,426,7,-1),(12665,NULL,37,426,4,-1),(12666,NULL,38,426,5,-1),(12667,NULL,39,426,4,-1),(12668,NULL,34,426,6,-1),(12669,NULL,40,426,6,-1),(12670,NULL,41,426,5,-1),(12671,NULL,42,426,7,-1),(12672,NULL,43,426,5,-1),(12673,NULL,44,426,7,-1),(12674,NULL,45,426,6,-1),(12675,NULL,46,426,6,-1),(12676,NULL,47,426,7,-1),(12677,NULL,48,426,6,-1),(12678,NULL,49,426,6,-1),(12679,NULL,50,426,7,-1),(12680,NULL,51,426,2,-1),(12681,NULL,52,426,6,-1),(12682,NULL,53,426,4,-1),(12683,NULL,54,426,4,-1),(12684,NULL,55,426,4,-1),(12685,NULL,56,426,4,-1),(12686,NULL,57,426,4,-1),(12687,'25 - 34',59,426,0,-1),(12688,'Female',60,426,0,-1),(12689,'Portugal',61,426,0,-1),(12690,'Master\'s Degree',62,426,0,-1),(12691,'Employed',63,426,0,-1),(12692,'Leisure',33,427,0,-1),(12693,NULL,35,427,6,-1),(12694,NULL,36,427,6,-1),(12695,NULL,37,427,5,-1),(12696,NULL,38,427,4,-1),(12697,NULL,39,427,5,-1),(12698,NULL,34,427,5.4,-1),(12699,NULL,40,427,6,-1),(12700,NULL,41,427,3,-1),(12701,NULL,42,427,6,-1),(12702,NULL,43,427,3,-1),(12703,NULL,44,427,5,-1),(12704,NULL,45,427,6,-1),(12705,NULL,46,427,4,-1),(12706,NULL,47,427,6,-1),(12707,NULL,48,427,7,-1),(12708,NULL,49,427,7,-1),(12709,NULL,50,427,7,-1),(12710,NULL,51,427,5,-1),(12711,NULL,52,427,5,-1),(12712,NULL,53,427,7,-1),(12713,NULL,54,427,7,-1),(12714,NULL,55,427,7,-1),(12715,NULL,56,427,7,-1),(12716,NULL,57,427,7,-1),(12717,'45 - 54',59,427,0,-1),(12718,'Male',60,427,0,-1),(12719,'Portugal',61,427,0,-1),(12720,'Master\'s Degree',62,427,0,-1),(12721,'Employed',63,427,0,-1),(12722,'Leisure',33,428,0,-1),(12723,NULL,35,428,7,-1),(12724,NULL,36,428,7,-1),(12725,NULL,37,428,5,-1),(12726,NULL,38,428,5,-1),(12727,NULL,39,428,4,-1),(12728,NULL,34,428,6.2,-1),(12729,NULL,40,428,7,-1),(12730,NULL,41,428,7,-1),(12731,NULL,42,428,7,-1),(12732,NULL,43,428,7,-1),(12733,NULL,44,428,7,-1),(12734,NULL,45,428,7,-1),(12735,NULL,46,428,7,-1),(12736,NULL,47,428,7,-1),(12737,NULL,48,428,7,-1),(12738,NULL,49,428,7,-1),(12739,NULL,50,428,7,-1),(12740,NULL,51,428,1,-1),(12741,NULL,52,428,7,-1),(12742,NULL,53,428,4,-1),(12743,NULL,54,428,4,-1),(12744,NULL,55,428,5,-1),(12745,NULL,56,428,6,-1),(12746,NULL,57,428,7,-1),(12747,'25 - 34',59,428,0,-1),(12748,'Male',60,428,0,-1),(12749,'Portugal',61,428,0,-1),(12750,'Bachelor\'s Degree',62,428,0,-1),(12751,'Working Student',63,428,0,-1),(12752,'Leisure',33,429,0,-1),(12753,NULL,35,429,6,-1),(12754,NULL,36,429,6,-1),(12755,NULL,37,429,4,-1),(12756,NULL,38,429,6,-1),(12757,NULL,39,429,6,-1),(12758,NULL,34,429,5,-1),(12759,NULL,40,429,6,-1),(12760,NULL,41,429,5,-1),(12761,NULL,42,429,6,-1),(12762,NULL,43,429,5,-1),(12763,NULL,44,429,6,-1),(12764,NULL,45,429,6,-1),(12765,NULL,46,429,6,-1),(12766,NULL,47,429,6,-1),(12767,NULL,48,429,6,-1),(12768,NULL,49,429,6,-1),(12769,NULL,50,429,6,-1),(12770,NULL,51,429,5,-1),(12771,NULL,52,429,6,-1),(12772,NULL,53,429,4,-1),(12773,NULL,54,429,4,-1),(12774,NULL,55,429,5,-1),(12775,NULL,56,429,4,-1),(12776,NULL,57,429,5,-1),(12777,'25 - 34',59,429,0,-1),(12778,'Female',60,429,0,-1),(12779,'Portugal',61,429,0,-1),(12780,'Bachelor\'s Degree',62,429,0,-1),(12781,'Employed',63,429,0,-1),(12782,'Leisure',33,430,0,-1),(12783,NULL,35,430,6,-1),(12784,NULL,36,430,5,-1),(12785,NULL,37,430,4,-1),(12786,NULL,38,430,5,-1),(12787,NULL,39,430,5,-1),(12788,NULL,34,430,5.8,-1),(12789,NULL,40,430,5,-1),(12790,NULL,41,430,5,-1),(12791,NULL,42,430,4,-1),(12792,NULL,43,430,6,-1),(12793,NULL,44,430,6,-1),(12794,NULL,45,430,6,-1),(12795,NULL,46,430,4,-1),(12796,NULL,47,430,4,-1),(12797,NULL,48,430,6,-1),(12798,NULL,49,430,6,-1),(12799,NULL,50,430,4,-1),(12800,NULL,51,430,2,-1),(12801,NULL,52,430,2,-1),(12802,NULL,53,430,5,-1),(12803,NULL,54,430,6,-1),(12804,NULL,55,430,6,-1),(12805,NULL,56,430,6,-1),(12806,NULL,57,430,4,-1),(12807,'18 - 24',59,430,0,-1),(12808,'Male',60,430,0,-1),(12809,'Portugal',61,430,0,-1),(12810,'Master\'s Degree',62,430,0,-1),(12811,'Employed',63,430,0,-1),(12812,'Leisure',33,431,0,-1),(12813,NULL,35,431,6,-1),(12814,NULL,36,431,6,-1),(12815,NULL,37,431,4,-1),(12816,NULL,38,431,4,-1),(12817,NULL,39,431,5,-1),(12818,NULL,34,431,5.8,-1),(12819,NULL,40,431,6,-1),(12820,NULL,41,431,6,-1),(12821,NULL,42,431,6,-1),(12822,NULL,43,431,6,-1),(12823,NULL,44,431,6,-1),(12824,NULL,45,431,6,-1),(12825,NULL,46,431,6,-1),(12826,NULL,47,431,6,-1),(12827,NULL,48,431,6,-1),(12828,NULL,49,431,6,-1),(12829,NULL,50,431,6,-1),(12830,NULL,51,431,1,-1),(12831,NULL,52,431,4,-1),(12832,NULL,53,431,4,-1),(12833,NULL,54,431,6,-1),(12834,NULL,55,431,6,-1),(12835,NULL,56,431,6,-1),(12836,NULL,57,431,6,-1),(12837,'18 - 24',59,431,0,-1),(12838,'Female',60,431,0,-1),(12839,'Portugal',61,431,0,-1),(12840,'Bachelor\'s Degree',62,431,0,-1),(12841,'Employed',63,431,0,-1),(12842,'Leisure',33,432,0,-1),(12843,NULL,35,432,7,-1),(12844,NULL,36,432,7,-1),(12845,NULL,37,432,4,-1),(12846,NULL,38,432,4,-1),(12847,NULL,39,432,4,-1),(12848,NULL,34,432,5.6,-1),(12849,NULL,40,432,7,-1),(12850,NULL,41,432,5,-1),(12851,NULL,42,432,7,-1),(12852,NULL,43,432,6,-1),(12853,NULL,44,432,7,-1),(12854,NULL,45,432,5,-1),(12855,NULL,46,432,4,-1),(12856,NULL,47,432,6,-1),(12857,NULL,48,432,4,-1),(12858,NULL,49,432,6,-1),(12859,NULL,50,432,7,-1),(12860,NULL,51,432,6,-1),(12861,NULL,52,432,7,-1),(12862,NULL,53,432,1,-1),(12863,NULL,54,432,2,-1),(12864,NULL,55,432,2,-1),(12865,NULL,56,432,4,-1),(12866,NULL,57,432,6,-1),(12867,'25 - 34',59,432,0,-1),(12868,'Female',60,432,0,-1),(12869,'Portugal',61,432,0,-1),(12870,'Master\'s Degree',62,432,0,-1),(12871,'Employed',63,432,0,-1),(12872,'Leisure',33,433,0,-1),(12873,NULL,35,433,6,-1),(12874,NULL,36,433,6,-1),(12875,NULL,37,433,5,-1),(12876,NULL,38,433,4,-1),(12877,NULL,39,433,4,-1),(12878,NULL,34,433,6.4,-1),(12879,NULL,40,433,6,-1),(12880,NULL,41,433,6,-1),(12881,NULL,42,433,6,-1),(12882,NULL,43,433,6,-1),(12883,NULL,44,433,6,-1),(12884,NULL,45,433,6,-1),(12885,NULL,46,433,6,-1),(12886,NULL,47,433,7,-1),(12887,NULL,48,433,7,-1),(12888,NULL,49,433,7,-1),(12889,NULL,50,433,6,-1),(12890,NULL,51,433,2,-1),(12891,NULL,52,433,6,-1),(12892,NULL,53,433,6,-1),(12893,NULL,54,433,5,-1),(12894,NULL,55,433,6,-1),(12895,NULL,56,433,4,-1),(12896,NULL,57,433,7,-1),(12897,'25 - 34',59,433,0,-1),(12898,'Female',60,433,0,-1),(12899,'Portugal',61,433,0,-1),(12900,'Bachelor\'s Degree',62,433,0,-1),(12901,'Employed',63,433,0,-1),(12902,'Leisure',33,434,0,-1),(12903,NULL,35,434,6,-1),(12904,NULL,36,434,6,-1),(12905,NULL,37,434,4,-1),(12906,NULL,38,434,4,-1),(12907,NULL,39,434,4,-1),(12908,NULL,34,434,5.6,-1),(12909,NULL,40,434,5,-1),(12910,NULL,41,434,5,-1),(12911,NULL,42,434,5,-1),(12912,NULL,43,434,2,-1),(12913,NULL,44,434,4,-1),(12914,NULL,45,434,5,-1),(12915,NULL,46,434,5,-1),(12916,NULL,47,434,6,-1),(12917,NULL,48,434,6,-1),(12918,NULL,49,434,5,-1),(12919,NULL,50,434,7,-1),(12920,NULL,51,434,7,-1),(12921,NULL,52,434,4,-1),(12922,NULL,53,434,2,-1),(12923,NULL,54,434,1,-1),(12924,NULL,55,434,5,-1),(12925,NULL,56,434,6,-1),(12926,NULL,57,434,6,-1),(12927,'18 - 24',59,434,0,-1),(12928,'Female',60,434,0,-1),(12929,'Portugal',61,434,0,-1),(12930,'High School Degree',62,434,0,-1),(12931,'University Student',63,434,0,-1),(12932,'Leisure',33,435,0,-1),(12933,NULL,35,435,7,-1),(12934,NULL,36,435,7,-1),(12935,NULL,37,435,4,-1),(12936,NULL,38,435,4,-1),(12937,NULL,39,435,4,-1),(12938,NULL,34,435,5.8,-1),(12939,NULL,40,435,6,-1),(12940,NULL,41,435,5,-1),(12941,NULL,42,435,5,-1),(12942,NULL,43,435,7,-1),(12943,NULL,44,435,6,-1),(12944,NULL,45,435,7,-1),(12945,NULL,46,435,4,-1),(12946,NULL,47,435,6,-1),(12947,NULL,48,435,4,-1),(12948,NULL,49,435,7,-1),(12949,NULL,50,435,4,-1),(12950,NULL,51,435,4,-1),(12951,NULL,52,435,7,-1),(12952,NULL,53,435,4,-1),(12953,NULL,54,435,3,-1),(12954,NULL,55,435,7,-1),(12955,NULL,56,435,5,-1),(12956,NULL,57,435,7,-1),(12957,'25 - 34',59,435,0,-1),(12958,'Male',60,435,0,-1),(12959,'Portugal',61,435,0,-1),(12960,'High School Degree',62,435,0,-1),(12961,'Working Student',63,435,0,-1),(12962,'Leisure',33,436,0,-1),(12963,NULL,35,436,6,-1),(12964,NULL,36,436,6,-1),(12965,NULL,37,436,4,-1),(12966,NULL,38,436,5,-1),(12967,NULL,39,436,6,-1),(12968,NULL,34,436,5.6,-1),(12969,NULL,40,436,5,-1),(12970,NULL,41,436,6,-1),(12971,NULL,42,436,6,-1),(12972,NULL,43,436,5,-1),(12973,NULL,44,436,7,-1),(12974,NULL,45,436,6,-1),(12975,NULL,46,436,4,-1),(12976,NULL,47,436,6,-1),(12977,NULL,48,436,4,-1),(12978,NULL,49,436,6,-1),(12979,NULL,50,436,6,-1),(12980,NULL,51,436,1,-1),(12981,NULL,52,436,7,-1),(12982,NULL,53,436,4,-1),(12983,NULL,54,436,5,-1),(12984,NULL,55,436,5,-1),(12985,NULL,56,436,6,-1),(12986,NULL,57,436,6,-1),(12987,'18 - 24',59,436,0,-1),(12988,'Male',60,436,0,-1),(12989,'Portugal',61,436,0,-1),(12990,'Bachelor\'s Degree',62,436,0,-1),(12991,'Employed',63,436,0,-1),(12992,'Leisure',33,437,0,-1),(12993,NULL,35,437,4,-1),(12994,NULL,36,437,6,-1),(12995,NULL,37,437,4,-1),(12996,NULL,38,437,4,-1),(12997,NULL,39,437,4,-1),(12998,NULL,34,437,6,-1),(12999,NULL,40,437,6,-1),(13000,NULL,41,437,6,-1),(13001,NULL,42,437,6,-1),(13002,NULL,43,437,6,-1),(13003,NULL,44,437,6,-1),(13004,NULL,45,437,6,-1),(13005,NULL,46,437,6,-1),(13006,NULL,47,437,6,-1),(13007,NULL,48,437,6,-1),(13008,NULL,49,437,6,-1),(13009,NULL,50,437,6,-1),(13010,NULL,51,437,6,-1),(13011,NULL,52,437,6,-1),(13012,NULL,53,437,4,-1),(13013,NULL,54,437,4,-1),(13014,NULL,55,437,4,-1),(13015,NULL,56,437,4,-1),(13016,NULL,57,437,4,-1),(13017,'18 - 24',59,437,0,-1),(13018,'Female',60,437,0,-1),(13019,'Portugal',61,437,0,-1),(13020,'Bachelor\'s Degree',62,437,0,-1),(13021,'University Student',63,437,0,-1),(13022,'Leisure',33,438,0,-1),(13023,NULL,35,438,6,-1),(13024,NULL,36,438,6,-1),(13025,NULL,37,438,4,-1),(13026,NULL,38,438,4,-1),(13027,NULL,39,438,5,-1),(13028,NULL,34,438,6,-1),(13029,NULL,40,438,6,-1),(13030,NULL,41,438,6,-1),(13031,NULL,42,438,6,-1),(13032,NULL,43,438,6,-1),(13033,NULL,44,438,6,-1),(13034,NULL,45,438,7,-1),(13035,NULL,46,438,5,-1),(13036,NULL,47,438,6,-1),(13037,NULL,48,438,6,-1),(13038,NULL,49,438,7,-1),(13039,NULL,50,438,6,-1),(13040,NULL,51,438,2,-1),(13041,NULL,52,438,6,-1),(13042,NULL,53,438,6,-1),(13043,NULL,54,438,6,-1),(13044,NULL,55,438,6,-1),(13045,NULL,56,438,6,-1),(13046,NULL,57,438,6,-1),(13047,'25 - 34',59,438,0,-1),(13048,'Male',60,438,0,-1),(13049,'Portugal',61,438,0,-1),(13050,'Bachelor\'s Degree',62,438,0,-1),(13051,'Employed',63,438,0,-1),(13052,'Leisure',33,439,0,-1),(13053,NULL,35,439,7,-1),(13054,NULL,36,439,7,-1),(13055,NULL,37,439,4,-1),(13056,NULL,38,439,4,-1),(13057,NULL,39,439,4,-1),(13058,NULL,34,439,5,-1),(13059,NULL,40,439,6,-1),(13060,NULL,41,439,5,-1),(13061,NULL,42,439,6,-1),(13062,NULL,43,439,6,-1),(13063,NULL,44,439,6,-1),(13064,NULL,45,439,6,-1),(13065,NULL,46,439,6,-1),(13066,NULL,47,439,6,-1),(13067,NULL,48,439,5,-1),(13068,NULL,49,439,6,-1),(13069,NULL,50,439,6,-1),(13070,NULL,51,439,6,-1),(13071,NULL,52,439,6,-1),(13072,NULL,53,439,6,-1),(13073,NULL,54,439,6,-1),(13074,NULL,55,439,6,-1),(13075,NULL,56,439,7,-1),(13076,NULL,57,439,6,-1),(13077,'18 - 24',59,439,0,-1),(13078,'Male',60,439,0,-1),(13079,'Portugal',61,439,0,-1),(13080,'Bachelor\'s Degree',62,439,0,-1),(13081,'University Student',63,439,0,-1),(13082,'Leisure',33,440,0,-1),(13083,NULL,35,440,5,-1),(13084,NULL,36,440,5,-1),(13085,NULL,37,440,4,-1),(13086,NULL,38,440,4,-1),(13087,NULL,39,440,5,-1),(13088,NULL,34,440,5.8,-1),(13089,NULL,40,440,6,-1),(13090,NULL,41,440,6,-1),(13091,NULL,42,440,6,-1),(13092,NULL,43,440,6,-1),(13093,NULL,44,440,6,-1),(13094,NULL,45,440,6,-1),(13095,NULL,46,440,6,-1),(13096,NULL,47,440,6,-1),(13097,NULL,48,440,6,-1),(13098,NULL,49,440,7,-1),(13099,NULL,50,440,6,-1),(13100,NULL,51,440,1,-1),(13101,NULL,52,440,7,-1),(13102,NULL,53,440,4,-1),(13103,NULL,54,440,4,-1),(13104,NULL,55,440,4,-1),(13105,NULL,56,440,4,-1),(13106,NULL,57,440,6,-1),(13107,'18 - 24',59,440,0,-1),(13108,'Female',60,440,0,-1),(13109,'Portugal',61,440,0,-1),(13110,'Bachelor\'s Degree',62,440,0,-1),(13111,'University Student',63,440,0,-1),(13112,'Leisure',33,441,0,-1),(13113,NULL,35,441,7,-1),(13114,NULL,36,441,7,-1),(13115,NULL,37,441,4,-1),(13116,NULL,38,441,5,-1),(13117,NULL,39,441,6,-1),(13118,NULL,34,441,6,-1),(13119,NULL,40,441,6,-1),(13120,NULL,41,441,6,-1),(13121,NULL,42,441,7,-1),(13122,NULL,43,441,5,-1),(13123,NULL,44,441,7,-1),(13124,NULL,45,441,6,-1),(13125,NULL,46,441,4,-1),(13126,NULL,47,441,6,-1),(13127,NULL,48,441,3,-1),(13128,NULL,49,441,6,-1),(13129,NULL,50,441,6,-1),(13130,NULL,51,441,1,-1),(13131,NULL,52,441,6,-1),(13132,NULL,53,441,4,-1),(13133,NULL,54,441,6,-1),(13134,NULL,55,441,6,-1),(13135,NULL,56,441,6,-1),(13136,NULL,57,441,7,-1),(13137,'18 - 24',59,441,0,-1),(13138,'Male',60,441,0,-1),(13139,'Portugal',61,441,0,-1),(13140,'Bachelor\'s Degree',62,441,0,-1),(13141,'Working Student',63,441,0,-1),(13142,'Leisure',33,442,0,-1),(13143,NULL,35,442,6,-1),(13144,NULL,36,442,6,-1),(13145,NULL,37,442,4,-1),(13146,NULL,38,442,4,-1),(13147,NULL,39,442,4,-1),(13148,NULL,34,442,7,-1),(13149,NULL,40,442,6,-1),(13150,NULL,41,442,6,-1),(13151,NULL,42,442,7,-1),(13152,NULL,43,442,6,-1),(13153,NULL,44,442,6,-1),(13154,NULL,45,442,6,-1),(13155,NULL,46,442,6,-1),(13156,NULL,47,442,6,-1),(13157,NULL,48,442,6,-1),(13158,NULL,49,442,6,-1),(13159,NULL,50,442,7,-1),(13160,NULL,51,442,7,-1),(13161,NULL,52,442,7,-1),(13162,NULL,53,442,7,-1),(13163,NULL,54,442,4,-1),(13164,NULL,55,442,6,-1),(13165,NULL,56,442,7,-1),(13166,NULL,57,442,7,-1),(13167,'18 - 24',59,442,0,-1),(13168,'Male',60,442,0,-1),(13169,'Portugal',61,442,0,-1),(13170,'Bachelor\'s Degree',62,442,0,-1),(13171,'University Student',63,442,0,-1),(13172,'Work',33,443,0,-1),(13173,NULL,35,443,4,-1),(13174,NULL,36,443,7,-1),(13175,NULL,37,443,4,-1),(13176,NULL,38,443,4,-1),(13177,NULL,39,443,4,-1),(13178,NULL,34,443,6.4,-1),(13179,NULL,40,443,6,-1),(13180,NULL,41,443,6,-1),(13181,NULL,42,443,7,-1),(13182,NULL,43,443,6,-1),(13183,NULL,44,443,7,-1),(13184,NULL,45,443,6,-1),(13185,NULL,46,443,4,-1),(13186,NULL,47,443,6,-1),(13187,NULL,48,443,4,-1),(13188,NULL,49,443,6,-1),(13189,NULL,50,443,4,-1),(13190,NULL,51,443,4,-1),(13191,NULL,52,443,4,-1),(13192,NULL,53,443,4,-1),(13193,NULL,54,443,4,-1),(13194,NULL,55,443,4,-1),(13195,NULL,56,443,4,-1),(13196,NULL,57,443,4,-1),(13197,'18 - 24',59,443,0,-1),(13198,'Male',60,443,0,-1),(13199,'Portugal',61,443,0,-1),(13200,'Lesser than High School',62,443,0,-1),(13201,'Employed',63,443,0,-1),(13202,'Leisure',33,444,0,-1),(13203,NULL,35,444,7,-1),(13204,NULL,36,444,5,-1),(13205,NULL,37,444,3,-1),(13206,NULL,38,444,2,-1),(13207,NULL,39,444,5,-1),(13208,NULL,34,444,5,-1),(13209,NULL,40,444,6,-1),(13210,NULL,41,444,5,-1),(13211,NULL,42,444,2,-1),(13212,NULL,43,444,5,-1),(13213,NULL,44,444,5,-1),(13214,NULL,45,444,5,-1),(13215,NULL,46,444,3,-1),(13216,NULL,47,444,4,-1),(13217,NULL,48,444,5,-1),(13218,NULL,49,444,5,-1),(13219,NULL,50,444,7,-1),(13220,NULL,51,444,1,-1),(13221,NULL,52,444,4,-1),(13222,NULL,53,444,6,-1),(13223,NULL,54,444,7,-1),(13224,NULL,55,444,6,-1),(13225,NULL,56,444,3,-1),(13226,NULL,57,444,6,-1),(13227,'25 - 34',59,444,0,-1),(13228,'Male',60,444,0,-1),(13229,'Portugal',61,444,0,-1),(13230,'Master\'s Degree',62,444,0,-1),(13231,'University Student',63,444,0,-1),(13232,'Leisure',33,445,0,-1),(13233,NULL,35,445,4,-1),(13234,NULL,36,445,3,-1),(13235,NULL,37,445,4,-1),(13236,NULL,38,445,4,-1),(13237,NULL,39,445,4,-1),(13238,NULL,34,445,2.6,-1),(13239,NULL,40,445,6,-1),(13240,NULL,41,445,1,-1),(13241,NULL,42,445,1,-1),(13242,NULL,43,445,1,-1),(13243,NULL,44,445,2,-1),(13244,NULL,45,445,2,-1),(13245,NULL,46,445,4,-1),(13246,NULL,47,445,3,-1),(13247,NULL,48,445,3,-1),(13248,NULL,49,445,6,-1),(13249,NULL,50,445,5,-1),(13250,NULL,51,445,6,-1),(13251,NULL,52,445,4,-1),(13252,NULL,53,445,4,-1),(13253,NULL,54,445,4,-1),(13254,NULL,55,445,5,-1),(13255,NULL,56,445,4,-1),(13256,NULL,57,445,5,-1),(13257,'18 - 24',59,445,0,-1),(13258,'Female',60,445,0,-1),(13259,'Portugal',61,445,0,-1),(13260,'Master\'s Degree',62,445,0,-1),(13261,'Working Student',63,445,0,-1),(13262,'Leisure',33,446,0,-1),(13263,NULL,35,446,7,-1),(13264,NULL,36,446,7,-1),(13265,NULL,37,446,7,-1),(13266,NULL,38,446,6,-1),(13267,NULL,39,446,7,-1),(13268,NULL,34,446,7,-1),(13269,NULL,40,446,7,-1),(13270,NULL,41,446,7,-1),(13271,NULL,42,446,7,-1),(13272,NULL,43,446,7,-1),(13273,NULL,44,446,7,-1),(13274,NULL,45,446,7,-1),(13275,NULL,46,446,7,-1),(13276,NULL,47,446,7,-1),(13277,NULL,48,446,7,-1),(13278,NULL,49,446,7,-1),(13279,NULL,50,446,7,-1),(13280,NULL,51,446,7,-1),(13281,NULL,52,446,7,-1),(13282,NULL,53,446,7,-1),(13283,NULL,54,446,7,-1),(13284,NULL,55,446,7,-1),(13285,NULL,56,446,7,-1),(13286,NULL,57,446,7,-1),(13287,'55 - 64',59,446,0,-1),(13288,'Male',60,446,0,-1),(13289,'Portugal',61,446,0,-1),(13290,'I prefer not to say.',62,446,0,-1),(13291,'I prefer not to say.',63,446,0,-1),(13292,'Leisure',33,447,0,-1),(13293,NULL,35,447,7,-1),(13294,NULL,36,447,7,-1),(13295,NULL,37,447,7,-1),(13296,NULL,38,447,6,-1),(13297,NULL,39,447,7,-1),(13298,NULL,34,447,7,-1),(13299,NULL,40,447,7,-1),(13300,NULL,41,447,7,-1),(13301,NULL,42,447,7,-1),(13302,NULL,43,447,7,-1),(13303,NULL,44,447,7,-1),(13304,NULL,45,447,6,-1),(13305,NULL,46,447,7,-1),(13306,NULL,47,447,7,-1),(13307,NULL,48,447,7,-1),(13308,NULL,49,447,7,-1),(13309,NULL,50,447,7,-1),(13310,NULL,51,447,4,-1),(13311,NULL,52,447,7,-1),(13312,NULL,53,447,7,-1),(13313,NULL,54,447,6,-1),(13314,NULL,55,447,6,-1),(13315,NULL,56,447,7,-1),(13316,NULL,57,447,7,-1),(13317,'45 - 54',59,447,0,-1),(13318,'Male',60,447,0,-1),(13319,'Portugal',61,447,0,-1),(13320,'I prefer not to say.',62,447,0,-1),(13321,'I prefer not to say.',63,447,0,-1),(13322,'Education',33,448,0,-1),(13323,NULL,35,448,6,-1),(13324,NULL,36,448,6,-1),(13325,NULL,37,448,6,-1),(13326,NULL,38,448,4,-1),(13327,NULL,39,448,7,-1),(13328,NULL,34,448,5.2,-1),(13329,NULL,40,448,6,-1),(13330,NULL,41,448,5,-1),(13331,NULL,42,448,5,-1),(13332,NULL,43,448,4,-1),(13333,NULL,44,448,6,-1),(13334,NULL,45,448,6,-1),(13335,NULL,46,448,6,-1),(13336,NULL,47,448,6,-1),(13337,NULL,48,448,6,-1),(13338,NULL,49,448,5,-1),(13339,NULL,50,448,6,-1),(13340,NULL,51,448,5,-1),(13341,NULL,52,448,6,-1),(13342,NULL,53,448,5,-1),(13343,NULL,54,448,4,-1),(13344,NULL,55,448,5,-1),(13345,NULL,56,448,7,-1),(13346,NULL,57,448,4,-1),(13347,'25 - 34',59,448,0,-1),(13348,'Male',60,448,0,-1),(13349,'Portugal',61,448,0,-1),(13350,'Master\'s Degree',62,448,0,-1),(13351,'Employed',63,448,0,-1),(13352,'Leisure',33,449,0,-1),(13353,NULL,35,449,6,-1),(13354,NULL,36,449,5,-1),(13355,NULL,37,449,5,-1),(13356,NULL,38,449,5,-1),(13357,NULL,39,449,5,-1),(13358,NULL,34,449,5.8,-1),(13359,NULL,40,449,6,-1),(13360,NULL,41,449,6,-1),(13361,NULL,42,449,6,-1),(13362,NULL,43,449,6,-1),(13363,NULL,44,449,6,-1),(13364,NULL,45,449,6,-1),(13365,NULL,46,449,6,-1),(13366,NULL,47,449,6,-1),(13367,NULL,48,449,4,-1),(13368,NULL,49,449,6,-1),(13369,NULL,50,449,6,-1),(13370,NULL,51,449,6,-1),(13371,NULL,52,449,6,-1),(13372,NULL,53,449,5,-1),(13373,NULL,54,449,6,-1),(13374,NULL,55,449,6,-1),(13375,NULL,56,449,6,-1),(13376,NULL,57,449,6,-1),(13377,'25 - 34',59,449,0,-1),(13378,'Female',60,449,0,-1),(13379,'Portugal',61,449,0,-1),(13380,'Bachelor\'s Degree',62,449,0,-1),(13381,'I prefer not to say.',63,449,0,-1),(13382,'Leisure',33,450,0,-1),(13383,NULL,35,450,5,-1),(13384,NULL,36,450,5,-1),(13385,NULL,37,450,2,-1),(13386,NULL,38,450,2,-1),(13387,NULL,39,450,6,-1),(13388,NULL,34,450,5,-1),(13389,NULL,40,450,5,-1),(13390,NULL,41,450,5,-1),(13391,NULL,42,450,5,-1),(13392,NULL,43,450,5,-1),(13393,NULL,44,450,6,-1),(13394,NULL,45,450,6,-1),(13395,NULL,46,450,7,-1),(13396,NULL,47,450,6,-1),(13397,NULL,48,450,5,-1),(13398,NULL,49,450,7,-1),(13399,NULL,50,450,6,-1),(13400,NULL,51,450,2,-1),(13401,NULL,52,450,6,-1),(13402,NULL,53,450,4,-1),(13403,NULL,54,450,6,-1),(13404,NULL,55,450,6,-1),(13405,NULL,56,450,6,-1),(13406,NULL,57,450,5,-1),(13407,'35 - 44',59,450,0,-1),(13408,'Female',60,450,0,-1),(13409,'Portugal',61,450,0,-1),(13410,'Trade - Technical - Vocational training',62,450,0,-1),(13411,'Employed',63,450,0,-1),(13412,'Leisure',33,451,0,-1),(13413,NULL,35,451,6,-1),(13414,NULL,36,451,5,-1),(13415,NULL,37,451,4,-1),(13416,NULL,38,451,4,-1),(13417,NULL,39,451,4,-1),(13418,NULL,34,451,6,-1),(13419,NULL,40,451,6,-1),(13420,NULL,41,451,5,-1),(13421,NULL,42,451,6,-1),(13422,NULL,43,451,6,-1),(13423,NULL,44,451,6,-1),(13424,NULL,45,451,6,-1),(13425,NULL,46,451,4,-1),(13426,NULL,47,451,5,-1),(13427,NULL,48,451,4,-1),(13428,NULL,49,451,6,-1),(13429,NULL,50,451,7,-1),(13430,NULL,51,451,2,-1),(13431,NULL,52,451,2,-1),(13432,NULL,53,451,4,-1),(13433,NULL,54,451,4,-1),(13434,NULL,55,451,4,-1),(13435,NULL,56,451,4,-1),(13436,NULL,57,451,4,-1),(13437,'45 - 54',59,451,0,-1),(13438,'Male',60,451,0,-1),(13439,'Portugal',61,451,0,-1),(13440,'Bachelor\'s Degree',62,451,0,-1),(13441,'Employed',63,451,0,-1),(13442,'Leisure',33,452,0,-1),(13443,NULL,35,452,7,-1),(13444,NULL,36,452,6,-1),(13445,NULL,37,452,3,-1),(13446,NULL,38,452,4,-1),(13447,NULL,39,452,4,-1),(13448,NULL,34,452,4.8,-1),(13449,NULL,40,452,6,-1),(13450,NULL,41,452,5,-1),(13451,NULL,42,452,5,-1),(13452,NULL,43,452,5,-1),(13453,NULL,44,452,6,-1),(13454,NULL,45,452,6,-1),(13455,NULL,46,452,5,-1),(13456,NULL,47,452,6,-1),(13457,NULL,48,452,6,-1),(13458,NULL,49,452,6,-1),(13459,NULL,50,452,6,-1),(13460,NULL,51,452,2,-1),(13461,NULL,52,452,6,-1),(13462,NULL,53,452,4,-1),(13463,NULL,54,452,5,-1),(13464,NULL,55,452,5,-1),(13465,NULL,56,452,5,-1),(13466,NULL,57,452,4,-1),(13467,'45 - 54',59,452,0,-1),(13468,'Female',60,452,0,-1),(13469,'Portugal',61,452,0,-1),(13470,'I prefer not to say.',62,452,0,-1),(13471,'Employed',63,452,0,-1),(13472,'Leisure',33,453,0,-1),(13473,NULL,35,453,5,-1),(13474,NULL,36,453,5,-1),(13475,NULL,37,453,4,-1),(13476,NULL,38,453,4,-1),(13477,NULL,39,453,4,-1),(13478,NULL,34,453,4.4,-1),(13479,NULL,40,453,6,-1),(13480,NULL,41,453,6,-1),(13481,NULL,42,453,7,-1),(13482,NULL,43,453,3,-1),(13483,NULL,44,453,7,-1),(13484,NULL,45,453,5,-1),(13485,NULL,46,453,5,-1),(13486,NULL,47,453,4,-1),(13487,NULL,48,453,5,-1),(13488,NULL,49,453,5,-1),(13489,NULL,50,453,5,-1),(13490,NULL,51,453,5,-1),(13491,NULL,52,453,6,-1),(13492,NULL,53,453,5,-1),(13493,NULL,54,453,5,-1),(13494,NULL,55,453,4,-1),(13495,NULL,56,453,5,-1),(13496,NULL,57,453,5,-1),(13497,'25 - 34',59,453,0,-1),(13498,'Female',60,453,0,-1),(13499,'Portugal',61,453,0,-1),(13500,'Bachelor\'s Degree',62,453,0,-1),(13501,'University Student',63,453,0,-1),(13502,'Work',33,454,0,-1),(13503,NULL,35,454,6,-1),(13504,NULL,36,454,6,-1),(13505,NULL,37,454,5,-1),(13506,NULL,38,454,4,-1),(13507,NULL,39,454,6,-1),(13508,NULL,34,454,5.8,-1),(13509,NULL,40,454,6,-1),(13510,NULL,41,454,6,-1),(13511,NULL,42,454,6,-1),(13512,NULL,43,454,6,-1),(13513,NULL,44,454,7,-1),(13514,NULL,45,454,6,-1),(13515,NULL,46,454,4,-1),(13516,NULL,47,454,6,-1),(13517,NULL,48,454,5,-1),(13518,NULL,49,454,6,-1),(13519,NULL,50,454,7,-1),(13520,NULL,51,454,2,-1),(13521,NULL,52,454,6,-1),(13522,NULL,53,454,2,-1),(13523,NULL,54,454,2,-1),(13524,NULL,55,454,6,-1),(13525,NULL,56,454,2,-1),(13526,NULL,57,454,7,-1),(13527,'18 - 24',59,454,0,-1),(13528,'Male',60,454,0,-1),(13529,'Belgium',61,454,0,-1),(13530,'Master\'s Degree',62,454,0,-1),(13531,'Employed',63,454,0,-1),(13532,'Leisure',33,455,0,-1),(13533,NULL,35,455,3,-1),(13534,NULL,36,455,6,-1),(13535,NULL,37,455,2,-1),(13536,NULL,38,455,2,-1),(13537,NULL,39,455,2,-1),(13538,NULL,34,455,2.8,-1),(13539,NULL,40,455,6,-1),(13540,NULL,41,455,2,-1),(13541,NULL,42,455,4,-1),(13542,NULL,43,455,2,-1),(13543,NULL,44,455,2,-1),(13544,NULL,45,455,2,-1),(13545,NULL,46,455,3,-1),(13546,NULL,47,455,2,-1),(13547,NULL,48,455,2,-1),(13548,NULL,49,455,3,-1),(13549,NULL,50,455,6,-1),(13550,NULL,51,455,6,-1),(13551,NULL,52,455,6,-1),(13552,NULL,53,455,6,-1),(13553,NULL,54,455,2,-1),(13554,NULL,55,455,3,-1),(13555,NULL,56,455,3,-1),(13556,NULL,57,455,4,-1),(13557,'25 - 34',59,455,0,-1),(13558,'Male',60,455,0,-1),(13559,'Belgium ',61,455,0,-1),(13560,'High School Degree',62,455,0,-1),(13561,'Employed',63,455,0,-1),(13562,'Leisure',33,456,0,-1),(13563,NULL,35,456,6,-1),(13564,NULL,36,456,4,-1),(13565,NULL,37,456,3,-1),(13566,NULL,38,456,6,-1),(13567,NULL,39,456,3,-1),(13568,NULL,34,456,3.6,-1),(13569,NULL,40,456,3,-1),(13570,NULL,41,456,3,-1),(13571,NULL,42,456,6,-1),(13572,NULL,43,456,4,-1),(13573,NULL,44,456,6,-1),(13574,NULL,45,456,5,-1),(13575,NULL,46,456,4,-1),(13576,NULL,47,456,6,-1),(13577,NULL,48,456,6,-1),(13578,NULL,49,456,6,-1),(13579,NULL,50,456,5,-1),(13580,NULL,51,456,2,-1),(13581,NULL,52,456,4,-1),(13582,NULL,53,456,5,-1),(13583,NULL,54,456,4,-1),(13584,NULL,55,456,5,-1),(13585,NULL,56,456,6,-1),(13586,NULL,57,456,4,-1),(13587,'55 - 64',59,456,0,-1),(13588,'Male',60,456,0,-1),(13589,'Brazil',61,456,0,-1),(13590,'Bachelor\'s Degree',62,456,0,-1),(13591,'Retired',63,456,0,-1),(13592,'Work',33,457,0,-1),(13593,NULL,35,457,6,-1),(13594,NULL,36,457,7,-1),(13595,NULL,37,457,4,-1),(13596,NULL,38,457,4,-1),(13597,NULL,39,457,4,-1),(13598,NULL,34,457,5.2,-1),(13599,NULL,40,457,5,-1),(13600,NULL,41,457,6,-1),(13601,NULL,42,457,5,-1),(13602,NULL,43,457,7,-1),(13603,NULL,44,457,7,-1),(13604,NULL,45,457,5,-1),(13605,NULL,46,457,7,-1),(13606,NULL,47,457,6,-1),(13607,NULL,48,457,6,-1),(13608,NULL,49,457,6,-1),(13609,NULL,50,457,4,-1),(13610,NULL,51,457,1,-1),(13611,NULL,52,457,6,-1),(13612,NULL,53,457,7,-1),(13613,NULL,54,457,3,-1),(13614,NULL,55,457,5,-1),(13615,NULL,56,457,6,-1),(13616,NULL,57,457,2,-1),(13617,'18 - 24',59,457,0,-1),(13618,'Male',60,457,0,-1),(13619,'Bulgaria ',61,457,0,-1),(13620,'Bachelor\'s Degree',62,457,0,-1),(13621,'Working Student',63,457,0,-1),(13622,'Leisure',33,458,0,-1),(13623,NULL,35,458,6,-1),(13624,NULL,36,458,6,-1),(13625,NULL,37,458,5,-1),(13626,NULL,38,458,3,-1),(13627,NULL,39,458,4,-1),(13628,NULL,34,458,4.4,-1),(13629,NULL,40,458,2,-1),(13630,NULL,41,458,5,-1),(13631,NULL,42,458,6,-1),(13632,NULL,43,458,3,-1),(13633,NULL,44,458,5,-1),(13634,NULL,45,458,5,-1),(13635,NULL,46,458,4,-1),(13636,NULL,47,458,6,-1),(13637,NULL,48,458,4,-1),(13638,NULL,49,458,4,-1),(13639,NULL,50,458,6,-1),(13640,NULL,51,458,7,-1),(13641,NULL,52,458,7,-1),(13642,NULL,53,458,1,-1),(13643,NULL,54,458,1,-1),(13644,NULL,55,458,1,-1),(13645,NULL,56,458,4,-1),(13646,NULL,57,458,4,-1),(13647,'18 - 24',59,458,0,-1),(13648,'Male',60,458,0,-1),(13649,'England ',61,458,0,-1),(13650,'Bachelor\'s Degree',62,458,0,-1),(13651,'University Student',63,458,0,-1),(13652,'Leisure',33,459,0,-1),(13653,NULL,35,459,6,-1),(13654,NULL,36,459,4,-1),(13655,NULL,37,459,5,-1),(13656,NULL,38,459,5,-1),(13657,NULL,39,459,5,-1),(13658,NULL,34,459,4.2,-1),(13659,NULL,40,459,5,-1),(13660,NULL,41,459,5,-1),(13661,NULL,42,459,7,-1),(13662,NULL,43,459,5,-1),(13663,NULL,44,459,6,-1),(13664,NULL,45,459,6,-1),(13665,NULL,46,459,4,-1),(13666,NULL,47,459,6,-1),(13667,NULL,48,459,4,-1),(13668,NULL,49,459,5,-1),(13669,NULL,50,459,7,-1),(13670,NULL,51,459,6,-1),(13671,NULL,52,459,7,-1),(13672,NULL,53,459,4,-1),(13673,NULL,54,459,1,-1),(13674,NULL,55,459,5,-1),(13675,NULL,56,459,7,-1),(13676,NULL,57,459,4,-1),(13677,'25 - 34',59,459,0,-1),(13678,'Female',60,459,0,-1),(13679,'Finland',61,459,0,-1),(13680,'Master\'s Degree',62,459,0,-1),(13681,'University Student',63,459,0,-1),(13682,'Leisure',33,460,0,-1),(13683,NULL,35,460,6,-1),(13684,NULL,36,460,5,-1),(13685,NULL,37,460,6,-1),(13686,NULL,38,460,4,-1),(13687,NULL,39,460,5,-1),(13688,NULL,34,460,5,-1),(13689,NULL,40,460,5,-1),(13690,NULL,41,460,6,-1),(13691,NULL,42,460,6,-1),(13692,NULL,43,460,5,-1),(13693,NULL,44,460,7,-1),(13694,NULL,45,460,4,-1),(13695,NULL,46,460,4,-1),(13696,NULL,47,460,4,-1),(13697,NULL,48,460,5,-1),(13698,NULL,49,460,4,-1),(13699,NULL,50,460,5,-1),(13700,NULL,51,460,6,-1),(13701,NULL,52,460,3,-1),(13702,NULL,53,460,5,-1),(13703,NULL,54,460,5,-1),(13704,NULL,55,460,5,-1),(13705,NULL,56,460,6,-1),(13706,NULL,57,460,5,-1),(13707,'18 - 24',59,460,0,-1),(13708,'Female',60,460,0,-1),(13709,'France',61,460,0,-1),(13710,'Master\'s Degree',62,460,0,-1),(13711,'Unemployed',63,460,0,-1),(13712,'Leisure',33,461,0,-1),(13713,NULL,35,461,7,-1),(13714,NULL,36,461,7,-1),(13715,NULL,37,461,4,-1),(13716,NULL,38,461,4,-1),(13717,NULL,39,461,4,-1),(13718,NULL,34,461,5,-1),(13719,NULL,40,461,5,-1),(13720,NULL,41,461,6,-1),(13721,NULL,42,461,6,-1),(13722,NULL,43,461,3,-1),(13723,NULL,44,461,6,-1),(13724,NULL,45,461,6,-1),(13725,NULL,46,461,6,-1),(13726,NULL,47,461,6,-1),(13727,NULL,48,461,5,-1),(13728,NULL,49,461,6,-1),(13729,NULL,50,461,7,-1),(13730,NULL,51,461,1,-1),(13731,NULL,52,461,5,-1),(13732,NULL,53,461,6,-1),(13733,NULL,54,461,6,-1),(13734,NULL,55,461,7,-1),(13735,NULL,56,461,7,-1),(13736,NULL,57,461,7,-1),(13737,'45 - 54',59,461,0,-1),(13738,'Male',60,461,0,-1),(13739,'France',61,461,0,-1),(13740,'Master\'s Degree',62,461,0,-1),(13741,'Employed',63,461,0,-1),(13742,'Leisure',33,462,0,-1),(13743,NULL,35,462,5,-1),(13744,NULL,36,462,4,-1),(13745,NULL,37,462,4,-1),(13746,NULL,38,462,2,-1),(13747,NULL,39,462,4,-1),(13748,NULL,34,462,5.4,-1),(13749,NULL,40,462,6,-1),(13750,NULL,41,462,4,-1),(13751,NULL,42,462,5,-1),(13752,NULL,43,462,2,-1),(13753,NULL,44,462,5,-1),(13754,NULL,45,462,4,-1),(13755,NULL,46,462,5,-1),(13756,NULL,47,462,5,-1),(13757,NULL,48,462,4,-1),(13758,NULL,49,462,6,-1),(13759,NULL,50,462,6,-1),(13760,NULL,51,462,5,-1),(13761,NULL,52,462,6,-1),(13762,NULL,53,462,5,-1),(13763,NULL,54,462,7,-1),(13764,NULL,55,462,7,-1),(13765,NULL,56,462,4,-1),(13766,NULL,57,462,3,-1),(13767,'25 - 34',59,462,0,-1),(13768,'Female',60,462,0,-1),(13769,'Germany',61,462,0,-1),(13770,'Bachelor\'s Degree',62,462,0,-1),(13771,'Working Student',63,462,0,-1),(13772,'Leisure',33,463,0,-1),(13773,NULL,35,463,6,-1),(13774,NULL,36,463,6,-1),(13775,NULL,37,463,6,-1),(13776,NULL,38,463,5,-1),(13777,NULL,39,463,5,-1),(13778,NULL,34,463,6,-1),(13779,NULL,40,463,6,-1),(13780,NULL,41,463,5,-1),(13781,NULL,42,463,7,-1),(13782,NULL,43,463,6,-1),(13783,NULL,44,463,7,-1),(13784,NULL,45,463,7,-1),(13785,NULL,46,463,6,-1),(13786,NULL,47,463,5,-1),(13787,NULL,48,463,6,-1),(13788,NULL,49,463,7,-1),(13789,NULL,50,463,5,-1),(13790,NULL,51,463,6,-1),(13791,NULL,52,463,7,-1),(13792,NULL,53,463,7,-1),(13793,NULL,54,463,5,-1),(13794,NULL,55,463,6,-1),(13795,NULL,56,463,7,-1),(13796,NULL,57,463,5,-1),(13797,'18 - 24',59,463,0,-1),(13798,'Female',60,463,0,-1),(13799,'Greece',61,463,0,-1),(13800,'High School Degree',62,463,0,-1),(13801,'University Student',63,463,0,-1),(13802,'Leisure',33,464,0,-1),(13803,NULL,35,464,7,-1),(13804,NULL,36,464,6,-1),(13805,NULL,37,464,4,-1),(13806,NULL,38,464,4,-1),(13807,NULL,39,464,5,-1),(13808,NULL,34,464,4.6,-1),(13809,NULL,40,464,3,-1),(13810,NULL,41,464,3,-1),(13811,NULL,42,464,4,-1),(13812,NULL,43,464,4,-1),(13813,NULL,44,464,5,-1),(13814,NULL,45,464,3,-1),(13815,NULL,46,464,3,-1),(13816,NULL,47,464,3,-1),(13817,NULL,48,464,4,-1),(13818,NULL,49,464,5,-1),(13819,NULL,50,464,6,-1),(13820,NULL,51,464,6,-1),(13821,NULL,52,464,6,-1),(13822,NULL,53,464,6,-1),(13823,NULL,54,464,4,-1),(13824,NULL,55,464,6,-1),(13825,NULL,56,464,6,-1),(13826,NULL,57,464,6,-1),(13827,'55 - 64',59,464,0,-1),(13828,'Female',60,464,0,-1),(13829,'Greece ',61,464,0,-1),(13830,'Master\'s Degree',62,464,0,-1),(13831,'Retired',63,464,0,-1),(13832,'Leisure',33,465,0,-1),(13833,NULL,35,465,5,-1),(13834,NULL,36,465,6,-1),(13835,NULL,37,465,4,-1),(13836,NULL,38,465,4,-1),(13837,NULL,39,465,4,-1),(13838,NULL,34,465,4.6,-1),(13839,NULL,40,465,2,-1),(13840,NULL,41,465,5,-1),(13841,NULL,42,465,4,-1),(13842,NULL,43,465,4,-1),(13843,NULL,44,465,4,-1),(13844,NULL,45,465,3,-1),(13845,NULL,46,465,2,-1),(13846,NULL,47,465,3,-1),(13847,NULL,48,465,3,-1),(13848,NULL,49,465,4,-1),(13849,NULL,50,465,5,-1),(13850,NULL,51,465,4,-1),(13851,NULL,52,465,5,-1),(13852,NULL,53,465,5,-1),(13853,NULL,54,465,4,-1),(13854,NULL,55,465,3,-1),(13855,NULL,56,465,3,-1),(13856,NULL,57,465,4,-1),(13857,'25 - 34',59,465,0,-1),(13858,'Female',60,465,0,-1),(13859,'Hungary',61,465,0,-1),(13860,'I prefer not to say.',62,465,0,-1),(13861,'I prefer not to say.',63,465,0,-1),(13862,'Leisure',33,466,0,-1),(13863,NULL,35,466,6,-1),(13864,NULL,36,466,6,-1),(13865,NULL,37,466,2,-1),(13866,NULL,38,466,4,-1),(13867,NULL,39,466,6,-1),(13868,NULL,34,466,4.6,-1),(13869,NULL,40,466,6,-1),(13870,NULL,41,466,6,-1),(13871,NULL,42,466,5,-1),(13872,NULL,43,466,6,-1),(13873,NULL,44,466,6,-1),(13874,NULL,45,466,6,-1),(13875,NULL,46,466,6,-1),(13876,NULL,47,466,7,-1),(13877,NULL,48,466,5,-1),(13878,NULL,49,466,6,-1),(13879,NULL,50,466,5,-1),(13880,NULL,51,466,5,-1),(13881,NULL,52,466,6,-1),(13882,NULL,53,466,5,-1),(13883,NULL,54,466,5,-1),(13884,NULL,55,466,5,-1),(13885,NULL,56,466,6,-1),(13886,NULL,57,466,6,-1),(13887,'25 - 34',59,466,0,-1),(13888,'Male',60,466,0,-1),(13889,'Ireland',61,466,0,-1),(13890,'Master\'s Degree',62,466,0,-1),(13891,'Employed',63,466,0,-1),(13892,'Leisure',33,467,0,-1),(13893,NULL,35,467,4,-1),(13894,NULL,36,467,5,-1),(13895,NULL,37,467,4,-1),(13896,NULL,38,467,4,-1),(13897,NULL,39,467,5,-1),(13898,NULL,34,467,4.4,-1),(13899,NULL,40,467,4,-1),(13900,NULL,41,467,4,-1),(13901,NULL,42,467,5,-1),(13902,NULL,43,467,5,-1),(13903,NULL,44,467,5,-1),(13904,NULL,45,467,4,-1),(13905,NULL,46,467,4,-1),(13906,NULL,47,467,4,-1),(13907,NULL,48,467,4,-1),(13908,NULL,49,467,4,-1),(13909,NULL,50,467,4,-1),(13910,NULL,51,467,4,-1),(13911,NULL,52,467,4,-1),(13912,NULL,53,467,4,-1),(13913,NULL,54,467,4,-1),(13914,NULL,55,467,4,-1),(13915,NULL,56,467,4,-1),(13916,NULL,57,467,4,-1),(13917,'25 - 34',59,467,0,-1),(13918,'Female',60,467,0,-1),(13919,'Italy',61,467,0,-1),(13920,'High School Degree',62,467,0,-1),(13921,'Unemployed',63,467,0,-1),(13922,'Leisure',33,468,0,-1),(13923,NULL,35,468,7,-1),(13924,NULL,36,468,5,-1),(13925,NULL,37,468,6,-1),(13926,NULL,38,468,5,-1),(13927,NULL,39,468,6,-1),(13928,NULL,34,468,6.2,-1),(13929,NULL,40,468,6,-1),(13930,NULL,41,468,5,-1),(13931,NULL,42,468,6,-1),(13932,NULL,43,468,6,-1),(13933,NULL,44,468,6,-1),(13934,NULL,45,468,6,-1),(13935,NULL,46,468,5,-1),(13936,NULL,47,468,6,-1),(13937,NULL,48,468,6,-1),(13938,NULL,49,468,6,-1),(13939,NULL,50,468,6,-1),(13940,NULL,51,468,6,-1),(13941,NULL,52,468,6,-1),(13942,NULL,53,468,7,-1),(13943,NULL,54,468,6,-1),(13944,NULL,55,468,6,-1),(13945,NULL,56,468,7,-1),(13946,NULL,57,468,7,-1),(13947,'18 - 24',59,468,0,-1),(13948,'Female',60,468,0,-1),(13949,'Netherlands',61,468,0,-1),(13950,'Master\'s Degree',62,468,0,-1),(13951,'University Student',63,468,0,-1),(13952,'Leisure',33,469,0,-1),(13953,NULL,35,469,5,-1),(13954,NULL,36,469,6,-1),(13955,NULL,37,469,4,-1),(13956,NULL,38,469,5,-1),(13957,NULL,39,469,5,-1),(13958,NULL,34,469,4,-1),(13959,NULL,40,469,4,-1),(13960,NULL,41,469,4,-1),(13961,NULL,42,469,4,-1),(13962,NULL,43,469,5,-1),(13963,NULL,44,469,6,-1),(13964,NULL,45,469,6,-1),(13965,NULL,46,469,7,-1),(13966,NULL,47,469,5,-1),(13967,NULL,48,469,6,-1),(13968,NULL,49,469,6,-1),(13969,NULL,50,469,5,-1),(13970,NULL,51,469,6,-1),(13971,NULL,52,469,5,-1),(13972,NULL,53,469,6,-1),(13973,NULL,54,469,6,-1),(13974,NULL,55,469,6,-1),(13975,NULL,56,469,6,-1),(13976,NULL,57,469,3,-1),(13977,'18 - 24',59,469,0,-1),(13978,'Male',60,469,0,-1),(13979,'Netherlands ',61,469,0,-1),(13980,'Bachelor\'s Degree',62,469,0,-1),(13981,'University Student',63,469,0,-1),(13982,'Leisure',33,470,0,-1),(13983,NULL,35,470,6,-1),(13984,NULL,36,470,6,-1),(13985,NULL,37,470,4,-1),(13986,NULL,38,470,4,-1),(13987,NULL,39,470,4,-1),(13988,NULL,34,470,5.2,-1),(13989,NULL,40,470,6,-1),(13990,NULL,41,470,5,-1),(13991,NULL,42,470,6,-1),(13992,NULL,43,470,6,-1),(13993,NULL,44,470,6,-1),(13994,NULL,45,470,5,-1),(13995,NULL,46,470,4,-1),(13996,NULL,47,470,6,-1),(13997,NULL,48,470,4,-1),(13998,NULL,49,470,6,-1),(13999,NULL,50,470,7,-1),(14000,NULL,51,470,7,-1),(14001,NULL,52,470,7,-1),(14002,NULL,53,470,5,-1),(14003,NULL,54,470,4,-1),(14004,NULL,55,470,4,-1),(14005,NULL,56,470,5,-1),(14006,NULL,57,470,5,-1),(14007,'25 - 34',59,470,0,-1),(14008,'Male',60,470,0,-1),(14009,'Spain',61,470,0,-1),(14010,'Bachelor\'s Degree',62,470,0,-1),(14011,'Employed',63,470,0,-1),(14012,'Leisure',33,471,0,-1),(14013,NULL,35,471,6,-1),(14014,NULL,36,471,6,-1),(14015,NULL,37,471,4,-1),(14016,NULL,38,471,4,-1),(14017,NULL,39,471,4,-1),(14018,NULL,34,471,4.6,-1),(14019,NULL,40,471,5,-1),(14020,NULL,41,471,5,-1),(14021,NULL,42,471,4,-1),(14022,NULL,43,471,4,-1),(14023,NULL,44,471,6,-1),(14024,NULL,45,471,5,-1),(14025,NULL,46,471,5,-1),(14026,NULL,47,471,6,-1),(14027,NULL,48,471,5,-1),(14028,NULL,49,471,6,-1),(14029,NULL,50,471,6,-1),(14030,NULL,51,471,2,-1),(14031,NULL,52,471,6,-1),(14032,NULL,53,471,4,-1),(14033,NULL,54,471,5,-1),(14034,NULL,55,471,5,-1),(14035,NULL,56,471,4,-1),(14036,NULL,57,471,6,-1),(14037,'25 - 34',59,471,0,-1),(14038,'Male',60,471,0,-1),(14039,'Spain',61,471,0,-1),(14040,'Master\'s Degree',62,471,0,-1),(14041,'Employed',63,471,0,-1),(14042,'Leisure',33,472,0,-1),(14043,NULL,35,472,6,-1),(14044,NULL,36,472,6,-1),(14045,NULL,37,472,2,-1),(14046,NULL,38,472,5,-1),(14047,NULL,39,472,4,-1),(14048,NULL,34,472,5.2,-1),(14049,NULL,40,472,3,-1),(14050,NULL,41,472,6,-1),(14051,NULL,42,472,6,-1),(14052,NULL,43,472,6,-1),(14053,NULL,44,472,7,-1),(14054,NULL,45,472,3,-1),(14055,NULL,46,472,3,-1),(14056,NULL,47,472,4,-1),(14057,NULL,48,472,3,-1),(14058,NULL,49,472,3,-1),(14059,NULL,50,472,7,-1),(14060,NULL,51,472,7,-1),(14061,NULL,52,472,4,-1),(14062,NULL,53,472,4,-1),(14063,NULL,54,472,4,-1),(14064,NULL,55,472,4,-1),(14065,NULL,56,472,4,-1),(14066,NULL,57,472,3,-1),(14067,'18 - 24',59,472,0,-1),(14068,'Female',60,472,0,-1),(14069,'Spain',61,472,0,-1),(14070,'High School Degree',62,472,0,-1),(14071,'Employed',63,472,0,-1),(14072,'Leisure',33,473,0,-1),(14073,NULL,35,473,6,-1),(14074,NULL,36,473,6,-1),(14075,NULL,37,473,4,-1),(14076,NULL,38,473,4,-1),(14077,NULL,39,473,3,-1),(14078,NULL,34,473,5.8,-1),(14079,NULL,40,473,6,-1),(14080,NULL,41,473,5,-1),(14081,NULL,42,473,6,-1),(14082,NULL,43,473,3,-1),(14083,NULL,44,473,6,-1),(14084,NULL,45,473,6,-1),(14085,NULL,46,473,5,-1),(14086,NULL,47,473,7,-1),(14087,NULL,48,473,7,-1),(14088,NULL,49,473,6,-1),(14089,NULL,50,473,6,-1),(14090,NULL,51,473,2,-1),(14091,NULL,52,473,7,-1),(14092,NULL,53,473,2,-1),(14093,NULL,54,473,6,-1),(14094,NULL,55,473,6,-1),(14095,NULL,56,473,4,-1),(14096,NULL,57,473,6,-1),(14097,'18 - 24',59,473,0,-1),(14098,'Male',60,473,0,-1),(14099,'Spain ',61,473,0,-1),(14100,'Master\'s Degree',62,473,0,-1),(14101,'Employed',63,473,0,-1),(14102,'Work',33,474,0,-1),(14103,NULL,35,474,6,-1),(14104,NULL,36,474,6,-1),(14105,NULL,37,474,6,-1),(14106,NULL,38,474,6,-1),(14107,NULL,39,474,6,-1),(14108,NULL,34,474,4.2,-1),(14109,NULL,40,474,5,-1),(14110,NULL,41,474,5,-1),(14111,NULL,42,474,5,-1),(14112,NULL,43,474,5,-1),(14113,NULL,44,474,5,-1),(14114,NULL,45,474,5,-1),(14115,NULL,46,474,5,-1),(14116,NULL,47,474,6,-1),(14117,NULL,48,474,5,-1),(14118,NULL,49,474,5,-1),(14119,NULL,50,474,5,-1),(14120,NULL,51,474,3,-1),(14121,NULL,52,474,5,-1),(14122,NULL,53,474,5,-1),(14123,NULL,54,474,2,-1),(14124,NULL,55,474,2,-1),(14125,NULL,56,474,5,-1),(14126,NULL,57,474,3,-1),(14127,'35 - 44',59,474,0,-1),(14128,'Female',60,474,0,-1),(14129,'Spain ',61,474,0,-1),(14130,'Master\'s Degree',62,474,0,-1),(14131,'Employed',63,474,0,-1),(14132,'Leisure',33,475,0,-1),(14133,NULL,35,475,6,-1),(14134,NULL,36,475,5,-1),(14135,NULL,37,475,2,-1),(14136,NULL,38,475,3,-1),(14137,NULL,39,475,3,-1),(14138,NULL,34,475,3.2,-1),(14139,NULL,40,475,4,-1),(14140,NULL,41,475,4,-1),(14141,NULL,42,475,6,-1),(14142,NULL,43,475,4,-1),(14143,NULL,44,475,6,-1),(14144,NULL,45,475,6,-1),(14145,NULL,46,475,5,-1),(14146,NULL,47,475,5,-1),(14147,NULL,48,475,4,-1),(14148,NULL,49,475,2,-1),(14149,NULL,50,475,6,-1),(14150,NULL,51,475,6,-1),(14151,NULL,52,475,6,-1),(14152,NULL,53,475,6,-1),(14153,NULL,54,475,2,-1),(14154,NULL,55,475,6,-1),(14155,NULL,56,475,5,-1),(14156,NULL,57,475,6,-1),(14157,'25 - 34',59,475,0,-1),(14158,'Female',60,475,0,-1),(14159,'United Kingdom ',61,475,0,-1),(14160,'Doctorate\'s Degree',62,475,0,-1),(14161,'Working Student',63,475,0,-1),(14162,'Leisure',33,476,0,-1),(14163,NULL,35,476,7,-1),(14164,NULL,36,476,6,-1),(14165,NULL,37,476,6,-1),(14166,NULL,38,476,6,-1),(14167,NULL,39,476,6,-1),(14168,NULL,34,476,6,-1),(14169,NULL,40,476,6,-1),(14170,NULL,41,476,6,-1),(14171,NULL,42,476,6,-1),(14172,NULL,43,476,6,-1),(14173,NULL,44,476,6,-1),(14174,NULL,45,476,6,-1),(14175,NULL,46,476,6,-1),(14176,NULL,47,476,6,-1),(14177,NULL,48,476,6,-1),(14178,NULL,49,476,6,-1),(14179,NULL,50,476,6,-1),(14180,NULL,51,476,6,-1),(14181,NULL,52,476,6,-1),(14182,NULL,53,476,6,-1),(14183,NULL,54,476,6,-1),(14184,NULL,55,476,6,-1),(14185,NULL,56,476,6,-1),(14186,NULL,57,476,6,-1),(14187,'25 - 34',59,476,0,-1),(14188,'Female',60,476,0,-1),(14189,'United Kingdom ',61,476,0,-1),(14190,'Bachelor\'s Degree',62,476,0,-1),(14191,'University Student',63,476,0,-1),(14192,'Leisure',33,477,0,-1),(14193,NULL,35,477,7,-1),(14194,NULL,36,477,6,-1),(14195,NULL,37,477,1,-1),(14196,NULL,38,477,4,-1),(14197,NULL,39,477,4,-1),(14198,NULL,34,477,4.4,-1),(14199,NULL,40,477,4,-1),(14200,NULL,41,477,5,-1),(14201,NULL,42,477,6,-1),(14202,NULL,43,477,6,-1),(14203,NULL,44,477,6,-1),(14204,NULL,45,477,4,-1),(14205,NULL,46,477,4,-1),(14206,NULL,47,477,5,-1),(14207,NULL,48,477,4,-1),(14208,NULL,49,477,5,-1),(14209,NULL,50,477,7,-1),(14210,NULL,51,477,4,-1),(14211,NULL,52,477,7,-1),(14212,NULL,53,477,4,-1),(14213,NULL,54,477,4,-1),(14214,NULL,55,477,5,-1),(14215,NULL,56,477,4,-1),(14216,NULL,57,477,4,-1),(14217,'18 - 24',59,477,0,-1),(14218,'Female',60,477,0,-1),(14219,'Portugal',61,477,0,-1),(14220,'Bachelor\'s Degree',62,477,0,-1),(14221,'Working Student',63,477,0,-1);
/*!40000 ALTER TABLE `answer` ENABLE KEYS */;
UNLOCK TABLES;

--
-- Table structure for table `auth_group`
--

DROP TABLE IF EXISTS `auth_group`;
/*!40101 SET @saved_cs_client     = @@character_set_client */;
/*!50503 SET character_set_client = utf8mb4 */;
CREATE TABLE `auth_group` (
  `id` int NOT NULL AUTO_INCREMENT,
  `name` varchar(150) NOT NULL,
  PRIMARY KEY (`id`),
  UNIQUE KEY `name` (`name`)
) ENGINE=InnoDB DEFAULT CHARSET=utf8mb4 COLLATE=utf8mb4_0900_ai_ci;
/*!40101 SET character_set_client = @saved_cs_client */;

--
-- Dumping data for table `auth_group`
--

LOCK TABLES `auth_group` WRITE;
/*!40000 ALTER TABLE `auth_group` DISABLE KEYS */;
/*!40000 ALTER TABLE `auth_group` ENABLE KEYS */;
UNLOCK TABLES;

--
-- Table structure for table `auth_group_permissions`
--

DROP TABLE IF EXISTS `auth_group_permissions`;
/*!40101 SET @saved_cs_client     = @@character_set_client */;
/*!50503 SET character_set_client = utf8mb4 */;
CREATE TABLE `auth_group_permissions` (
  `id` bigint NOT NULL AUTO_INCREMENT,
  `group_id` int NOT NULL,
  `permission_id` int NOT NULL,
  PRIMARY KEY (`id`),
  UNIQUE KEY `auth_group_permissions_group_id_permission_id_0cd325b0_uniq` (`group_id`,`permission_id`),
  KEY `auth_group_permissio_permission_id_84c5c92e_fk_auth_perm` (`permission_id`),
  CONSTRAINT `auth_group_permissio_permission_id_84c5c92e_fk_auth_perm` FOREIGN KEY (`permission_id`) REFERENCES `auth_permission` (`id`),
  CONSTRAINT `auth_group_permissions_group_id_b120cbf9_fk_auth_group_id` FOREIGN KEY (`group_id`) REFERENCES `auth_group` (`id`)
) ENGINE=InnoDB DEFAULT CHARSET=utf8mb4 COLLATE=utf8mb4_0900_ai_ci;
/*!40101 SET character_set_client = @saved_cs_client */;

--
-- Dumping data for table `auth_group_permissions`
--

LOCK TABLES `auth_group_permissions` WRITE;
/*!40000 ALTER TABLE `auth_group_permissions` DISABLE KEYS */;
/*!40000 ALTER TABLE `auth_group_permissions` ENABLE KEYS */;
UNLOCK TABLES;

--
-- Table structure for table `auth_permission`
--

DROP TABLE IF EXISTS `auth_permission`;
/*!40101 SET @saved_cs_client     = @@character_set_client */;
/*!50503 SET character_set_client = utf8mb4 */;
CREATE TABLE `auth_permission` (
  `id` int NOT NULL AUTO_INCREMENT,
  `name` varchar(255) NOT NULL,
  `content_type_id` int NOT NULL,
  `codename` varchar(100) NOT NULL,
  PRIMARY KEY (`id`),
  UNIQUE KEY `auth_permission_content_type_id_codename_01ab375a_uniq` (`content_type_id`,`codename`),
  CONSTRAINT `auth_permission_content_type_id_2f476e4b_fk_django_co` FOREIGN KEY (`content_type_id`) REFERENCES `django_content_type` (`id`)
) ENGINE=InnoDB AUTO_INCREMENT=89 DEFAULT CHARSET=utf8mb4 COLLATE=utf8mb4_0900_ai_ci;
/*!40101 SET character_set_client = @saved_cs_client */;

--
-- Dumping data for table `auth_permission`
--

LOCK TABLES `auth_permission` WRITE;
/*!40000 ALTER TABLE `auth_permission` DISABLE KEYS */;
INSERT INTO `auth_permission` VALUES (1,'Can add log entry',1,'add_logentry'),(2,'Can change log entry',1,'change_logentry'),(3,'Can delete log entry',1,'delete_logentry'),(4,'Can view log entry',1,'view_logentry'),(5,'Can add permission',2,'add_permission'),(6,'Can change permission',2,'change_permission'),(7,'Can delete permission',2,'delete_permission'),(8,'Can view permission',2,'view_permission'),(9,'Can add group',3,'add_group'),(10,'Can change group',3,'change_group'),(11,'Can delete group',3,'delete_group'),(12,'Can view group',3,'view_group'),(13,'Can add content type',4,'add_contenttype'),(14,'Can change content type',4,'change_contenttype'),(15,'Can delete content type',4,'delete_contenttype'),(16,'Can view content type',4,'view_contenttype'),(17,'Can add session',5,'add_session'),(18,'Can change session',5,'change_session'),(19,'Can delete session',5,'delete_session'),(20,'Can view session',5,'view_session'),(21,'Can add sentiment',6,'add_sentiment'),(22,'Can change sentiment',6,'change_sentiment'),(23,'Can delete sentiment',6,'delete_sentiment'),(24,'Can view sentiment',6,'view_sentiment'),(25,'Can add wordcloud',7,'add_wordcloud'),(26,'Can change wordcloud',7,'change_wordcloud'),(27,'Can delete wordcloud',7,'delete_wordcloud'),(28,'Can view wordcloud',7,'view_wordcloud'),(29,'Can add user',8,'add_resettinguser'),(30,'Can change user',8,'change_resettinguser'),(31,'Can delete user',8,'delete_resettinguser'),(32,'Can view user',8,'view_resettinguser'),(33,'Can add indicator',9,'add_indicator'),(34,'Can change indicator',9,'change_indicator'),(35,'Can delete indicator',9,'delete_indicator'),(36,'Can view indicator',9,'view_indicator'),(37,'Can add question',10,'add_question'),(38,'Can change question',10,'change_question'),(39,'Can delete question',10,'delete_question'),(40,'Can view question',10,'view_question'),(41,'Can add question block',11,'add_questionblock'),(42,'Can change question block',11,'change_questionblock'),(43,'Can delete question block',11,'delete_questionblock'),(44,'Can view question block',11,'view_questionblock'),(45,'Can add sentiment analysis',12,'add_sentimentanalysis'),(46,'Can change sentiment analysis',12,'change_sentimentanalysis'),(47,'Can delete sentiment analysis',12,'delete_sentimentanalysis'),(48,'Can view sentiment analysis',12,'view_sentimentanalysis'),(49,'Can add organization',13,'add_organization'),(50,'Can change organization',13,'change_organization'),(51,'Can delete organization',13,'delete_organization'),(52,'Can view organization',13,'view_organization'),(53,'Can add answer',14,'add_answer'),(54,'Can change answer',14,'change_answer'),(55,'Can delete answer',14,'delete_answer'),(56,'Can view answer',14,'view_answer'),(57,'Can add questionnaire',15,'add_questionnaire'),(58,'Can change questionnaire',15,'change_questionnaire'),(59,'Can delete questionnaire',15,'delete_questionnaire'),(60,'Can view questionnaire',15,'view_questionnaire'),(61,'Can add respondent',16,'add_respondent'),(62,'Can change respondent',16,'change_respondent'),(63,'Can delete respondent',16,'delete_respondent'),(64,'Can view respondent',16,'view_respondent'),(65,'Can add sentiment marks',17,'add_sentimentmarks'),(66,'Can change sentiment marks',17,'change_sentimentmarks'),(67,'Can delete sentiment marks',17,'delete_sentimentmarks'),(68,'Can view sentiment marks',17,'view_sentimentmarks'),(69,'Can add survey',18,'add_survey'),(70,'Can change survey',18,'change_survey'),(71,'Can delete survey',18,'delete_survey'),(72,'Can view survey',18,'view_survey'),(73,'Can add service quality',19,'add_servicequality'),(74,'Can change service quality',19,'change_servicequality'),(75,'Can delete service quality',19,'delete_servicequality'),(76,'Can view service quality',19,'view_servicequality'),(77,'Can add all sustainability',20,'add_allsustainability'),(78,'Can change all sustainability',20,'change_allsustainability'),(79,'Can delete all sustainability',20,'delete_allsustainability'),(80,'Can view all sustainability',20,'view_allsustainability'),(81,'Can add all service quality',21,'add_allservicequality'),(82,'Can change all service quality',21,'change_allservicequality'),(83,'Can delete all service quality',21,'delete_allservicequality'),(84,'Can view all service quality',21,'view_allservicequality'),(85,'Can add sustainability',22,'add_sustainability'),(86,'Can change sustainability',22,'change_sustainability'),(87,'Can delete sustainability',22,'delete_sustainability'),(88,'Can view sustainability',22,'view_sustainability');
/*!40000 ALTER TABLE `auth_permission` ENABLE KEYS */;
UNLOCK TABLES;

--
-- Table structure for table `django_admin_log`
--

DROP TABLE IF EXISTS `django_admin_log`;
/*!40101 SET @saved_cs_client     = @@character_set_client */;
/*!50503 SET character_set_client = utf8mb4 */;
CREATE TABLE `django_admin_log` (
  `id` int NOT NULL AUTO_INCREMENT,
  `action_time` datetime(6) NOT NULL,
  `object_id` longtext,
  `object_repr` varchar(200) NOT NULL,
  `action_flag` smallint unsigned NOT NULL,
  `change_message` longtext NOT NULL,
  `content_type_id` int DEFAULT NULL,
  `user_id` bigint NOT NULL,
  PRIMARY KEY (`id`),
  KEY `django_admin_log_content_type_id_c4bce8eb_fk_django_co` (`content_type_id`),
  KEY `django_admin_log_user_id_c564eba6_fk_user_resettinguser_id` (`user_id`),
  CONSTRAINT `django_admin_log_content_type_id_c4bce8eb_fk_django_co` FOREIGN KEY (`content_type_id`) REFERENCES `django_content_type` (`id`),
  CONSTRAINT `django_admin_log_user_id_c564eba6_fk_user_resettinguser_id` FOREIGN KEY (`user_id`) REFERENCES `user_resettinguser` (`id`),
  CONSTRAINT `django_admin_log_chk_1` CHECK ((`action_flag` >= 0))
) ENGINE=InnoDB AUTO_INCREMENT=3 DEFAULT CHARSET=utf8mb4 COLLATE=utf8mb4_0900_ai_ci;
/*!40101 SET character_set_client = @saved_cs_client */;

--
-- Dumping data for table `django_admin_log`
--

LOCK TABLES `django_admin_log` WRITE;
/*!40000 ALTER TABLE `django_admin_log` DISABLE KEYS */;
INSERT INTO `django_admin_log` VALUES (1,'2024-04-19 13:15:41.010957','9','resetlytics@gmail.com',1,'[{\"added\": {}}]',8,1),(2,'2024-04-19 13:16:50.099400','9','resetlytics@gmail.com',2,'[]',8,1);
/*!40000 ALTER TABLE `django_admin_log` ENABLE KEYS */;
UNLOCK TABLES;

--
-- Table structure for table `django_content_type`
--

DROP TABLE IF EXISTS `django_content_type`;
/*!40101 SET @saved_cs_client     = @@character_set_client */;
/*!50503 SET character_set_client = utf8mb4 */;
CREATE TABLE `django_content_type` (
  `id` int NOT NULL AUTO_INCREMENT,
  `app_label` varchar(100) NOT NULL,
  `model` varchar(100) NOT NULL,
  PRIMARY KEY (`id`),
  UNIQUE KEY `django_content_type_app_label_model_76bd3d3b_uniq` (`app_label`,`model`)
) ENGINE=InnoDB AUTO_INCREMENT=23 DEFAULT CHARSET=utf8mb4 COLLATE=utf8mb4_0900_ai_ci;
/*!40101 SET character_set_client = @saved_cs_client */;

--
-- Dumping data for table `django_content_type`
--

LOCK TABLES `django_content_type` WRITE;
/*!40000 ALTER TABLE `django_content_type` DISABLE KEYS */;
INSERT INTO `django_content_type` VALUES (1,'admin','logentry'),(21,'app','allservicequality'),(20,'app','allsustainability'),(14,'app','answer'),(9,'app','indicator'),(13,'app','organization'),(10,'app','question'),(11,'app','questionblock'),(15,'app','questionnaire'),(16,'app','respondent'),(6,'app','sentiment'),(12,'app','sentimentanalysis'),(17,'app','sentimentmarks'),(19,'app','servicequality'),(18,'app','survey'),(22,'app','sustainability'),(7,'app','wordcloud'),(3,'auth','group'),(2,'auth','permission'),(4,'contenttypes','contenttype'),(5,'sessions','session'),(8,'user','resettinguser');
/*!40000 ALTER TABLE `django_content_type` ENABLE KEYS */;
UNLOCK TABLES;

--
-- Table structure for table `django_migrations`
--

DROP TABLE IF EXISTS `django_migrations`;
/*!40101 SET @saved_cs_client     = @@character_set_client */;
/*!50503 SET character_set_client = utf8mb4 */;
CREATE TABLE `django_migrations` (
  `id` bigint NOT NULL AUTO_INCREMENT,
  `app` varchar(255) NOT NULL,
  `name` varchar(255) NOT NULL,
  `applied` datetime(6) NOT NULL,
  PRIMARY KEY (`id`)
) ENGINE=InnoDB AUTO_INCREMENT=51 DEFAULT CHARSET=utf8mb4 COLLATE=utf8mb4_0900_ai_ci;
/*!40101 SET character_set_client = @saved_cs_client */;

--
-- Dumping data for table `django_migrations`
--

LOCK TABLES `django_migrations` WRITE;
/*!40000 ALTER TABLE `django_migrations` DISABLE KEYS */;
INSERT INTO `django_migrations` VALUES (1,'contenttypes','0001_initial','2024-01-14 23:17:17.666713'),(2,'contenttypes','0002_remove_content_type_name','2024-01-14 23:17:17.689287'),(3,'auth','0001_initial','2024-01-14 23:17:17.735161'),(4,'auth','0002_alter_permission_name_max_length','2024-01-14 23:17:17.748887'),(5,'auth','0003_alter_user_email_max_length','2024-01-14 23:17:17.751855'),(6,'auth','0004_alter_user_username_opts','2024-01-14 23:17:17.755536'),(7,'auth','0005_alter_user_last_login_null','2024-01-14 23:17:17.758315'),(8,'auth','0006_require_contenttypes_0002','2024-01-14 23:17:17.759051'),(9,'auth','0007_alter_validators_add_error_messages','2024-01-14 23:17:17.761638'),(10,'auth','0008_alter_user_username_max_length','2024-01-14 23:17:17.764659'),(11,'auth','0009_alter_user_last_name_max_length','2024-01-14 23:17:17.767075'),(12,'auth','0010_alter_group_name_max_length','2024-01-14 23:17:17.772660'),(13,'auth','0011_update_proxy_permissions','2024-01-14 23:17:17.776186'),(14,'auth','0012_alter_user_first_name_max_length','2024-01-14 23:17:17.778583'),(15,'user','0001_initial','2024-01-14 23:17:17.830131'),(16,'admin','0001_initial','2024-01-14 23:17:17.855711'),(17,'admin','0002_logentry_remove_auto_add','2024-01-14 23:17:17.859753'),(18,'admin','0003_logentry_add_action_flag_choices','2024-01-14 23:17:17.862575'),(19,'sessions','0001_initial','2024-01-14 23:17:17.871447'),(20,'user','0002_alter_resettinguser_date_joined_and_more','2024-01-14 23:43:08.431080'),(24,'user','0002_remove_resettinguser_last_login_at','2024-01-30 19:26:31.372186'),(25,'app','0001_initial','2024-01-30 19:40:37.782073'),(26,'app','0002_alter_organization_options_and_more','2024-01-31 08:59:25.756048'),(27,'app','0003_alter_allservicequality_count_surveys_and_more','2024-01-31 09:01:05.695822'),(28,'app','0004_questionblock_number','2024-01-31 14:42:57.547963'),(29,'app','0005_rename_question_number_question_number_and_more','2024-01-31 15:42:02.946783'),(30,'app','0006_alter_question_text_translations_and_more','2024-01-31 15:52:26.852565'),(31,'app','0007_alter_question_text_translations_and_more','2024-01-31 15:55:11.890445'),(32,'app','0008_alter_questionblock_options_and_more','2024-01-31 16:18:25.797807'),(33,'app','0009_alter_questionblock_options','2024-01-31 16:26:33.860934'),(34,'app','0010_answer_access_url_answer_score_respondent_access_url_and_more','2024-01-31 23:58:25.496929'),(35,'app','0011_questionnaire_purpose','2024-02-02 00:13:10.903474'),(36,'app','0012_rename_ip_address_respondent_digital_id_and_more','2024-02-06 13:03:01.866338'),(37,'app','0013_respondent_survey_survey_organizations','2024-02-06 15:14:04.344546'),(38,'app','0014_alter_survey_close_at_alter_survey_open_at','2024-02-06 16:03:04.012325'),(39,'app','0015_remove_allservicequality_count_surveys_and_more','2024-02-06 20:57:54.397722'),(40,'app','0016_allservicequality_updated_at_and_more','2024-02-06 21:14:05.545638'),(41,'app','0017_alter_allservicequality_updated_at_and_more','2024-02-06 21:19:28.717197'),(42,'app','0018_allservicequality_demographics_and_more','2024-02-07 00:10:42.074302'),(43,'app','0019_indicator_year','2024-02-09 22:23:00.590946'),(44,'app','0020_rename_updated_at_indicator_q1_updated_at_and_more','2024-02-10 16:08:12.674975'),(45,'app','0021_alter_respondent_options_indicator_count_q1_and_more','2024-02-10 21:14:43.510830'),(46,'app','0022_alter_organization_options_and_more','2024-02-12 01:51:36.397760'),(47,'app','0023_alter_organization_unique_together_and_more','2024-02-12 02:04:15.454714'),(48,'app','0024_alter_sentimentmarks_options_and_more','2024-02-13 14:44:50.590651'),(49,'app','0025_rename_from_at_wordcloud_from_date_and_more','2024-02-13 14:57:20.292707'),(50,'user','0003_rename_is_admin_resettinguser_is_manager_and_more','2024-04-07 22:41:30.067185');
/*!40000 ALTER TABLE `django_migrations` ENABLE KEYS */;
UNLOCK TABLES;

--
-- Table structure for table `django_session`
--

DROP TABLE IF EXISTS `django_session`;
/*!40101 SET @saved_cs_client     = @@character_set_client */;
/*!50503 SET character_set_client = utf8mb4 */;
CREATE TABLE `django_session` (
  `session_key` varchar(40) NOT NULL,
  `session_data` longtext NOT NULL,
  `expire_date` datetime(6) NOT NULL,
  PRIMARY KEY (`session_key`),
  KEY `django_session_expire_date_a5c62663` (`expire_date`)
) ENGINE=InnoDB DEFAULT CHARSET=utf8mb4 COLLATE=utf8mb4_0900_ai_ci;
/*!40101 SET character_set_client = @saved_cs_client */;

--
-- Dumping data for table `django_session`
--

LOCK TABLES `django_session` WRITE;
/*!40000 ALTER TABLE `django_session` DISABLE KEYS */;
INSERT INTO `django_session` VALUES ('4snrjyduwj1xklzptpaw1r5ukkzyivtn','.eJxVjDsOwjAQRO_iGlk26x-U9DmDtV6vcQA5UpxUiLuTSCmgnHlv5i0irkuNa-c5jllchRan3y4hPbntID-w3SdJU1vmMcldkQftcpgyv26H-3dQsddtrbIrAbwjMMYqxWefFRUoKWsOloy3ZovOqXIBNiEgaHRkGGyyDgOKzxfUwjem:1rVh76:Ew41J-Bwt8bDVSN7K3AXKNEysJfvYk7pCnMuJp64brw','2024-02-16 00:09:00.427556'),('cpxv4sbh04daatpj7p16eccahcepdumz','.eJxVjEEOwiAQRe_C2hAYoBSX7j0DYZipVA0kpV0Z765NutDtf-_9l4hpW0vcOi9xJnEWWpx-N0z5wXUHdE_11mRudV1mlLsiD9rltRE_L4f7d1BSL98afGZHoD0oYyhAGLWfeMjaWmJWlFA5ZTmjG1BhBo1TAKetD2DGQEa8P9ThN2U:1rtbJ8:JCsQvV9cHu6dLvG-lotbNp-7dRfD1nixyczYgZ2bOg0','2024-04-21 22:48:14.783706'),('pbf1we2ffp5gx4zymqsct1l5wspoy3ol','.eJxVjEEOgjAURO_StWmgLba4dO8Zmvn9vxY1kFBYGe8uJCx0O--9eauIdSlxrTLHgdVFter0uxHSU8Yd8APjfdJpGpd5IL0r-qBV3yaW1_Vw_w4KatlqcT7DkGnRWXCbKAdJxmX2lhvjbUdkHSgRhT5kUON6lrMRYKsArz5fFFk5jg:1rxo4l:iAILKx5u8J6jOP4WMfkonwByPs2VlgAqoUFC8VZ1lHU','2024-05-03 13:14:47.181256'),('z8628rt9jrh1oepmohyjx8q5tg5hya6z','.eJxVjEEOgjAURO_StWmgLba4dO8Zmvn9vxY1kFBYGe8uJCx0O--9eauIdSlxrTLHgdVFter0uxHSU8Yd8APjfdJpGpd5IL0r-qBV3yaW1_Vw_w4KatlqcT7DkGnRWXCbKAdJxmX2lhvjbUdkHSgRhT5kUON6lrMRYKsArz5fFFk5jg:1rxo4l:iAILKx5u8J6jOP4WMfkonwByPs2VlgAqoUFC8VZ1lHU','2024-05-03 13:14:47.197727');
/*!40000 ALTER TABLE `django_session` ENABLE KEYS */;
UNLOCK TABLES;

--
-- Table structure for table `indicator`
--

DROP TABLE IF EXISTS `indicator`;
/*!40101 SET @saved_cs_client     = @@character_set_client */;
/*!50503 SET character_set_client = utf8mb4 */;
CREATE TABLE `indicator` (
  `id` bigint NOT NULL AUTO_INCREMENT,
  `Q1` double NOT NULL,
  `Q2` double NOT NULL,
  `Q3` double NOT NULL,
  `Q4` double NOT NULL,
  `year_to_date` double NOT NULL,
  `previous_year` double NOT NULL,
  `Q1_updated_at` datetime(6) NOT NULL,
  `year` int unsigned NOT NULL,
  `Q2_updated_at` datetime(6) NOT NULL,
  `Q3_updated_at` datetime(6) NOT NULL,
  `Q4_updated_at` datetime(6) NOT NULL,
  `previous_year_updated_at` datetime(6) NOT NULL,
  `scale_max` double NOT NULL,
  `scale_min` double NOT NULL,
  `year_to_date_updated_at` datetime(6) NOT NULL,
  `count_Q1` bigint unsigned NOT NULL,
  `count_Q2` bigint unsigned NOT NULL,
  `count_Q3` bigint unsigned NOT NULL,
  `count_Q4` bigint unsigned NOT NULL,
  `count_previous_year` bigint unsigned NOT NULL,
  `count_year_to_date` bigint unsigned NOT NULL,
  PRIMARY KEY (`id`),
  CONSTRAINT `indicator_chk_1` CHECK ((`year` >= 0)),
  CONSTRAINT `indicator_chk_2` CHECK ((`count_Q1` >= 0)),
  CONSTRAINT `indicator_chk_3` CHECK ((`count_Q2` >= 0)),
  CONSTRAINT `indicator_chk_4` CHECK ((`count_Q3` >= 0)),
  CONSTRAINT `indicator_chk_5` CHECK ((`count_Q4` >= 0)),
  CONSTRAINT `indicator_chk_6` CHECK ((`count_previous_year` >= 0)),
  CONSTRAINT `indicator_chk_7` CHECK ((`count_year_to_date` >= 0))
) ENGINE=InnoDB AUTO_INCREMENT=33 DEFAULT CHARSET=utf8mb4 COLLATE=utf8mb4_0900_ai_ci;
/*!40101 SET character_set_client = @saved_cs_client */;

--
-- Dumping data for table `indicator`
--

LOCK TABLES `indicator` WRITE;
/*!40000 ALTER TABLE `indicator` DISABLE KEYS */;
INSERT INTO `indicator` VALUES (1,0,0,0,0,0,5.584810126582278,'2024-02-09 16:11:54.763805',2024,'2024-02-10 16:08:12.414529','2024-02-10 16:08:12.467476','2024-02-10 16:08:12.511367','2014-02-10 00:00:00.000000',7,1,'2024-02-10 16:08:12.642658',0,0,0,0,1185,0),(2,0,0,0,0,0,4.40787623066104,'2024-02-09 16:11:54.846099',2024,'2024-02-10 16:08:12.414529','2024-02-10 16:08:12.467476','2024-02-10 16:08:12.511367','2014-02-10 00:00:00.000000',7,1,'2024-02-10 16:08:12.642658',0,0,0,0,711,0),(3,0,0,0,0,0,5.993670886075949,'2024-02-09 16:11:54.847817',2024,'2024-02-10 16:08:12.414529','2024-02-10 16:08:12.467476','2024-02-10 16:08:12.511367','2014-02-10 00:00:00.000000',10,1,'2024-02-10 16:08:12.642658',0,0,0,0,474,0),(4,0,0,0,0,0,4.981715893108298,'2024-02-09 16:11:54.849372',2024,'2024-02-10 16:08:12.414529','2024-02-10 16:08:12.467476','2024-02-10 16:08:12.511367','2014-02-10 00:00:00.000000',7,1,'2024-02-10 16:08:12.642658',0,0,0,0,711,0),(5,0,0,0,0,0,5.506329113924051,'2024-02-09 16:11:54.850962',2024,'2024-02-10 16:08:12.414529','2024-02-10 16:08:12.467476','2024-02-10 16:08:12.511367','2014-02-10 00:00:00.000000',7,1,'2024-02-10 16:08:12.642658',0,0,0,0,1185,0),(6,0,0,0,0,0,4.979746835443038,'2024-02-09 16:11:54.851773',2024,'2024-02-10 16:08:12.414529','2024-02-10 16:08:12.467476','2024-02-10 16:08:12.511367','2014-02-10 00:00:00.000000',7,1,'2024-02-10 16:08:12.642658',0,0,0,0,1185,0),(7,0,0,0,0,0,5.360337552742616,'2024-02-09 16:11:54.852562',2024,'2024-02-10 16:08:12.414529','2024-02-10 16:08:12.467476','2024-02-10 16:08:12.511367','2014-02-10 00:00:00.000000',7,1,'2024-02-10 16:08:12.642658',0,0,0,0,237,0),(8,0,0,0,0,0,0,'2024-02-09 16:11:54.853338',2024,'2024-02-10 16:08:12.414529','2024-02-10 16:08:12.467476','2024-02-10 16:08:12.511367','2024-02-10 16:08:12.548815',0,0,'2024-02-10 16:08:12.642658',0,0,0,0,0,0),(9,0,0,0,0,0,5.653125,'2024-02-09 16:11:54.856948',2024,'2024-02-10 16:08:12.414529','2024-02-10 16:08:12.467476','2024-02-10 16:08:12.511367','2014-02-10 00:00:00.000000',7,1,'2024-02-10 16:08:12.642658',0,0,0,0,320,0),(10,0,0,0,0,0,4.541666666666667,'2024-02-09 16:11:54.858841',2024,'2024-02-10 16:08:12.414529','2024-02-10 16:08:12.467476','2024-02-10 16:08:12.511367','2014-02-10 00:00:00.000000',7,1,'2024-02-10 16:08:12.642658',0,0,0,0,192,0),(11,0,0,0,0,0,6.046875,'2024-02-09 16:11:54.859900',2024,'2024-02-10 16:08:12.414529','2024-02-10 16:08:12.467476','2024-02-10 16:08:12.511367','2014-02-10 00:00:00.000000',10,1,'2024-02-10 16:08:12.642658',0,0,0,0,128,0),(12,0,0,0,0,0,5.010416666666667,'2024-02-09 16:11:54.860899',2024,'2024-02-10 16:08:12.414529','2024-02-10 16:08:12.467476','2024-02-10 16:08:12.511367','2014-02-10 00:00:00.000000',7,1,'2024-02-10 16:08:12.642658',0,0,0,0,192,0),(13,0,0,0,0,0,5.553125,'2024-02-09 16:11:54.861915',2024,'2024-02-10 16:08:12.414529','2024-02-10 16:08:12.467476','2024-02-10 16:08:12.511367','2014-02-10 00:00:00.000000',7,1,'2024-02-10 16:08:12.642658',0,0,0,0,320,0),(14,0,0,0,0,0,4.946875,'2024-02-09 16:11:54.862999',2024,'2024-02-10 16:08:12.414529','2024-02-10 16:08:12.467476','2024-02-10 16:08:12.511367','2014-02-10 00:00:00.000000',7,1,'2024-02-10 16:08:12.642658',0,0,0,0,320,0),(15,0,0,0,0,0,5.484375000000001,'2024-02-09 16:11:54.863942',2024,'2024-02-10 16:08:12.414529','2024-02-10 16:08:12.467476','2024-02-10 16:08:12.511367','2014-02-10 00:00:00.000000',7,1,'2024-02-10 16:08:12.642658',0,0,0,0,64,0),(16,0,0,0,0,0,0,'2024-02-09 16:11:54.865392',2024,'2024-02-10 16:08:12.414529','2024-02-10 16:08:12.467476','2024-02-10 16:08:12.511367','2024-02-10 16:08:12.548815',0,0,'2024-02-10 16:08:12.642658',0,0,0,0,0,0),(17,0,0,0,0,0,5.525925925925926,'2024-02-09 16:11:54.866412',2024,'2024-02-10 16:08:12.414529','2024-02-10 16:08:12.467476','2024-02-10 16:08:12.511367','2014-02-10 00:00:00.000000',7,1,'2024-02-10 16:08:12.642658',0,0,0,0,405,0),(18,0,0,0,0,0,4.246913580246914,'2024-02-09 16:11:54.867472',2024,'2024-02-10 16:08:12.414529','2024-02-10 16:08:12.467476','2024-02-10 16:08:12.511367','2014-02-10 00:00:00.000000',7,1,'2024-02-10 16:08:12.642658',0,0,0,0,243,0),(19,0,0,0,0,0,6.104938271604938,'2024-02-09 16:11:54.868487',2024,'2024-02-10 16:08:12.414529','2024-02-10 16:08:12.467476','2024-02-10 16:08:12.511367','2014-02-10 00:00:00.000000',10,1,'2024-02-10 16:08:12.642658',0,0,0,0,162,0),(20,0,0,0,0,0,5.061728395061729,'2024-02-09 16:11:54.869962',2024,'2024-02-10 16:08:12.414529','2024-02-10 16:08:12.467476','2024-02-10 16:08:12.511367','2014-02-10 00:00:00.000000',7,1,'2024-02-10 16:08:12.642658',0,0,0,0,243,0),(21,0,0,0,0,0,5.449382716049382,'2024-02-09 16:11:54.871816',2024,'2024-02-10 16:08:12.414529','2024-02-10 16:08:12.467476','2024-02-10 16:08:12.511367','2014-02-10 00:00:00.000000',7,1,'2024-02-10 16:08:12.642658',0,0,0,0,405,0),(22,0,0,0,0,0,4.970370370370371,'2024-02-09 16:11:54.873244',2024,'2024-02-10 16:08:12.414529','2024-02-10 16:08:12.467476','2024-02-10 16:08:12.511367','2014-02-10 00:00:00.000000',7,1,'2024-02-10 16:08:12.642658',0,0,0,0,405,0),(23,0,0,0,0,0,5.25925925925926,'2024-02-09 16:11:54.874198',2024,'2024-02-10 16:08:12.414529','2024-02-10 16:08:12.467476','2024-02-10 16:08:12.511367','2014-02-10 00:00:00.000000',7,1,'2024-02-10 16:08:12.642658',0,0,0,0,81,0),(24,0,0,0,0,0,0,'2024-02-09 16:11:54.876092',2024,'2024-02-10 16:08:12.414529','2024-02-10 16:08:12.467476','2024-02-10 16:08:12.511367','2024-02-10 16:08:12.548815',0,0,'2024-02-10 16:08:12.642658',0,0,0,0,0,0),(25,0,0,0,0,0,5.589130434782609,'2024-02-09 16:11:54.877088',2024,'2024-02-10 16:08:12.414529','2024-02-10 16:08:12.467476','2024-02-10 16:08:12.511367','2014-02-10 00:00:00.000000',7,1,'2024-02-10 16:08:12.642658',0,0,0,0,460,0),(26,0,0,0,0,0,4.456521739130435,'2024-02-09 16:11:54.878524',2024,'2024-02-10 16:08:12.414529','2024-02-10 16:08:12.467476','2024-02-10 16:08:12.511367','2014-02-10 00:00:00.000000',7,1,'2024-02-10 16:08:12.642658',0,0,0,0,276,0),(27,0,0,0,0,0,5.858695652173913,'2024-02-09 16:11:54.879972',2024,'2024-02-10 16:08:12.414529','2024-02-10 16:08:12.467476','2024-02-10 16:08:12.511367','2014-02-10 00:00:00.000000',10,1,'2024-02-10 16:08:12.642658',0,0,0,0,184,0),(28,0,0,0,0,0,4.891304347826087,'2024-02-09 16:11:54.881096',2024,'2024-02-10 16:08:12.414529','2024-02-10 16:08:12.467476','2024-02-10 16:08:12.511367','2014-02-10 00:00:00.000000',7,1,'2024-02-10 16:08:12.642658',0,0,0,0,276,0),(29,0,0,0,0,0,5.523913043478261,'2024-02-09 16:11:54.882116',2024,'2024-02-10 16:08:12.414529','2024-02-10 16:08:12.467476','2024-02-10 16:08:12.511367','2014-02-10 00:00:00.000000',7,1,'2024-02-10 16:08:12.642658',0,0,0,0,460,0),(30,0,0,0,0,0,5.010869565217392,'2024-02-09 16:11:54.883172',2024,'2024-02-10 16:08:12.414529','2024-02-10 16:08:12.467476','2024-02-10 16:08:12.511367','2014-02-10 00:00:00.000000',7,1,'2024-02-10 16:08:12.642658',0,0,0,0,460,0),(31,0,0,0,0,0,5.3630434782608685,'2024-02-09 16:11:54.884095',2024,'2024-02-10 16:08:12.414529','2024-02-10 16:08:12.467476','2024-02-10 16:08:12.511367','2014-02-10 00:00:00.000000',7,1,'2024-02-10 16:08:12.642658',0,0,0,0,92,0),(32,0,0,0,0,0,0,'2024-02-09 16:25:47.838079',2024,'2024-02-10 16:08:12.414529','2024-02-10 16:08:12.467476','2024-02-10 16:08:12.511367','2024-02-10 16:08:12.548815',0,0,'2024-02-10 16:08:12.642658',0,0,0,0,0,0);
/*!40000 ALTER TABLE `indicator` ENABLE KEYS */;
UNLOCK TABLES;

--
-- Table structure for table `organization`
--

DROP TABLE IF EXISTS `organization`;
/*!40101 SET @saved_cs_client     = @@character_set_client */;
/*!50503 SET character_set_client = utf8mb4 */;
CREATE TABLE `organization` (
  `uuid` char(32) NOT NULL,
  `legal_name` varchar(50) NOT NULL,
  `commercial_name` varchar(50) NOT NULL,
  `description` longtext NOT NULL,
  `main_activity` varchar(50) NOT NULL,
  `location` varchar(50) NOT NULL,
  `country` varchar(50) NOT NULL,
  `is_sme` tinyint(1) NOT NULL,
  `survey_language` varchar(20) NOT NULL,
  `representative_id` bigint DEFAULT NULL,
  PRIMARY KEY (`uuid`),
  UNIQUE KEY `unique_organization` (`legal_name`,`country`),
  KEY `organization_representative_id_b8087fce_fk_user_resettinguser_id` (`representative_id`),
  CONSTRAINT `organization_representative_id_b8087fce_fk_user_resettinguser_id` FOREIGN KEY (`representative_id`) REFERENCES `user_resettinguser` (`id`)
) ENGINE=InnoDB DEFAULT CHARSET=utf8mb4 COLLATE=utf8mb4_0900_ai_ci;
/*!40101 SET character_set_client = @saved_cs_client */;

--
-- Dumping data for table `organization`
--

LOCK TABLES `organization` WRITE;
/*!40000 ALTER TABLE `organization` DISABLE KEYS */;
INSERT INTO `organization` VALUES ('2e7e024dcf83492ead8564eaea15e89e','Iscte Resetting','Iscte Resetting Demo','','Hotel','Lisboa','Portugal',1,'English',1),('ab5ac8a16c0146958ecd95fe84a69a80','Bru Resetting','Bru Research Demo','','Hotel','Lisboa','Portugal',1,'English',1),('f2c8002a43844061b8da43b5e5e3be37','Istar Resetting','Istar Research Demo','','Hotel','Lisboa','Portugal',1,'English',1);
/*!40000 ALTER TABLE `organization` ENABLE KEYS */;
UNLOCK TABLES;

--
-- Table structure for table `question`
--

DROP TABLE IF EXISTS `question`;
/*!40101 SET @saved_cs_client     = @@character_set_client */;
/*!50503 SET character_set_client = utf8mb4 */;
CREATE TABLE `question` (
  `id` bigint NOT NULL AUTO_INCREMENT,
  `number` int unsigned NOT NULL,
  `text` longtext NOT NULL,
  `text_translations` json DEFAULT NULL,
  `question_block_id` bigint NOT NULL,
  PRIMARY KEY (`id`),
  KEY `question_question_block_id_b37bf1e2_fk_questionblock_id` (`question_block_id`),
  CONSTRAINT `question_question_block_id_b37bf1e2_fk_questionblock_id` FOREIGN KEY (`question_block_id`) REFERENCES `questionblock` (`id`),
  CONSTRAINT `question_number_caabce49_check` CHECK ((`number` >= 0))
) ENGINE=InnoDB AUTO_INCREMENT=93 DEFAULT CHARSET=utf8mb4 COLLATE=utf8mb4_0900_ai_ci;
/*!40101 SET character_set_client = @saved_cs_client */;

--
-- Dumping data for table `question`
--

LOCK TABLES `question` WRITE;
/*!40000 ALTER TABLE `question` DISABLE KEYS */;
INSERT INTO `question` VALUES (32,1,'When did you use our service?',NULL,15),(33,1,'Choose what best describes the purpose of your visit.',NULL,16),(34,1,'Please indicate how satisfied you are with the service provided:',NULL,17),(35,1,'The reservation process was simple.',NULL,18),(36,2,'The information provided about the service was clear.',NULL,18),(37,1,'The company environmental activities added very good value.',NULL,19),(38,2,'This company has more environmental concerns than others of its kind.',NULL,19),(39,3,'This company is environmentally friendly.',NULL,19),(40,1,'The atmosphere was  pleasant.',NULL,20),(41,2,'The equipments were of good quality.',NULL,20),(42,3,'The equipments were comfortable.',NULL,20),(43,4,'The decor was attractive.',NULL,20),(44,5,'It was clean.',NULL,20),(45,1,'The staff provided reliable and proper services.',NULL,21),(46,2,'The staff was able to quickly correct mistakes.',NULL,21),(47,3,'The staff was well-trained.',NULL,21),(48,4,'The staff was able to respond to the special needs of the clients.',NULL,21),(49,5,'The staff was sympathetic and sensitive.',NULL,21),(50,1,'It was efficient to do the reservation in the digital platform.',NULL,22),(51,2,'There was an easy self-checkout.',NULL,22),(52,3,'There were convenient contactless payment methods available.',NULL,22),(53,1,'This company serves local food.',NULL,23),(54,2,'The company promoted local businesses.',NULL,23),(55,3,'This company was respectful towards the local culture and traditions.',NULL,23),(56,4,'This company hired local employees.',NULL,23),(57,5,'The company was inclusive.',NULL,23),(58,1,'Consider that you were asked to write a review about the company for other customers to read. Please write it down.',NULL,24),(59,1,'How old are you?',NULL,25),(60,1,'What gender do you identify with?',NULL,26),(61,1,'In which country do you currently reside?',NULL,27),(62,1,'What is your highest level of education?',NULL,28),(63,1,'What is your current work situation?',NULL,29),(64,1,'Does your enterprise have less than 251 employees?',NULL,30),(65,1,'On average, how many employees do you have in your enterprise?',NULL,31),(66,1,'In what region does your business operate?',NULL,32),(67,1,'How many years has your company been in operation?',NULL,33),(68,1,'Which alternative best describes your position in the company?',NULL,34),(69,1,'The business have a voluntary certification of...',NULL,35),(70,1,'Occupation rate during high season (on average). Consider it as the average level of occupation in view of your total capacity.',NULL,36),(71,1,'Occupation rate during low season (on average). Consider it as the average level of occupation in view of your total capacity.',NULL,37),(72,1,'Percentage of employees that are local residents (on average).',NULL,38),(73,1,'Average employee wage compared with national minimum wage.',NULL,39),(74,1,'Average years of employee experience.',NULL,40),(75,1,'On average, what is the percentage of employees that received formal training in tourism (e.g. bachelor or professional courses)?',NULL,41),(76,1,'Percentage of suppliers that are local businesses (on average)',NULL,42),(77,1,'How often did your place promote local businesses in the past year? (e.g. incentivize visits to local restautants and entertainment)',NULL,43),(78,1,'How often did your place promote local culture in the past year? (e.g sponsoring local cultural events, selling tickets to cultural events, recommending visits)',NULL,44),(79,1,'How often did your place collaborate with local associations in the past year? (ex:e.g. sponsoring the associations, organizing initiatives with the associations, etc.)',NULL,45),(80,1,'How is the level of cleanliness of your building?',NULL,46),(81,1,'Percentage of women working in the business (on average).',NULL,47),(82,1,'Percentage of food served that are local and traditional (on average).',NULL,48),(83,1,'The front of the building preserves the architectural heritage of the region.',NULL,49),(84,2,'The interior of the building preserves the architectural heritage of the region.',NULL,49),(85,3,'The dcor of the building preserves the architectural heritage of the region.',NULL,49),(86,1,'Has given advice on sustainable practices to guests.',NULL,50),(87,2,'Has created posts on sustainable practices and behaviors to guests.',NULL,50),(88,3,'Has communicated rules on sustainable practices to guests.',NULL,50),(89,1,'Percentage of tourists and day visitors that arrive at the accommodation by car (on average).',NULL,51),(90,1,'On average, what is the percentage of food not consumed that is reused (e.g. to cook, feed animals, given to associations, etc.)?',NULL,52),(91,1,'In your facilities and on average, what is the percentage of packages in plastic that you use?',NULL,53),(92,1,'On average, what is the percentage of water that is reused (water plants, rain barrels, reuse of water not drunk at meals, etc.)?',NULL,54);
/*!40000 ALTER TABLE `question` ENABLE KEYS */;
UNLOCK TABLES;

--
-- Table structure for table `questionblock`
--

DROP TABLE IF EXISTS `questionblock`;
/*!40101 SET @saved_cs_client     = @@character_set_client */;
/*!50503 SET character_set_client = utf8mb4 */;
CREATE TABLE `questionblock` (
  `id` bigint NOT NULL AUTO_INCREMENT,
  `title` longtext,
  `title_translations` json DEFAULT NULL,
  `criterion` varchar(50) NOT NULL,
  `category` varchar(50) NOT NULL,
  `count_questions` int unsigned NOT NULL,
  `questionnaire_id` bigint NOT NULL,
  `scale` varchar(50) DEFAULT NULL,
  `number` int unsigned NOT NULL,
  `options` longtext,
  PRIMARY KEY (`id`),
  KEY `questionblock_questionnaire_id_58e27c3e_fk_questionnaire_id` (`questionnaire_id`),
  CONSTRAINT `questionblock_questionnaire_id_58e27c3e_fk_questionnaire_id` FOREIGN KEY (`questionnaire_id`) REFERENCES `questionnaire` (`id`),
  CONSTRAINT `questionblock_chk_1` CHECK ((`count_questions` >= 0)),
  CONSTRAINT `questionblock_chk_2` CHECK ((`number` >= 0))
) ENGINE=InnoDB AUTO_INCREMENT=55 DEFAULT CHARSET=utf8mb4 COLLATE=utf8mb4_0900_ai_ci;
/*!40101 SET character_set_client = @saved_cs_client */;

--
-- Dumping data for table `questionblock`
--

LOCK TABLES `questionblock` WRITE;
/*!40000 ALTER TABLE `questionblock` DISABLE KEYS */;
INSERT INTO `questionblock` VALUES (15,'None',NULL,'General','Categorical',0,14,'None',1,'Very recently|2 weeks ago|3 weeks ago|1 month ago|More than 2 months ago'),(16,'None',NULL,'General','Categorical',0,14,'None',2,'Work|Leisure'),(17,'None',NULL,'Satisfaction','Ordinal',0,14,'1, 2, 3, 4, 5, 6, 7',3,'Extremely disatisfied|Very disatisfied|Somewhat disatisfied|Neither satisfied nor disatisfied|Somewhat satisfied|Very satisfied|Extremely satisfied'),(18,'Please rate the following statements regarding the reservation process.',NULL,'Reservation','Ordinal',0,14,'1, 2, 3, 4, 5, 6, 10',4,'Strongly disagree|Disagree|Somewhat disagree|Neither agree nor disagree|Somewhat agree|Agree|Strongly agree'),(19,'Pleaserate the following statements regarding how you perceive our environment concern.|In case sentences are not applicable in your experience, please select Not applicable.',NULL,'Environment','Ordinal',0,14,'1, 2, 3, 4, 5, 6, 7, 0',5,'Strongly disagree|Disagree|Somewhat disagree|Neither agree nor disagree|Somewhat agree|Agree|Strongly agree|Not applicable'),(20,'Please rate the following statements regarding our service characteristics.',NULL,'Service','Ordinal',0,14,'1, 2, 3, 4, 5, 6, 7',6,'Strongly disagree|Disagree|Somewhat disagree|Neither agree nor disagree|Somewhat agree|Agree|Strongly agree'),(21,'Please rate the following statements regarding our staff.',NULL,'Staff','Ordinal',0,14,'1, 2, 3, 4, 5, 6, 7',7,'Strongly disagree|Disagree|Somewhat disagree|Neither agree nor disagree|Somewhat agree|Agree|Strongly agree'),(22,'Please rate the following statements regarding the digital tools of the hotel.|In case sentences are not applicable in your experience, please select Not applicable.',NULL,'Technology','Ordinal',0,14,'1, 2, 3, 4, 5, 6, 7, 0',8,'Strongly disagree|Disagree|Somewhat disagree|Neither agree nor disagree|Somewhat agree|Agree|Strongly agree|Not applicable'),(23,'Please rate the following statements regarding the use of local resources.|In case there are sentences that are not applicable in your experience, please select Not applicable.',NULL,'Sustainability','Ordinal',0,14,'1, 2, 3, 4, 5, 6, 7, 0',9,'Strongly disagree|Disagree|Somewhat disagree|Neither agree nor disagree|Somewhat agree|Agree|Strongly agree|Not applicable'),(24,'None',NULL,'General','Commentary',0,14,'None',10,'None'),(25,'None',NULL,'Demographics','Categorical',0,14,'None',11,'Under 10|18 - 24|25 - 34|45 - 54|55 - 64|65 - 74|75 - 84|85 or older'),(26,'None',NULL,'Demographics','Categorical',0,14,'None',12,'Male|Female|Other|Prefer not to say'),(27,'None',NULL,'Demographics','Categorical',0,14,'None',13,'Central Europe (Austria, Germany, Hungary, etc.)|Eastern Europe (Albania, Bulgaria, Croatia, etc.)|Northern Europe (UK, Denmark, Estonia, Finland, etc.)|Southern Europe (Portugal, Spain, Greece, Italy, etc.)|Western Europe (Belgium, France, Netherlands, etc.)|Other'),(28,'None',NULL,'Demographics','Categorical',0,14,'None',14,'Less than High School|High School|Bachelor|Masters|Doctorate|I prefer not to say'),(29,'None',NULL,'Demographics','Categorical',0,14,'None',15,'Student|Employed|Unemployed|Retired|Other'),(30,'None',NULL,'Demographics','Categorical',0,15,'None',1,'Yes|No'),(31,'None',NULL,'Demographics','Categorical',0,15,'None',2,'Up to 20|21 - 40|41 - 60|61 - 80|81 - 110|111 - 130|More than 130'),(32,'None',NULL,'Demographics','Ordinal',0,15,'1, 2, 3, 4, 5',3,'Central Europe (Austria, Germany, Hungary, etc.)|Eastern Europe (Albania, Bulgaria, Croatia, etc.)|Northern Europe (UK, Denmark, Estonia, Finland, etc.)|Southern Europe (Portugal, Spain, Greece, Italy, etc.)|Western Europe (Belgium, France, Netherlands, etc.)|Other'),(33,'None',NULL,'Demographics','Ordinal',0,15,'1, 2, 3, 4',4,'Less than 3 years|3 - 6 years|6 - 9 years|More than 9 years'),(34,'None',NULL,'Demographics','Categorical',0,15,'None',5,'Manager|Assistant|Trainee or intern|Other'),(35,'None',NULL,'Economic','Ordinal-many',0,15,'1, 2, 4, 3, 5',6,'Corporate social responsibility (IQNet SR10, Travelife, TourCert, etc.)|Sustainable measures (LEED, Green Globe, Green Leaders, etc.) |Service quality (WTFAQP, etc.)|Other|My business doesn\'t have certification'),(36,'None',NULL,'Economic','Ordinal',0,15,'1, 2, 3, 4, 5',7,'Up to 19%|20 - 39%|40 - 59%|60 - 79%|80 - 100%'),(37,'None',NULL,'Economic','Ordinal',0,15,'1, 2, 3, 4, 5',8,'Up to 19%|20 - 39%|40 - 59%|60 - 79%|80 - 100%'),(38,'None',NULL,'Economic','Ordinal',0,15,'1, 2, 3, 4, 5',9,'Up to 19%|20 - 39%|40 - 59%|60 - 79%|80 - 100%'),(39,'None',NULL,'Economic','Ordinal',0,15,'1, 2, 3, 4, 5',10,'Aligned with the national mininum wage|10% - 20% above the national minimum wage|21% - 40% above the national minimum wage|41% - 60% above the national minimum wage|More than 60% above the national minimum wage'),(40,'None',NULL,'Economic','Ordinal',0,15,'1, 2, 3, 4',11,'Less than 2.5 years|2.5 - 5 years|5 - 7.5 years|More than 7.5 years'),(41,'None',NULL,'Economic','Ordinal',0,15,'1, 2, 3, 4, 5',12,'Up to 19%|20 - 39%|40 - 59%|60 - 79%|80 - 100%'),(42,'None',NULL,'Economic','Ordinal',0,15,'1, 2, 3, 4, 5',13,'Up to 19%|20 - 39%|40 - 59%|60 - 79%|80 - 100%'),(43,'None',NULL,'Social','Ordinal',0,15,'1, 2, 3, 4, 5',14,'Never|1 - 2 times every six months|1 - 2 times every three months|1 - 2 times every month|Always'),(44,'None',NULL,'Social','Ordinal',0,15,'1, 2, 3, 4, 5',15,'Never|1 - 2 times every six months|1 - 2 times every three months|1 - 2 times every month|Always'),(45,'None',NULL,'Social','Ordinal',0,15,'1, 2, 3, 4, 5',16,'Never|1 - 2 times every six months|1 - 2 times every three months|1 - 2 times every month|Always'),(46,'None',NULL,'Social','Ordinal',0,15,'1, 2, 3, 4, 5',17,'Extremely bad|Somewhat bad|Neither good nor bad|Somewhat good|Extremely good'),(47,'None',NULL,'Social','Ordinal',0,15,'1, 2, 3, 4, 5',18,'Up to 19%|20 - 39%|40 - 59%|60 - 79%|80 - 100%'),(48,'None',NULL,'Social','Ordinal',0,15,'1, 2, 3, 4, 5',19,'Up to 19%|20 - 39%|40 - 59%|60 - 79%|80 - 100%'),(49,'Do you agree with the following sentences concerning your building facilities?',NULL,'Social','Ordinal',0,15,'1, 2, 3, 4, 5',20,'Strongly disagree|Somewhat disagree|Neither agree nor disagree|Somewhat agree|Strongly agree'),(50,'How often your business:',NULL,'Environment','Ordinal',0,15,'1, 2, 3, 4, 5',21,'Never|Sometimes|About half the time|Most of the time|Always'),(51,'None',NULL,'Environment','Ordinal',0,15,'1, 2, 3, 4, 5',22,'Up to 19%|20 - 39%|40 - 59%|60 - 79%|80 - 100%'),(52,'None',NULL,'Environment','Ordinal',0,15,'1, 2, 3, 4, 5, 0',23,'Up to 19%|20 - 39%|40 - 59%|60 - 79%|80 - 100%|Not applicable'),(53,'None',NULL,'Environment','Ordinal',0,15,'1, 2, 3, 4, 5',24,'Up to 19%|20 - 39%|40 - 59%|60 - 79%|80 - 100%'),(54,'None',NULL,'Environment','Ordinal',0,15,'1, 2, 3, 4, 5',25,'Up to 19%|20 - 39%|40 - 59%|60 - 79%|80 - 100%');
/*!40000 ALTER TABLE `questionblock` ENABLE KEYS */;
UNLOCK TABLES;

--
-- Table structure for table `questionnaire`
--

DROP TABLE IF EXISTS `questionnaire`;
/*!40101 SET @saved_cs_client     = @@character_set_client */;
/*!50503 SET character_set_client = utf8mb4 */;
CREATE TABLE `questionnaire` (
  `id` bigint NOT NULL AUTO_INCREMENT,
  `title` longtext NOT NULL,
  `introduction` longtext,
  `title_translations` json DEFAULT NULL,
  `introduction_translations` json DEFAULT NULL,
  `created_at` datetime(6) NOT NULL,
  `owner_id` bigint DEFAULT NULL,
  `purpose` varchar(100) DEFAULT NULL,
  PRIMARY KEY (`id`),
  KEY `questionnaire_owner_id_324190ca_fk_user_resettinguser_id` (`owner_id`),
  CONSTRAINT `questionnaire_owner_id_324190ca_fk_user_resettinguser_id` FOREIGN KEY (`owner_id`) REFERENCES `user_resettinguser` (`id`)
) ENGINE=InnoDB AUTO_INCREMENT=16 DEFAULT CHARSET=utf8mb4 COLLATE=utf8mb4_0900_ai_ci;
/*!40101 SET character_set_client = @saved_cs_client */;

--
-- Dumping data for table `questionnaire`
--

LOCK TABLES `questionnaire` WRITE;
/*!40000 ALTER TABLE `questionnaire` DISABLE KEYS */;
INSERT INTO `questionnaire` VALUES (14,'Service Quality Questionnaire','Dear Participant, |Thank you for taking the time to participate in this survey. We follow the Declaration of ethical principles of Helsinkis in research. Therefore, the information you provide will be kept strictly confidential and will be used only for research purposes. There are no right or wrong answers, and we encourage you to be as honest and thoughtful as possible. The questionnaire should last only 5 minutes.',NULL,NULL,'2024-01-31 16:27:42.770960',1,'service quality'),(15,'Self-diagnostic on Sustainability Questionnaire','Sustainability is a success factor for all businesses. It is very important to understand how is your company positioned in view of others. Thus, you may better plan your actions and evaluate your results. |We help you in that regard. You access a questionnaire and you are able to obtain responses after that. The questionnaire is intended for Small and Medium Entreprises (SMEs) operating in the tourism sector. Information will be confidential. |The results compare the performance of your company with the average of companies inspected so far. Thus you may understand your position in comparison with other SMEs and articulate your action plans. In most variables, your performance is compared with the top 25% best performing companies in the specific criteria. For the remaining ones, averages are used. |There are three groups of criteria considered, namely: economic, social and environment. These three account for how your company performs in sustainability. |According to some criteria, the list of variables that are collected include: |1) ECONOMY - It captures information related to the quantity and quality of employment and suppliers. |2) SOCIAL - It captures information related to your activities regarding community and social impact; health and safety; inclusion and accessibility; protecting cultural heritage. |3) ENVIRONMENT - It captures information associated to the optimal use of resources, namely: reducing transportation impact, solid waste management, water management, energy usage and landscape and biodiversity protection. |4) DEMOGRAPHICS - It captures information about your company.',NULL,NULL,'2024-02-01 00:04:18.120875',1,'sustainability');
/*!40000 ALTER TABLE `questionnaire` ENABLE KEYS */;
UNLOCK TABLES;

--
-- Table structure for table `respondent`
--

DROP TABLE IF EXISTS `respondent`;
/*!40101 SET @saved_cs_client     = @@character_set_client */;
/*!50503 SET character_set_client = utf8mb4 */;
CREATE TABLE `respondent` (
  `id` bigint NOT NULL AUTO_INCREMENT,
  `answered_at` datetime(6) NOT NULL,
  `digital_ID` varchar(20) NOT NULL,
  `related_organization_id` char(32) NOT NULL,
  `access_url` varchar(200) DEFAULT NULL,
  `survey_id` bigint DEFAULT NULL,
  PRIMARY KEY (`id`),
  KEY `respondent_related_organization_id_cb61117d_fk_organization_uuid` (`related_organization_id`),
  KEY `respondent_survey_id_a46e38b8_fk_survey_id` (`survey_id`),
  CONSTRAINT `respondent_related_organization_id_cb61117d_fk_organization_uuid` FOREIGN KEY (`related_organization_id`) REFERENCES `organization` (`uuid`),
  CONSTRAINT `respondent_survey_id_a46e38b8_fk_survey_id` FOREIGN KEY (`survey_id`) REFERENCES `survey` (`id`)
) ENGINE=InnoDB AUTO_INCREMENT=478 DEFAULT CHARSET=utf8mb4 COLLATE=utf8mb4_0900_ai_ci;
/*!40101 SET character_set_client = @saved_cs_client */;

--
-- Dumping data for table `respondent`
--

LOCK TABLES `respondent` WRITE;
/*!40000 ALTER TABLE `respondent` DISABLE KEYS */;
INSERT INTO `respondent` VALUES (241,'2013-01-12 00:00:00.000000','R1','2e7e024dcf83492ead8564eaea15e89e',NULL,1),(242,'2013-01-15 00:00:00.000000','R2','2e7e024dcf83492ead8564eaea15e89e',NULL,1),(243,'2013-01-18 00:00:00.000000','R3','2e7e024dcf83492ead8564eaea15e89e',NULL,1),(244,'2013-01-21 00:00:00.000000','R4','2e7e024dcf83492ead8564eaea15e89e',NULL,1),(245,'2013-01-24 00:00:00.000000','R5','2e7e024dcf83492ead8564eaea15e89e',NULL,1),(246,'2013-01-27 00:00:00.000000','R6','2e7e024dcf83492ead8564eaea15e89e',NULL,1),(247,'2013-01-30 00:00:00.000000','R7','2e7e024dcf83492ead8564eaea15e89e',NULL,1),(248,'2013-02-02 00:00:00.000000','R8','2e7e024dcf83492ead8564eaea15e89e',NULL,1),(249,'2013-02-05 00:00:00.000000','R9','2e7e024dcf83492ead8564eaea15e89e',NULL,1),(250,'2013-02-08 00:00:00.000000','R10','2e7e024dcf83492ead8564eaea15e89e',NULL,1),(251,'2013-02-11 00:00:00.000000','R11','2e7e024dcf83492ead8564eaea15e89e',NULL,1),(252,'2013-02-14 00:00:00.000000','R12','2e7e024dcf83492ead8564eaea15e89e',NULL,1),(253,'2013-02-17 00:00:00.000000','R13','2e7e024dcf83492ead8564eaea15e89e',NULL,1),(254,'2013-02-20 00:00:00.000000','R14','2e7e024dcf83492ead8564eaea15e89e',NULL,1),(255,'2013-02-23 00:00:00.000000','R15','2e7e024dcf83492ead8564eaea15e89e',NULL,1),(256,'2013-02-26 00:00:00.000000','R16','2e7e024dcf83492ead8564eaea15e89e',NULL,1),(257,'2013-01-22 00:00:00.000000','R17','f2c8002a43844061b8da43b5e5e3be37',NULL,1),(258,'2013-01-26 00:00:00.000000','R18','f2c8002a43844061b8da43b5e5e3be37',NULL,1),(259,'2013-01-30 00:00:00.000000','R19','f2c8002a43844061b8da43b5e5e3be37',NULL,1),(260,'2013-02-03 00:00:00.000000','R20','f2c8002a43844061b8da43b5e5e3be37',NULL,1),(261,'2013-02-07 00:00:00.000000','R21','f2c8002a43844061b8da43b5e5e3be37',NULL,1),(262,'2013-02-11 00:00:00.000000','R22','f2c8002a43844061b8da43b5e5e3be37',NULL,1),(263,'2013-02-15 00:00:00.000000','R23','f2c8002a43844061b8da43b5e5e3be37',NULL,1),(264,'2013-02-19 00:00:00.000000','R24','f2c8002a43844061b8da43b5e5e3be37',NULL,1),(265,'2013-02-20 00:00:00.000000','R25','f2c8002a43844061b8da43b5e5e3be37',NULL,1),(266,'2013-02-21 00:00:00.000000','R26','f2c8002a43844061b8da43b5e5e3be37',NULL,1),(267,'2013-02-22 00:00:00.000000','R27','f2c8002a43844061b8da43b5e5e3be37',NULL,1),(268,'2013-02-23 00:00:00.000000','R28','f2c8002a43844061b8da43b5e5e3be37',NULL,1),(269,'2013-02-24 00:00:00.000000','R29','f2c8002a43844061b8da43b5e5e3be37',NULL,1),(270,'2013-02-25 00:00:00.000000','R30','f2c8002a43844061b8da43b5e5e3be37',NULL,1),(271,'2013-02-26 00:00:00.000000','R31','f2c8002a43844061b8da43b5e5e3be37',NULL,1),(272,'2013-03-02 00:00:00.000000','R32','f2c8002a43844061b8da43b5e5e3be37',NULL,1),(273,'2013-03-06 00:00:00.000000','R33','f2c8002a43844061b8da43b5e5e3be37',NULL,1),(274,'2013-03-10 00:00:00.000000','R34','f2c8002a43844061b8da43b5e5e3be37',NULL,1),(275,'2013-03-14 00:00:00.000000','R35','f2c8002a43844061b8da43b5e5e3be37',NULL,1),(276,'2013-03-18 00:00:00.000000','R36','f2c8002a43844061b8da43b5e5e3be37',NULL,1),(277,'2013-03-22 00:00:00.000000','R37','f2c8002a43844061b8da43b5e5e3be37',NULL,1),(278,'2013-03-26 00:00:00.000000','R38','f2c8002a43844061b8da43b5e5e3be37',NULL,1),(279,'2013-03-30 00:00:00.000000','R39','f2c8002a43844061b8da43b5e5e3be37',NULL,1),(280,'2013-01-18 00:00:00.000000','R40','ab5ac8a16c0146958ecd95fe84a69a80',NULL,1),(281,'2013-01-21 00:00:00.000000','R41','ab5ac8a16c0146958ecd95fe84a69a80',NULL,1),(282,'2013-01-24 00:00:00.000000','R42','ab5ac8a16c0146958ecd95fe84a69a80',NULL,1),(283,'2013-01-27 00:00:00.000000','R43','ab5ac8a16c0146958ecd95fe84a69a80',NULL,1),(284,'2013-01-30 00:00:00.000000','R44','ab5ac8a16c0146958ecd95fe84a69a80',NULL,1),(285,'2013-02-02 00:00:00.000000','R45','ab5ac8a16c0146958ecd95fe84a69a80',NULL,1),(286,'2013-02-05 00:00:00.000000','R46','ab5ac8a16c0146958ecd95fe84a69a80',NULL,1),(287,'2013-02-08 00:00:00.000000','R47','ab5ac8a16c0146958ecd95fe84a69a80',NULL,1),(288,'2013-02-11 00:00:00.000000','R48','ab5ac8a16c0146958ecd95fe84a69a80',NULL,1),(289,'2013-02-14 00:00:00.000000','R49','ab5ac8a16c0146958ecd95fe84a69a80',NULL,1),(290,'2013-02-17 00:00:00.000000','R50','ab5ac8a16c0146958ecd95fe84a69a80',NULL,1),(291,'2013-02-21 00:00:00.000000','R51','ab5ac8a16c0146958ecd95fe84a69a80',NULL,1),(292,'2013-02-25 00:00:00.000000','R52','ab5ac8a16c0146958ecd95fe84a69a80',NULL,1),(293,'2013-03-01 00:00:00.000000','R53','ab5ac8a16c0146958ecd95fe84a69a80',NULL,1),(294,'2013-03-05 00:00:00.000000','R54','ab5ac8a16c0146958ecd95fe84a69a80',NULL,1),(295,'2013-03-09 00:00:00.000000','R55','ab5ac8a16c0146958ecd95fe84a69a80',NULL,1),(296,'2013-03-13 00:00:00.000000','R56','ab5ac8a16c0146958ecd95fe84a69a80',NULL,1),(297,'2013-03-17 00:00:00.000000','R57','ab5ac8a16c0146958ecd95fe84a69a80',NULL,1),(298,'2013-03-21 00:00:00.000000','R58','ab5ac8a16c0146958ecd95fe84a69a80',NULL,1),(299,'2013-03-25 00:00:00.000000','R59','ab5ac8a16c0146958ecd95fe84a69a80',NULL,1),(300,'2013-03-29 00:00:00.000000','R60','ab5ac8a16c0146958ecd95fe84a69a80',NULL,1),(301,'2013-04-02 00:00:00.000000','R61','2e7e024dcf83492ead8564eaea15e89e',NULL,1),(302,'2013-04-03 00:00:00.000000','R62','2e7e024dcf83492ead8564eaea15e89e',NULL,1),(303,'2013-04-05 00:00:00.000000','R63','2e7e024dcf83492ead8564eaea15e89e',NULL,1),(304,'2013-04-06 00:00:00.000000','R64','2e7e024dcf83492ead8564eaea15e89e',NULL,1),(305,'2013-04-07 00:00:00.000000','R65','2e7e024dcf83492ead8564eaea15e89e',NULL,1),(306,'2013-04-08 00:00:00.000000','R66','2e7e024dcf83492ead8564eaea15e89e',NULL,1),(307,'2013-04-09 00:00:00.000000','R67','2e7e024dcf83492ead8564eaea15e89e',NULL,1),(308,'2013-04-11 00:00:00.000000','R68','2e7e024dcf83492ead8564eaea15e89e',NULL,1),(309,'2013-04-12 00:00:00.000000','R69','2e7e024dcf83492ead8564eaea15e89e',NULL,1),(310,'2013-04-13 00:00:00.000000','R70','2e7e024dcf83492ead8564eaea15e89e',NULL,1),(311,'2013-04-16 00:00:00.000000','R71','2e7e024dcf83492ead8564eaea15e89e',NULL,1),(312,'2013-04-18 00:00:00.000000','R72','2e7e024dcf83492ead8564eaea15e89e',NULL,1),(313,'2013-04-23 00:00:00.000000','R73','2e7e024dcf83492ead8564eaea15e89e',NULL,1),(314,'2013-04-26 00:00:00.000000','R74','2e7e024dcf83492ead8564eaea15e89e',NULL,1),(315,'2013-04-29 00:00:00.000000','R75','2e7e024dcf83492ead8564eaea15e89e',NULL,1),(316,'2013-05-01 00:00:00.000000','R76','2e7e024dcf83492ead8564eaea15e89e',NULL,1),(317,'2013-05-02 00:00:00.000000','R77','f2c8002a43844061b8da43b5e5e3be37',NULL,1),(318,'2013-05-03 00:00:00.000000','R78','f2c8002a43844061b8da43b5e5e3be37',NULL,1),(319,'2013-05-04 00:00:00.000000','R79','f2c8002a43844061b8da43b5e5e3be37',NULL,1),(320,'2013-05-05 00:00:00.000000','R80','f2c8002a43844061b8da43b5e5e3be37',NULL,1),(321,'2013-05-05 00:00:00.000000','R81','f2c8002a43844061b8da43b5e5e3be37',NULL,1),(322,'2013-05-05 00:00:00.000000','R82','f2c8002a43844061b8da43b5e5e3be37',NULL,1),(323,'2013-05-07 00:00:00.000000','R83','f2c8002a43844061b8da43b5e5e3be37',NULL,1),(324,'2013-05-08 00:00:00.000000','R84','f2c8002a43844061b8da43b5e5e3be37',NULL,1),(325,'2013-05-09 00:00:00.000000','R85','f2c8002a43844061b8da43b5e5e3be37',NULL,1),(326,'2013-05-10 00:00:00.000000','R86','f2c8002a43844061b8da43b5e5e3be37',NULL,1),(327,'2013-05-15 00:00:00.000000','R87','f2c8002a43844061b8da43b5e5e3be37',NULL,1),(328,'2013-05-16 00:00:00.000000','R88','f2c8002a43844061b8da43b5e5e3be37',NULL,1),(329,'2013-05-17 00:00:00.000000','R89','f2c8002a43844061b8da43b5e5e3be37',NULL,1),(330,'2013-05-17 00:00:00.000000','R90','f2c8002a43844061b8da43b5e5e3be37',NULL,1),(331,'2013-05-18 00:00:00.000000','R91','f2c8002a43844061b8da43b5e5e3be37',NULL,1),(332,'2013-05-19 00:00:00.000000','R92','f2c8002a43844061b8da43b5e5e3be37',NULL,1),(333,'2013-05-20 00:00:00.000000','R93','f2c8002a43844061b8da43b5e5e3be37',NULL,1),(334,'2013-05-21 00:00:00.000000','R94','f2c8002a43844061b8da43b5e5e3be37',NULL,1),(335,'2013-05-24 00:00:00.000000','R95','f2c8002a43844061b8da43b5e5e3be37',NULL,1),(336,'2013-05-25 00:00:00.000000','R96','f2c8002a43844061b8da43b5e5e3be37',NULL,1),(337,'2013-05-26 00:00:00.000000','R97','f2c8002a43844061b8da43b5e5e3be37',NULL,1),(338,'2013-05-27 00:00:00.000000','R98','f2c8002a43844061b8da43b5e5e3be37',NULL,1),(339,'2013-05-28 00:00:00.000000','R99','f2c8002a43844061b8da43b5e5e3be37',NULL,1),(340,'2013-05-29 00:00:00.000000','R100','ab5ac8a16c0146958ecd95fe84a69a80',NULL,1),(341,'2013-05-30 00:00:00.000000','R101','ab5ac8a16c0146958ecd95fe84a69a80',NULL,1),(342,'2013-05-31 00:00:00.000000','R102','ab5ac8a16c0146958ecd95fe84a69a80',NULL,1),(343,'2013-06-01 00:00:00.000000','R103','ab5ac8a16c0146958ecd95fe84a69a80',NULL,1),(344,'2013-06-03 00:00:00.000000','R104','ab5ac8a16c0146958ecd95fe84a69a80',NULL,1),(345,'2013-06-04 00:00:00.000000','R105','ab5ac8a16c0146958ecd95fe84a69a80',NULL,1),(346,'2013-06-05 00:00:00.000000','R106','ab5ac8a16c0146958ecd95fe84a69a80',NULL,1),(347,'2013-06-06 00:00:00.000000','R107','ab5ac8a16c0146958ecd95fe84a69a80',NULL,1),(348,'2013-06-08 00:00:00.000000','R108','ab5ac8a16c0146958ecd95fe84a69a80',NULL,1),(349,'2013-06-08 00:00:00.000000','R109','ab5ac8a16c0146958ecd95fe84a69a80',NULL,1),(350,'2013-06-09 00:00:00.000000','R110','ab5ac8a16c0146958ecd95fe84a69a80',NULL,1),(351,'2013-06-11 00:00:00.000000','R111','ab5ac8a16c0146958ecd95fe84a69a80',NULL,1),(352,'2013-06-12 00:00:00.000000','R112','ab5ac8a16c0146958ecd95fe84a69a80',NULL,1),(353,'2013-06-13 00:00:00.000000','R113','ab5ac8a16c0146958ecd95fe84a69a80',NULL,1),(354,'2013-06-14 00:00:00.000000','R114','ab5ac8a16c0146958ecd95fe84a69a80',NULL,1),(355,'2013-06-15 00:00:00.000000','R115','ab5ac8a16c0146958ecd95fe84a69a80',NULL,1),(356,'2013-06-16 00:00:00.000000','R116','ab5ac8a16c0146958ecd95fe84a69a80',NULL,1),(357,'2013-06-19 00:00:00.000000','R117','ab5ac8a16c0146958ecd95fe84a69a80',NULL,1),(358,'2013-06-21 00:00:00.000000','R118','ab5ac8a16c0146958ecd95fe84a69a80',NULL,1),(359,'2013-06-22 00:00:00.000000','R119','ab5ac8a16c0146958ecd95fe84a69a80',NULL,1),(360,'2013-06-23 00:00:00.000000','R120','ab5ac8a16c0146958ecd95fe84a69a80',NULL,1),(361,'2023-07-02 00:00:00.000000','R121','2e7e024dcf83492ead8564eaea15e89e',NULL,1),(362,'2023-07-05 00:00:00.000000','R122','2e7e024dcf83492ead8564eaea15e89e',NULL,1),(363,'2023-07-07 00:00:00.000000','R123','2e7e024dcf83492ead8564eaea15e89e',NULL,1),(364,'2023-07-09 00:00:00.000000','R124','2e7e024dcf83492ead8564eaea15e89e',NULL,1),(365,'2023-07-12 00:00:00.000000','R125','2e7e024dcf83492ead8564eaea15e89e',NULL,1),(366,'2023-07-12 00:00:00.000000','R126','2e7e024dcf83492ead8564eaea15e89e',NULL,1),(367,'2023-07-13 00:00:00.000000','R127','2e7e024dcf83492ead8564eaea15e89e',NULL,1),(368,'2023-07-14 00:00:00.000000','R128','2e7e024dcf83492ead8564eaea15e89e',NULL,1),(369,'2023-07-15 00:00:00.000000','R129','2e7e024dcf83492ead8564eaea15e89e',NULL,1),(370,'2023-07-17 00:00:00.000000','R130','2e7e024dcf83492ead8564eaea15e89e',NULL,1),(371,'2023-07-18 00:00:00.000000','R131','2e7e024dcf83492ead8564eaea15e89e',NULL,1),(372,'2023-07-21 00:00:00.000000','R132','2e7e024dcf83492ead8564eaea15e89e',NULL,1),(373,'2023-07-25 00:00:00.000000','R133','2e7e024dcf83492ead8564eaea15e89e',NULL,1),(374,'2023-07-29 00:00:00.000000','R134','2e7e024dcf83492ead8564eaea15e89e',NULL,1),(375,'2023-07-30 00:00:00.000000','R135','2e7e024dcf83492ead8564eaea15e89e',NULL,1),(376,'2023-08-01 00:00:00.000000','R136','2e7e024dcf83492ead8564eaea15e89e',NULL,1),(377,'2023-08-02 00:00:00.000000','R137','f2c8002a43844061b8da43b5e5e3be37',NULL,1),(378,'2023-08-05 00:00:00.000000','R138','f2c8002a43844061b8da43b5e5e3be37',NULL,1),(379,'2023-08-07 00:00:00.000000','R139','f2c8002a43844061b8da43b5e5e3be37',NULL,1),(380,'2023-08-11 00:00:00.000000','R140','f2c8002a43844061b8da43b5e5e3be37',NULL,1),(381,'2023-08-13 00:00:00.000000','R141','f2c8002a43844061b8da43b5e5e3be37',NULL,1),(382,'2023-08-14 00:00:00.000000','R142','f2c8002a43844061b8da43b5e5e3be37',NULL,1),(383,'2023-08-17 00:00:00.000000','R143','f2c8002a43844061b8da43b5e5e3be37',NULL,1),(384,'2023-08-18 00:00:00.000000','R144','f2c8002a43844061b8da43b5e5e3be37',NULL,1),(385,'2023-08-20 00:00:00.000000','R145','f2c8002a43844061b8da43b5e5e3be37',NULL,1),(386,'2023-08-21 00:00:00.000000','R146','f2c8002a43844061b8da43b5e5e3be37',NULL,1),(387,'2023-08-22 00:00:00.000000','R147','f2c8002a43844061b8da43b5e5e3be37',NULL,1),(388,'2023-08-23 00:00:00.000000','R148','f2c8002a43844061b8da43b5e5e3be37',NULL,1),(389,'2023-08-25 00:00:00.000000','R149','f2c8002a43844061b8da43b5e5e3be37',NULL,1),(390,'2023-08-26 00:00:00.000000','R150','f2c8002a43844061b8da43b5e5e3be37',NULL,1),(391,'2023-08-29 00:00:00.000000','R151','f2c8002a43844061b8da43b5e5e3be37',NULL,1),(392,'2023-08-30 00:00:00.000000','R152','f2c8002a43844061b8da43b5e5e3be37',NULL,1),(393,'2023-08-31 00:00:00.000000','R153','f2c8002a43844061b8da43b5e5e3be37',NULL,1),(394,'2023-09-01 00:00:00.000000','R154','f2c8002a43844061b8da43b5e5e3be37',NULL,1),(395,'2023-09-04 00:00:00.000000','R155','f2c8002a43844061b8da43b5e5e3be37',NULL,1),(396,'2023-09-05 00:00:00.000000','R156','f2c8002a43844061b8da43b5e5e3be37',NULL,1),(397,'2023-09-06 00:00:00.000000','R157','f2c8002a43844061b8da43b5e5e3be37',NULL,1),(398,'2023-09-08 00:00:00.000000','R158','f2c8002a43844061b8da43b5e5e3be37',NULL,1),(399,'2023-09-08 00:00:00.000000','R159','f2c8002a43844061b8da43b5e5e3be37',NULL,1),(400,'2023-09-08 00:00:00.000000','R160','ab5ac8a16c0146958ecd95fe84a69a80',NULL,1),(401,'2023-09-09 00:00:00.000000','R161','ab5ac8a16c0146958ecd95fe84a69a80',NULL,1),(402,'2023-09-10 00:00:00.000000','R162','ab5ac8a16c0146958ecd95fe84a69a80',NULL,1),(403,'2023-09-11 00:00:00.000000','R163','ab5ac8a16c0146958ecd95fe84a69a80',NULL,1),(404,'2023-09-12 00:00:00.000000','R164','ab5ac8a16c0146958ecd95fe84a69a80',NULL,1),(405,'2023-09-13 00:00:00.000000','R165','ab5ac8a16c0146958ecd95fe84a69a80',NULL,1),(406,'2023-09-14 00:00:00.000000','R166','ab5ac8a16c0146958ecd95fe84a69a80',NULL,1),(407,'2023-09-15 00:00:00.000000','R167','ab5ac8a16c0146958ecd95fe84a69a80',NULL,1),(408,'2023-09-16 00:00:00.000000','R168','ab5ac8a16c0146958ecd95fe84a69a80',NULL,1),(409,'2023-09-17 00:00:00.000000','R169','ab5ac8a16c0146958ecd95fe84a69a80',NULL,1),(410,'2023-09-18 00:00:00.000000','R170','ab5ac8a16c0146958ecd95fe84a69a80',NULL,1),(411,'2023-09-19 00:00:00.000000','R171','ab5ac8a16c0146958ecd95fe84a69a80',NULL,1),(412,'2023-09-20 00:00:00.000000','R172','ab5ac8a16c0146958ecd95fe84a69a80',NULL,1),(413,'2023-09-21 00:00:00.000000','R173','ab5ac8a16c0146958ecd95fe84a69a80',NULL,1),(414,'2023-09-22 00:00:00.000000','R174','ab5ac8a16c0146958ecd95fe84a69a80',NULL,1),(415,'2023-09-23 00:00:00.000000','R175','ab5ac8a16c0146958ecd95fe84a69a80',NULL,1),(416,'2023-09-24 00:00:00.000000','R176','ab5ac8a16c0146958ecd95fe84a69a80',NULL,1),(417,'2013-10-02 00:00:00.000000','R177','2e7e024dcf83492ead8564eaea15e89e',NULL,1),(418,'2013-10-03 00:00:00.000000','R178','2e7e024dcf83492ead8564eaea15e89e',NULL,1),(419,'2013-10-05 00:00:00.000000','R179','2e7e024dcf83492ead8564eaea15e89e',NULL,1),(420,'2013-10-08 00:00:00.000000','R180','2e7e024dcf83492ead8564eaea15e89e',NULL,1),(421,'2013-10-10 00:00:00.000000','R181','2e7e024dcf83492ead8564eaea15e89e',NULL,1),(422,'2013-10-10 00:00:00.000000','R182','2e7e024dcf83492ead8564eaea15e89e',NULL,1),(423,'2013-10-10 00:00:00.000000','R183','2e7e024dcf83492ead8564eaea15e89e',NULL,1),(424,'2013-10-11 00:00:00.000000','R184','2e7e024dcf83492ead8564eaea15e89e',NULL,1),(425,'2013-10-14 00:00:00.000000','R185','2e7e024dcf83492ead8564eaea15e89e',NULL,1),(426,'2013-10-16 00:00:00.000000','R186','2e7e024dcf83492ead8564eaea15e89e',NULL,1),(427,'2013-10-16 00:00:00.000000','R187','2e7e024dcf83492ead8564eaea15e89e',NULL,1),(428,'2013-10-16 00:00:00.000000','R188','2e7e024dcf83492ead8564eaea15e89e',NULL,1),(429,'2013-10-19 00:00:00.000000','R189','2e7e024dcf83492ead8564eaea15e89e',NULL,1),(430,'2013-10-21 00:00:00.000000','R190','2e7e024dcf83492ead8564eaea15e89e',NULL,1),(431,'2013-10-23 00:00:00.000000','R191','2e7e024dcf83492ead8564eaea15e89e',NULL,1),(432,'2013-10-25 00:00:00.000000','R192','2e7e024dcf83492ead8564eaea15e89e',NULL,1),(433,'2013-10-26 00:00:00.000000','R193','f2c8002a43844061b8da43b5e5e3be37',NULL,1),(434,'2013-10-28 00:00:00.000000','R194','f2c8002a43844061b8da43b5e5e3be37',NULL,1),(435,'2013-10-30 00:00:00.000000','R195','f2c8002a43844061b8da43b5e5e3be37',NULL,1),(436,'2013-10-31 00:00:00.000000','R196','f2c8002a43844061b8da43b5e5e3be37',NULL,1),(437,'2013-11-02 00:00:00.000000','R197','f2c8002a43844061b8da43b5e5e3be37',NULL,1),(438,'2013-11-02 00:00:00.000000','R198','f2c8002a43844061b8da43b5e5e3be37',NULL,1),(439,'2013-11-02 00:00:00.000000','R199','f2c8002a43844061b8da43b5e5e3be37',NULL,1),(440,'2013-11-03 00:00:00.000000','R200','f2c8002a43844061b8da43b5e5e3be37',NULL,1),(441,'2013-11-04 00:00:00.000000','R201','f2c8002a43844061b8da43b5e5e3be37',NULL,1),(442,'2013-11-06 00:00:00.000000','R202','f2c8002a43844061b8da43b5e5e3be37',NULL,1),(443,'2013-11-07 00:00:00.000000','R203','f2c8002a43844061b8da43b5e5e3be37',NULL,1),(444,'2013-11-09 00:00:00.000000','R204','f2c8002a43844061b8da43b5e5e3be37',NULL,1),(445,'2013-11-11 00:00:00.000000','R205','f2c8002a43844061b8da43b5e5e3be37',NULL,1),(446,'2013-11-13 00:00:00.000000','R206','f2c8002a43844061b8da43b5e5e3be37',NULL,1),(447,'2013-11-16 00:00:00.000000','R207','f2c8002a43844061b8da43b5e5e3be37',NULL,1),(448,'2013-11-16 00:00:00.000000','R208','f2c8002a43844061b8da43b5e5e3be37',NULL,1),(449,'2013-11-16 00:00:00.000000','R209','f2c8002a43844061b8da43b5e5e3be37',NULL,1),(450,'2013-11-16 00:00:00.000000','R210','f2c8002a43844061b8da43b5e5e3be37',NULL,1),(451,'2013-11-17 00:00:00.000000','R211','f2c8002a43844061b8da43b5e5e3be37',NULL,1),(452,'2013-11-18 00:00:00.000000','R212','f2c8002a43844061b8da43b5e5e3be37',NULL,1),(453,'2013-11-19 00:00:00.000000','R213','f2c8002a43844061b8da43b5e5e3be37',NULL,1),(454,'2013-11-21 00:00:00.000000','R214','f2c8002a43844061b8da43b5e5e3be37',NULL,1),(455,'2013-11-22 00:00:00.000000','R215','f2c8002a43844061b8da43b5e5e3be37',NULL,1),(456,'2013-11-24 00:00:00.000000','R216','ab5ac8a16c0146958ecd95fe84a69a80',NULL,1),(457,'2013-11-26 00:00:00.000000','R217','ab5ac8a16c0146958ecd95fe84a69a80',NULL,1),(458,'2013-11-26 00:00:00.000000','R218','ab5ac8a16c0146958ecd95fe84a69a80',NULL,1),(459,'2013-11-27 00:00:00.000000','R219','ab5ac8a16c0146958ecd95fe84a69a80',NULL,1),(460,'2013-11-28 00:00:00.000000','R220','ab5ac8a16c0146958ecd95fe84a69a80',NULL,1),(461,'2013-11-30 00:00:00.000000','R221','ab5ac8a16c0146958ecd95fe84a69a80',NULL,1),(462,'2013-12-02 00:00:00.000000','R222','ab5ac8a16c0146958ecd95fe84a69a80',NULL,1),(463,'2013-12-06 00:00:00.000000','R223','ab5ac8a16c0146958ecd95fe84a69a80',NULL,1),(464,'2013-12-07 00:00:00.000000','R224','ab5ac8a16c0146958ecd95fe84a69a80',NULL,1),(465,'2013-12-08 00:00:00.000000','R225','ab5ac8a16c0146958ecd95fe84a69a80',NULL,1),(466,'2013-12-09 00:00:00.000000','R226','ab5ac8a16c0146958ecd95fe84a69a80',NULL,1),(467,'2013-12-10 00:00:00.000000','R227','ab5ac8a16c0146958ecd95fe84a69a80',NULL,1),(468,'2013-12-11 00:00:00.000000','R228','ab5ac8a16c0146958ecd95fe84a69a80',NULL,1),(469,'2013-12-12 00:00:00.000000','R229','ab5ac8a16c0146958ecd95fe84a69a80',NULL,1),(470,'2013-12-14 00:00:00.000000','R230','ab5ac8a16c0146958ecd95fe84a69a80',NULL,1),(471,'2013-12-14 00:00:00.000000','R231','ab5ac8a16c0146958ecd95fe84a69a80',NULL,1),(472,'2013-12-15 00:00:00.000000','R232','ab5ac8a16c0146958ecd95fe84a69a80',NULL,1),(473,'2013-12-17 00:00:00.000000','R233','ab5ac8a16c0146958ecd95fe84a69a80',NULL,1),(474,'2013-12-18 00:00:00.000000','R234','ab5ac8a16c0146958ecd95fe84a69a80',NULL,1),(475,'2013-12-19 00:00:00.000000','R235','ab5ac8a16c0146958ecd95fe84a69a80',NULL,1),(476,'2013-12-20 00:00:00.000000','R236','ab5ac8a16c0146958ecd95fe84a69a80',NULL,1),(477,'2013-12-21 00:00:00.000000','R237','ab5ac8a16c0146958ecd95fe84a69a80',NULL,1);
/*!40000 ALTER TABLE `respondent` ENABLE KEYS */;
UNLOCK TABLES;

--
-- Table structure for table `sentiment`
--

DROP TABLE IF EXISTS `sentiment`;
/*!40101 SET @saved_cs_client     = @@character_set_client */;
/*!50503 SET character_set_client = utf8mb4 */;
CREATE TABLE `sentiment` (
  `id` bigint NOT NULL AUTO_INCREMENT,
  `organization_id` char(32) NOT NULL,
  `updated_at` datetime(6) NOT NULL,
  PRIMARY KEY (`id`),
  UNIQUE KEY `organization_id` (`organization_id`),
  CONSTRAINT `sentiment_organization_id_f31c48c2_fk_organization_uuid` FOREIGN KEY (`organization_id`) REFERENCES `organization` (`uuid`)
) ENGINE=InnoDB AUTO_INCREMENT=4 DEFAULT CHARSET=utf8mb4 COLLATE=utf8mb4_0900_ai_ci;
/*!40101 SET character_set_client = @saved_cs_client */;

--
-- Dumping data for table `sentiment`
--

LOCK TABLES `sentiment` WRITE;
/*!40000 ALTER TABLE `sentiment` DISABLE KEYS */;
INSERT INTO `sentiment` VALUES (1,'2e7e024dcf83492ead8564eaea15e89e','2024-02-13 14:42:42.022258'),(2,'ab5ac8a16c0146958ecd95fe84a69a80','2024-02-13 14:42:42.023011'),(3,'f2c8002a43844061b8da43b5e5e3be37','2024-02-13 14:42:42.023594');
/*!40000 ALTER TABLE `sentiment` ENABLE KEYS */;
UNLOCK TABLES;

--
-- Table structure for table `sentimentmarks`
--

DROP TABLE IF EXISTS `sentimentmarks`;
/*!40101 SET @saved_cs_client     = @@character_set_client */;
/*!50503 SET character_set_client = utf8mb4 */;
CREATE TABLE `sentimentmarks` (
  `id` bigint NOT NULL AUTO_INCREMENT,
  `text` longtext NOT NULL,
  `date` date NOT NULL,
  `value` double NOT NULL,
  `outcome` varchar(50) NOT NULL,
  `sentiment_id` bigint NOT NULL,
  PRIMARY KEY (`id`),
  KEY `sentimentmarks_sentiment_id_068fb4f7_fk_sentiment_id` (`sentiment_id`),
  CONSTRAINT `sentimentmarks_sentiment_id_068fb4f7_fk_sentiment_id` FOREIGN KEY (`sentiment_id`) REFERENCES `sentiment` (`id`)
) ENGINE=InnoDB AUTO_INCREMENT=202 DEFAULT CHARSET=utf8mb4 COLLATE=utf8mb4_0900_ai_ci;
/*!40101 SET character_set_client = @saved_cs_client */;

--
-- Dumping data for table `sentimentmarks`
--

LOCK TABLES `sentimentmarks` WRITE;
/*!40000 ALTER TABLE `sentimentmarks` DISABLE KEYS */;
INSERT INTO `sentimentmarks` VALUES (1,'','2023-03-16',0,'Positive',1),(2,'','2023-06-25',0,'Positive',2),(3,'','2023-11-04',0,'Positive',1),(4,'','2023-11-05',0,'Negative',3),(5,'','2023-06-22',0,'Positive',2),(6,'','2023-04-15',0,'Positive',1),(7,'','2023-12-19',0,'Positive',2),(8,'','2023-10-20',0,'Positive',3),(9,'','2023-09-06',0,'Positive',1),(10,'','2023-06-23',0,'Positive',1),(11,'','2023-01-10',0,'Positive',3),(12,'','2023-08-23',0,'Positive',1),(13,'','2023-06-21',0,'Negative',3),(14,'','2023-10-08',0,'Positive',3),(15,'','2023-06-26',0,'Positive',1),(16,'','2023-12-17',0,'Positive',1),(17,'','2023-07-25',0,'Positive',2),(18,'','2023-06-05',0,'Positive',1),(19,'','2023-03-04',0,'Positive',3),(20,'','2023-12-01',0,'Positive',3),(21,'','2023-10-02',0,'Positive',1),(22,'','2023-03-01',0,'Positive',2),(23,'','2023-02-12',0,'Positive',1),(24,'','2023-05-06',0,'Positive',1),(25,'','2023-09-13',0,'Positive',2),(26,'','2023-11-21',0,'Positive',3),(27,'','2023-06-13',0,'Positive',1),(28,'','2023-07-04',0,'Positive',3),(29,'','2023-06-13',0,'Positive',3),(30,'','2023-12-24',0,'Positive',1),(31,'','2023-06-28',0,'Positive',3),(32,'','2023-08-19',0,'Positive',1),(33,'','2023-11-08',0,'Positive',1),(34,'','2023-01-05',0,'Positive',1),(35,'','2023-09-03',0,'Positive',3),(36,'','2023-08-13',0,'Positive',1),(37,'','2023-05-12',0,'Positive',1),(38,'','2023-09-14',0,'Positive',2),(39,'','2023-09-10',0,'Positive',1),(40,'','2023-09-15',0,'Positive',3),(41,'','2023-07-18',0,'Positive',2),(42,'','2023-11-04',0,'Positive',1),(43,'','2023-02-13',0,'Positive',3),(44,'','2023-04-14',0,'Positive',3),(45,'','2023-05-25',0,'Positive',1),(46,'','2023-04-04',0,'Positive',2),(47,'','2023-03-06',0,'Positive',3),(48,'','2023-07-26',0,'Positive',1),(49,'','2023-10-02',0,'Positive',3),(50,'','2023-09-24',0,'Positive',1),(51,'','2023-03-17',0,'Positive',1),(52,'','2023-07-09',0,'Positive',2),(53,'','2023-05-17',0,'Positive',2),(54,'','2023-09-05',0,'Positive',1),(55,'','2023-12-01',0,'Positive',1),(56,'','2023-07-27',0,'Positive',1),(57,'','2023-09-07',0,'Positive',1),(58,'','2023-01-09',0,'Positive',1),(59,'','2023-10-05',0,'Positive',2),(60,'','2023-03-04',0,'Positive',1),(61,'','2023-07-27',0,'Positive',1),(62,'','2023-04-28',0,'Positive',2),(63,'','2023-06-09',0,'Positive',1),(64,'','2023-12-08',0,'Positive',2),(65,'','2023-05-01',0,'Positive',2),(66,'','2023-06-15',0,'Positive',1),(67,'','2023-03-11',0,'Positive',3),(68,'','2023-02-03',0,'Negative',3),(69,'','2023-10-25',0,'Positive',1),(70,'','2023-02-02',0,'Positive',2),(71,'','2023-03-28',0,'Positive',1),(72,'','2023-06-10',0,'Positive',1),(73,'','2023-04-05',0,'Positive',3),(74,'','2023-04-25',0,'Positive',2),(75,'','2023-10-26',0,'Positive',1),(76,'','2023-05-14',0,'Positive',2),(77,'','2023-01-25',0,'Positive',3),(78,'','2023-04-14',0,'Positive',1),(79,'','2023-10-08',0,'Positive',2),(80,'','2023-06-18',0,'Positive',1),(81,'','2023-05-24',0,'Positive',1),(82,'','2023-07-24',0,'Positive',2),(83,'','2023-03-21',0,'Positive',3),(84,'','2023-09-08',0,'Positive',1),(85,'','2023-06-06',0,'Positive',3),(86,'','2023-03-22',0,'Positive',2),(87,'','2023-03-26',0,'Positive',1),(88,'','2023-01-18',0,'Positive',2),(89,'','2023-01-10',0,'Positive',1),(90,'','2023-08-22',0,'Positive',1),(91,'','2023-12-09',0,'Positive',1),(92,'','2023-10-10',0,'Positive',3),(93,'','2023-08-24',0,'Positive',1),(94,'','2023-04-05',0,'Positive',2),(95,'','2023-05-23',0,'Positive',1),(96,'','2023-09-13',0,'Positive',1),(97,'','2023-01-15',0,'Positive',1),(98,'','2023-04-24',0,'Positive',2),(99,'','2023-02-28',0,'Positive',1),(100,'','2023-12-05',0,'Positive',2),(101,'','2023-07-16',0,'Positive',2),(102,'','2023-09-20',0,'Positive',1),(103,'','2023-02-20',0,'Positive',1),(104,'','2023-12-11',0,'Positive',1),(105,'','2023-07-14',0,'Positive',1),(106,'','2023-04-26',0,'Positive',2),(107,'','2023-01-02',0,'Positive',2),(108,'','2023-09-11',0,'Positive',1),(109,'','2023-04-12',0,'Positive',3),(110,'','2023-06-20',0,'Positive',2),(111,'','2023-01-07',0,'Positive',1),(112,'','2023-08-22',0,'Positive',2),(113,'','2023-09-02',0,'Positive',1),(114,'','2023-06-19',0,'Positive',1),(115,'','2023-09-22',0,'Positive',1),(116,'','2023-08-01',0,'Positive',2),(117,'','2023-08-06',0,'Positive',1),(118,'','2023-01-03',0,'Positive',1),(119,'','2023-01-07',0,'Positive',1),(120,'','2023-06-08',0,'Positive',1),(121,'','2023-01-16',0,'Positive',2),(122,'','2023-02-03',0,'Positive',1),(123,'','2023-09-26',0,'Positive',1),(124,'','2023-05-22',0,'Positive',1),(125,'','2023-03-07',0,'Positive',3),(126,'','2023-04-19',0,'Positive',1),(127,'','2023-01-09',0,'Positive',3),(128,'','2023-12-27',0,'Positive',2),(129,'','2023-03-07',0,'Positive',1),(130,'','2023-06-27',0,'Positive',1),(131,'','2023-09-03',0,'Positive',3),(132,'','2023-06-05',0,'Positive',1),(133,'','2023-10-15',0,'Positive',1),(134,'','2023-10-13',0,'Positive',2),(135,'','2023-05-22',0,'Positive',1),(136,'','2023-04-12',0,'Positive',1),(137,'','2023-12-13',0,'Positive',2),(138,'','2023-07-10',0,'Positive',1),(139,'','2023-02-06',0,'Positive',3),(140,'','2023-01-15',0,'Positive',3),(141,'','2023-05-18',0,'Negative',1),(142,'','2023-07-10',0,'Positive',2),(143,'','2023-07-10',0,'Positive',3),(144,'','2023-09-02',0,'Positive',1),(145,'','2023-05-22',0,'Positive',2),(146,'','2023-01-11',0,'Positive',2),(147,'','2023-11-19',0,'Positive',1),(148,'','2023-03-25',0,'Positive',2),(149,'','2023-07-05',0,'Positive',3),(150,'','2023-10-08',0,'Positive',1),(151,'','2023-04-22',0,'Positive',3),(152,'','2023-08-14',0,'Positive',1),(153,'','2023-01-28',0,'Positive',1),(154,'','2023-03-15',0,'Positive',1),(155,'','2023-06-15',0,'Positive',3),(156,'','2023-06-04',0,'Positive',1),(157,'','2023-02-18',0,'Positive',1),(158,'','2023-12-07',0,'Positive',1),(159,'','2023-05-05',0,'Positive',1),(160,'','2023-12-19',0,'Positive',3),(161,'','2023-08-22',0,'Positive',1),(162,'','2023-12-23',0,'Positive',1),(163,'','2023-05-21',0,'Positive',1),(164,'','2023-10-06',0,'Positive',1),(165,'','2023-08-02',0,'Positive',1),(166,'','2023-10-17',0,'Positive',2),(167,'','2023-04-15',0,'Positive',2),(168,'','2023-02-25',0,'Positive',1),(169,'','2023-11-13',0,'Positive',2),(170,'','2023-01-27',0,'Positive',3),(171,'','2023-02-21',0,'Positive',1),(172,'','2023-01-19',0,'Positive',3),(173,'','2023-02-22',0,'Positive',2),(174,'','2023-05-15',0,'Positive',1),(175,'','2023-01-22',0,'Positive',3),(176,'','2023-07-26',0,'Positive',2),(177,'','2023-01-07',0,'Positive',1),(178,'','2023-04-15',0,'Positive',1),(179,'','2023-03-01',0,'Negative',1),(180,'','2023-04-03',0,'Positive',1),(181,'','2023-11-05',0,'Negative',3),(182,'','2023-08-04',0,'Positive',1),(183,'','2023-06-20',0,'Positive',1),(184,'','2023-09-08',0,'Positive',3),(185,'','2023-09-03',0,'Positive',1),(186,'','2023-09-05',0,'Positive',1),(187,'','2023-04-13',0,'Positive',2),(188,'','2023-08-02',0,'Positive',2),(189,'','2023-10-22',0,'Positive',1),(190,'','2023-05-16',0,'Positive',3),(191,'','2023-11-15',0,'Positive',2),(192,'','2023-05-28',0,'Positive',1),(193,'','2023-07-25',0,'Positive',2),(194,'','2023-01-20',0,'Positive',1),(195,'','2023-03-14',0,'Positive',1),(196,'','2023-05-06',0,'Positive',1),(197,'','2023-01-21',0,'Positive',3),(198,'','2023-07-10',0,'Negative',1),(199,'','2023-05-17',0,'Positive',3),(200,'','2023-10-01',0,'Positive',3),(201,'','2023-02-01',0,'Negative',1);
/*!40000 ALTER TABLE `sentimentmarks` ENABLE KEYS */;
UNLOCK TABLES;

--
-- Table structure for table `servicequality`
--

DROP TABLE IF EXISTS `servicequality`;
/*!40101 SET @saved_cs_client     = @@character_set_client */;
/*!50503 SET character_set_client = utf8mb4 */;
CREATE TABLE `servicequality` (
  `id` bigint NOT NULL AUTO_INCREMENT,
  `demographics_id` bigint DEFAULT NULL,
  `environment_id` bigint DEFAULT NULL,
  `organization_id` char(32) NOT NULL,
  `reservation_id` bigint DEFAULT NULL,
  `satisfaction_id` bigint DEFAULT NULL,
  `service_id` bigint DEFAULT NULL,
  `staff_id` bigint DEFAULT NULL,
  `sustainability_id` bigint DEFAULT NULL,
  `technology_id` bigint DEFAULT NULL,
  `allservicequality_id` bigint DEFAULT NULL,
  `updated_at` datetime(6) NOT NULL,
  `year` int unsigned NOT NULL,
  PRIMARY KEY (`id`),
  UNIQUE KEY `organization_id` (`organization_id`),
  KEY `servicequality_demographics_id_6e4526cf_fk_indicator_id` (`demographics_id`),
  KEY `servicequality_environment_id_04a6f1da_fk_indicator_id` (`environment_id`),
  KEY `servicequality_reservation_id_7fcac499_fk_indicator_id` (`reservation_id`),
  KEY `servicequality_satisfaction_id_2bd49958_fk_indicator_id` (`satisfaction_id`),
  KEY `servicequality_service_id_f46428f8_fk_indicator_id` (`service_id`),
  KEY `servicequality_staff_id_7a669114_fk_indicator_id` (`staff_id`),
  KEY `servicequality_sustainability_id_e80ceec6_fk_indicator_id` (`sustainability_id`),
  KEY `servicequality_technology_id_0443e266_fk_indicator_id` (`technology_id`),
  KEY `servicequality_allservicequality_id_6e704998_fk_allservic` (`allservicequality_id`),
  CONSTRAINT `servicequality_allservicequality_id_6e704998_fk_allservic` FOREIGN KEY (`allservicequality_id`) REFERENCES `allservicequality` (`id`),
  CONSTRAINT `servicequality_demographics_id_6e4526cf_fk_indicator_id` FOREIGN KEY (`demographics_id`) REFERENCES `indicator` (`id`),
  CONSTRAINT `servicequality_environment_id_04a6f1da_fk_indicator_id` FOREIGN KEY (`environment_id`) REFERENCES `indicator` (`id`),
  CONSTRAINT `servicequality_organization_id_3bbf980c_fk_organization_uuid` FOREIGN KEY (`organization_id`) REFERENCES `organization` (`uuid`),
  CONSTRAINT `servicequality_reservation_id_7fcac499_fk_indicator_id` FOREIGN KEY (`reservation_id`) REFERENCES `indicator` (`id`),
  CONSTRAINT `servicequality_satisfaction_id_2bd49958_fk_indicator_id` FOREIGN KEY (`satisfaction_id`) REFERENCES `indicator` (`id`),
  CONSTRAINT `servicequality_service_id_f46428f8_fk_indicator_id` FOREIGN KEY (`service_id`) REFERENCES `indicator` (`id`),
  CONSTRAINT `servicequality_staff_id_7a669114_fk_indicator_id` FOREIGN KEY (`staff_id`) REFERENCES `indicator` (`id`),
  CONSTRAINT `servicequality_sustainability_id_e80ceec6_fk_indicator_id` FOREIGN KEY (`sustainability_id`) REFERENCES `indicator` (`id`),
  CONSTRAINT `servicequality_technology_id_0443e266_fk_indicator_id` FOREIGN KEY (`technology_id`) REFERENCES `indicator` (`id`),
  CONSTRAINT `servicequality_chk_1` CHECK ((`year` >= 0))
) ENGINE=InnoDB AUTO_INCREMENT=4 DEFAULT CHARSET=utf8mb4 COLLATE=utf8mb4_0900_ai_ci;
/*!40101 SET character_set_client = @saved_cs_client */;

--
-- Dumping data for table `servicequality`
--

LOCK TABLES `servicequality` WRITE;
/*!40000 ALTER TABLE `servicequality` DISABLE KEYS */;
INSERT INTO `servicequality` VALUES (1,16,10,'2e7e024dcf83492ead8564eaea15e89e',11,15,9,13,14,12,1,'2014-02-10 00:00:00.000000',2024),(2,24,18,'ab5ac8a16c0146958ecd95fe84a69a80',19,23,17,21,22,20,1,'2014-02-10 00:00:00.000000',2024),(3,32,26,'f2c8002a43844061b8da43b5e5e3be37',27,31,25,29,30,28,1,'2014-02-10 00:00:00.000000',2024);
/*!40000 ALTER TABLE `servicequality` ENABLE KEYS */;
UNLOCK TABLES;

--
-- Table structure for table `survey`
--

DROP TABLE IF EXISTS `survey`;
/*!40101 SET @saved_cs_client     = @@character_set_client */;
/*!50503 SET character_set_client = utf8mb4 */;
CREATE TABLE `survey` (
  `id` bigint NOT NULL AUTO_INCREMENT,
  `title` longtext NOT NULL,
  `title_translations` json DEFAULT NULL,
  `introduction` longtext,
  `introduction_translations` json DEFAULT NULL,
  `created_at` datetime(6) NOT NULL,
  `access_url` varchar(200) NOT NULL,
  `open_at` datetime(6) DEFAULT NULL,
  `close_at` date DEFAULT NULL,
  `owner_id` bigint DEFAULT NULL,
  `questionnaire_id` bigint NOT NULL,
  PRIMARY KEY (`id`),
  UNIQUE KEY `questionnaire_id` (`questionnaire_id`),
  KEY `survey_owner_id_523fcb4e_fk_user_resettinguser_id` (`owner_id`),
  CONSTRAINT `survey_owner_id_523fcb4e_fk_user_resettinguser_id` FOREIGN KEY (`owner_id`) REFERENCES `user_resettinguser` (`id`),
  CONSTRAINT `survey_questionnaire_id_f33b9a70_fk_questionnaire_id` FOREIGN KEY (`questionnaire_id`) REFERENCES `questionnaire` (`id`)
) ENGINE=InnoDB AUTO_INCREMENT=2 DEFAULT CHARSET=utf8mb4 COLLATE=utf8mb4_0900_ai_ci;
/*!40101 SET character_set_client = @saved_cs_client */;

--
-- Dumping data for table `survey`
--

LOCK TABLES `survey` WRITE;
/*!40000 ALTER TABLE `survey` DISABLE KEYS */;
INSERT INTO `survey` VALUES (1,'Service Quality Survey',NULL,NULL,NULL,'2024-01-04 00:00:00.000000','',NULL,NULL,1,14);
/*!40000 ALTER TABLE `survey` ENABLE KEYS */;
UNLOCK TABLES;

--
-- Table structure for table `survey_organizations`
--

DROP TABLE IF EXISTS `survey_organizations`;
/*!40101 SET @saved_cs_client     = @@character_set_client */;
/*!50503 SET character_set_client = utf8mb4 */;
CREATE TABLE `survey_organizations` (
  `id` bigint NOT NULL AUTO_INCREMENT,
  `survey_id` bigint NOT NULL,
  `organization_id` char(32) NOT NULL,
  PRIMARY KEY (`id`),
  UNIQUE KEY `survey_organizations_survey_id_organization_id_f29fa940_uniq` (`survey_id`,`organization_id`),
  KEY `survey_organizations_organization_id_96094037_fk_organizat` (`organization_id`),
  CONSTRAINT `survey_organizations_organization_id_96094037_fk_organizat` FOREIGN KEY (`organization_id`) REFERENCES `organization` (`uuid`),
  CONSTRAINT `survey_organizations_survey_id_ee4739db_fk_survey_id` FOREIGN KEY (`survey_id`) REFERENCES `survey` (`id`)
) ENGINE=InnoDB AUTO_INCREMENT=4 DEFAULT CHARSET=utf8mb4 COLLATE=utf8mb4_0900_ai_ci;
/*!40101 SET character_set_client = @saved_cs_client */;

--
-- Dumping data for table `survey_organizations`
--

LOCK TABLES `survey_organizations` WRITE;
/*!40000 ALTER TABLE `survey_organizations` DISABLE KEYS */;
INSERT INTO `survey_organizations` VALUES (1,1,'2e7e024dcf83492ead8564eaea15e89e'),(2,1,'ab5ac8a16c0146958ecd95fe84a69a80'),(3,1,'f2c8002a43844061b8da43b5e5e3be37');
/*!40000 ALTER TABLE `survey_organizations` ENABLE KEYS */;
UNLOCK TABLES;

--
-- Table structure for table `sustainability`
--

DROP TABLE IF EXISTS `sustainability`;
/*!40101 SET @saved_cs_client     = @@character_set_client */;
/*!50503 SET character_set_client = utf8mb4 */;
CREATE TABLE `sustainability` (
  `id` bigint NOT NULL AUTO_INCREMENT,
  `demographics_id` bigint DEFAULT NULL,
  `economic_id` bigint DEFAULT NULL,
  `environment_id` bigint DEFAULT NULL,
  `organization_id` char(32) NOT NULL,
  `social_id` bigint DEFAULT NULL,
  `allsustainability_id` bigint DEFAULT NULL,
  `updated_at` datetime(6) NOT NULL,
  `year` int unsigned NOT NULL,
  PRIMARY KEY (`id`),
  UNIQUE KEY `organization_id` (`organization_id`),
  KEY `sustainability_demographics_id_a59691a1_fk_indicator_id` (`demographics_id`),
  KEY `sustainability_economic_id_4590b6f7_fk_indicator_id` (`economic_id`),
  KEY `sustainability_environment_id_b04bef26_fk_indicator_id` (`environment_id`),
  KEY `sustainability_social_id_95e497a8_fk_indicator_id` (`social_id`),
  KEY `sustainability_allsustainability_id_50059916_fk_allsustai` (`allsustainability_id`),
  CONSTRAINT `sustainability_allsustainability_id_50059916_fk_allsustai` FOREIGN KEY (`allsustainability_id`) REFERENCES `allsustainability` (`id`),
  CONSTRAINT `sustainability_demographics_id_a59691a1_fk_indicator_id` FOREIGN KEY (`demographics_id`) REFERENCES `indicator` (`id`),
  CONSTRAINT `sustainability_economic_id_4590b6f7_fk_indicator_id` FOREIGN KEY (`economic_id`) REFERENCES `indicator` (`id`),
  CONSTRAINT `sustainability_environment_id_b04bef26_fk_indicator_id` FOREIGN KEY (`environment_id`) REFERENCES `indicator` (`id`),
  CONSTRAINT `sustainability_organization_id_99ee6bd0_fk_organization_uuid` FOREIGN KEY (`organization_id`) REFERENCES `organization` (`uuid`),
  CONSTRAINT `sustainability_social_id_95e497a8_fk_indicator_id` FOREIGN KEY (`social_id`) REFERENCES `indicator` (`id`),
  CONSTRAINT `sustainability_chk_1` CHECK ((`year` >= 0))
) ENGINE=InnoDB DEFAULT CHARSET=utf8mb4 COLLATE=utf8mb4_0900_ai_ci;
/*!40101 SET character_set_client = @saved_cs_client */;

--
-- Dumping data for table `sustainability`
--

LOCK TABLES `sustainability` WRITE;
/*!40000 ALTER TABLE `sustainability` DISABLE KEYS */;
/*!40000 ALTER TABLE `sustainability` ENABLE KEYS */;
UNLOCK TABLES;

--
-- Table structure for table `user_resettinguser`
--

DROP TABLE IF EXISTS `user_resettinguser`;
/*!40101 SET @saved_cs_client     = @@character_set_client */;
/*!50503 SET character_set_client = utf8mb4 */;
CREATE TABLE `user_resettinguser` (
  `id` bigint NOT NULL AUTO_INCREMENT,
  `password` varchar(128) NOT NULL,
  `last_login` datetime(6) DEFAULT NULL,
  `username` varchar(150) NOT NULL,
  `email` varchar(255) NOT NULL,
  `first_name` varchar(50) NOT NULL,
  `last_name` varchar(50) NOT NULL,
  `is_active` tinyint(1) NOT NULL,
  `is_manager` tinyint(1) NOT NULL,
  `is_superuser` tinyint(1) NOT NULL,
  `email_verified_at` datetime(6) DEFAULT NULL,
  `remember_token` varchar(50) DEFAULT NULL,
  `updated_at` datetime(6) DEFAULT NULL,
  `date_joined` date DEFAULT NULL,
  `is_staff` tinyint(1) NOT NULL,
  PRIMARY KEY (`id`),
  UNIQUE KEY `username` (`username`),
  UNIQUE KEY `email` (`email`)
) ENGINE=InnoDB AUTO_INCREMENT=10 DEFAULT CHARSET=utf8mb4 COLLATE=utf8mb4_0900_ai_ci;
/*!40101 SET character_set_client = @saved_cs_client */;

--
-- Dumping data for table `user_resettinguser`
--

LOCK TABLES `user_resettinguser` WRITE;
/*!40000 ALTER TABLE `user_resettinguser` DISABLE KEYS */;
INSERT INTO `user_resettinguser` VALUES (1,'pbkdf2_sha256$720000$QHmKyHVGjmsmr7OQ6ltqZ3$iQvDNl3lTVlSS+JEhsf7L1cRSXYN4q4vcMFrA8O3S1Q=','2024-04-19 13:14:47.195943','','amlss1@iscte-iul.pt','Adriano','Lopes',1,1,1,NULL,NULL,NULL,NULL,1),(9,'pbkdf2_sha256$720000$3EHnYYJiWkpiB7qB98ezmD$WeuNC9OGtoyzBjQLk+dPM91E/antek62zCGVb1hzRTw=',NULL,'resetlytics@gmail.com','resetlytics@gmail.com','resetlytics','resetting',1,0,0,NULL,NULL,NULL,NULL,0);
/*!40000 ALTER TABLE `user_resettinguser` ENABLE KEYS */;
UNLOCK TABLES;

--
-- Table structure for table `user_resettinguser_groups`
--

DROP TABLE IF EXISTS `user_resettinguser_groups`;
/*!40101 SET @saved_cs_client     = @@character_set_client */;
/*!50503 SET character_set_client = utf8mb4 */;
CREATE TABLE `user_resettinguser_groups` (
  `id` bigint NOT NULL AUTO_INCREMENT,
  `resettinguser_id` bigint NOT NULL,
  `group_id` int NOT NULL,
  PRIMARY KEY (`id`),
  UNIQUE KEY `user_resettinguser_group_resettinguser_id_group_i_acbf443d_uniq` (`resettinguser_id`,`group_id`),
  KEY `user_resettinguser_groups_group_id_6201ce7c_fk_auth_group_id` (`group_id`),
  CONSTRAINT `user_resettinguser_g_resettinguser_id_d7aeaa8a_fk_user_rese` FOREIGN KEY (`resettinguser_id`) REFERENCES `user_resettinguser` (`id`),
  CONSTRAINT `user_resettinguser_groups_group_id_6201ce7c_fk_auth_group_id` FOREIGN KEY (`group_id`) REFERENCES `auth_group` (`id`)
) ENGINE=InnoDB DEFAULT CHARSET=utf8mb4 COLLATE=utf8mb4_0900_ai_ci;
/*!40101 SET character_set_client = @saved_cs_client */;

--
-- Dumping data for table `user_resettinguser_groups`
--

LOCK TABLES `user_resettinguser_groups` WRITE;
/*!40000 ALTER TABLE `user_resettinguser_groups` DISABLE KEYS */;
/*!40000 ALTER TABLE `user_resettinguser_groups` ENABLE KEYS */;
UNLOCK TABLES;

--
-- Table structure for table `user_resettinguser_user_permissions`
--

DROP TABLE IF EXISTS `user_resettinguser_user_permissions`;
/*!40101 SET @saved_cs_client     = @@character_set_client */;
/*!50503 SET character_set_client = utf8mb4 */;
CREATE TABLE `user_resettinguser_user_permissions` (
  `id` bigint NOT NULL AUTO_INCREMENT,
  `resettinguser_id` bigint NOT NULL,
  `permission_id` int NOT NULL,
  PRIMARY KEY (`id`),
  UNIQUE KEY `user_resettinguser_user__resettinguser_id_permiss_428dd8d2_uniq` (`resettinguser_id`,`permission_id`),
  KEY `user_resettinguser_u_permission_id_9fcc8518_fk_auth_perm` (`permission_id`),
  CONSTRAINT `user_resettinguser_u_permission_id_9fcc8518_fk_auth_perm` FOREIGN KEY (`permission_id`) REFERENCES `auth_permission` (`id`),
  CONSTRAINT `user_resettinguser_u_resettinguser_id_01a3dc72_fk_user_rese` FOREIGN KEY (`resettinguser_id`) REFERENCES `user_resettinguser` (`id`)
) ENGINE=InnoDB DEFAULT CHARSET=utf8mb4 COLLATE=utf8mb4_0900_ai_ci;
/*!40101 SET character_set_client = @saved_cs_client */;

--
-- Dumping data for table `user_resettinguser_user_permissions`
--

LOCK TABLES `user_resettinguser_user_permissions` WRITE;
/*!40000 ALTER TABLE `user_resettinguser_user_permissions` DISABLE KEYS */;
/*!40000 ALTER TABLE `user_resettinguser_user_permissions` ENABLE KEYS */;
UNLOCK TABLES;

--
-- Table structure for table `wordcloud`
--

DROP TABLE IF EXISTS `wordcloud`;
/*!40101 SET @saved_cs_client     = @@character_set_client */;
/*!50503 SET character_set_client = utf8mb4 */;
CREATE TABLE `wordcloud` (
  `id` bigint NOT NULL AUTO_INCREMENT,
  `words` varchar(50) NOT NULL,
  `count_words` int NOT NULL,
  `from_date` date NOT NULL,
  `till_date` date NOT NULL,
  `sentiment_id` bigint NOT NULL,
  `tendency` varchar(50) NOT NULL,
  PRIMARY KEY (`id`),
  KEY `wordcloud_sentiment_id_6b8f4f91_fk_sentiment_id` (`sentiment_id`),
  CONSTRAINT `wordcloud_sentiment_id_6b8f4f91_fk_sentiment_id` FOREIGN KEY (`sentiment_id`) REFERENCES `sentiment` (`id`)
) ENGINE=InnoDB AUTO_INCREMENT=55 DEFAULT CHARSET=utf8mb4 COLLATE=utf8mb4_0900_ai_ci;
/*!40101 SET character_set_client = @saved_cs_client */;

--
-- Dumping data for table `wordcloud`
--

LOCK TABLES `wordcloud` WRITE;
/*!40000 ALTER TABLE `wordcloud` DISABLE KEYS */;
INSERT INTO `wordcloud` VALUES (1,'hotel',117,'2023-01-03','2023-12-23',1,'Positive'),(2,'room',116,'2023-01-03','2023-12-23',1,'Positive'),(3,'place',99,'2023-01-03','2023-12-23',1,'Positive'),(4,'good',85,'2023-01-03','2023-12-23',1,'Positive'),(5,'nice',78,'2023-01-03','2023-12-23',1,'Positive'),(6,'staff',76,'2023-01-03','2023-12-23',1,'Positive'),(7,'great',76,'2023-01-03','2023-12-23',1,'Positive'),(8,'stay',74,'2023-01-03','2023-12-23',1,'Positive'),(9,'breakfast',64,'2023-01-03','2023-12-23',1,'Positive'),(10,'pool',61,'2023-01-03','2023-12-23',1,'Positive'),(11,'hotel',117,'2023-01-03','2023-12-23',2,'Positive'),(12,'room',116,'2023-01-03','2023-12-23',2,'Positive'),(13,'place',99,'2023-01-03','2023-12-23',2,'Positive'),(14,'good',85,'2023-01-03','2023-12-23',2,'Positive'),(15,'nice',78,'2023-01-03','2023-12-23',2,'Positive'),(16,'staff',76,'2023-01-03','2023-12-23',2,'Positive'),(17,'great',76,'2023-01-03','2023-12-23',2,'Positive'),(18,'stay',74,'2023-01-03','2023-12-23',2,'Positive'),(19,'breakfast',64,'2023-01-03','2023-12-23',2,'Positive'),(20,'pool',61,'2023-01-03','2023-12-23',2,'Positive'),(21,'hotel',117,'2023-01-03','2023-12-23',3,'Positive'),(22,'room',116,'2023-01-03','2023-12-23',3,'Positive'),(23,'place',99,'2023-01-03','2023-12-23',3,'Positive'),(24,'good',85,'2023-01-03','2023-12-23',3,'Positive'),(25,'nice',78,'2023-01-03','2023-12-23',3,'Positive'),(26,'staff',76,'2023-01-03','2023-12-23',3,'Positive'),(27,'great',76,'2023-01-03','2023-12-23',3,'Positive'),(28,'stay',74,'2023-01-03','2023-12-23',3,'Positive'),(29,'breakfast',64,'2023-01-03','2023-12-23',3,'Positive'),(30,'pool',61,'2023-01-03','2023-12-23',3,'Positive'),(31,'room',18,'2023-01-03','2023-12-23',1,'Negative'),(32,'small',6,'2023-01-03','2023-12-23',1,'Negative'),(33,'one',5,'2023-01-03','2023-12-23',1,'Negative'),(34,'pool',5,'2023-01-03','2023-12-23',1,'Negative'),(35,'way',5,'2023-01-03','2023-12-23',1,'Negative'),(36,'place',5,'2023-01-03','2023-12-23',1,'Negative'),(37,'food',5,'2023-01-03','2023-12-23',1,'Negative'),(38,'hotel',4,'2023-01-03','2023-12-23',1,'Negative'),(39,'room',18,'2023-01-03','2023-12-23',2,'Negative'),(40,'small',6,'2023-01-03','2023-12-23',2,'Negative'),(41,'one',5,'2023-01-03','2023-12-23',2,'Negative'),(42,'pool',5,'2023-01-03','2023-12-23',2,'Negative'),(43,'way',5,'2023-01-03','2023-12-23',2,'Negative'),(44,'place',5,'2023-01-03','2023-12-23',2,'Negative'),(45,'food',5,'2023-01-03','2023-12-23',2,'Negative'),(46,'hotel',4,'2023-01-03','2023-12-23',2,'Negative'),(47,'room',18,'2023-01-03','2023-12-23',3,'Negative'),(48,'small',6,'2023-01-03','2023-12-23',3,'Negative'),(49,'one',5,'2023-01-03','2023-12-23',3,'Negative'),(50,'pool',5,'2023-01-03','2023-12-23',3,'Negative'),(51,'way',5,'2023-01-03','2023-12-23',3,'Negative'),(52,'place',5,'2023-01-03','2023-12-23',3,'Negative'),(53,'food',5,'2023-01-03','2023-12-23',3,'Negative'),(54,'hotel',4,'2023-01-03','2023-12-23',3,'Negative');
/*!40000 ALTER TABLE `wordcloud` ENABLE KEYS */;
UNLOCK TABLES;
/*!40103 SET TIME_ZONE=@OLD_TIME_ZONE */;

/*!40101 SET SQL_MODE=@OLD_SQL_MODE */;
/*!40014 SET FOREIGN_KEY_CHECKS=@OLD_FOREIGN_KEY_CHECKS */;
/*!40014 SET UNIQUE_CHECKS=@OLD_UNIQUE_CHECKS */;
/*!40101 SET CHARACTER_SET_CLIENT=@OLD_CHARACTER_SET_CLIENT */;
/*!40101 SET CHARACTER_SET_RESULTS=@OLD_CHARACTER_SET_RESULTS */;
/*!40101 SET COLLATION_CONNECTION=@OLD_COLLATION_CONNECTION */;
/*!40111 SET SQL_NOTES=@OLD_SQL_NOTES */;

-- Dump completed on 2024-04-21 15:10:08
